394996,IC50,7.58,26.0,CCC[C@H](NC(=O)[C@@H]1[C@H]2CCC[C@H]2CN1C(=O)[C@@H](NC(=O)[C@@H](NC(=O)c1cnccn1)C1CCCCC1)C(C)(C)C)C(=O)C(=O)NC1CC1,BBAWEDCPNXPBQM-GDEBMMAJSA-N,CHEMBL231813,10074,Chymase 
216647,IC50,6.80,159.0,Cc1c(S(=O)(=O)Nc2ccc(C(=O)NC(CO)C(=O)O)cc2S(C)(=O)=O)sc2ccc(F)cc12,PYEWIIFSMDMABL-UHFFFAOYSA-N,CHEMBL131605,10074,Chymase 
1984247,IC50,6.80,160.0,COc1ccc(Cl)cc1/C=C1\CNC(=O)CN(S(=O)(=O)c2cc(F)c(Cl)cc2OC)C1=O,NAJMVTNTXLQRLT-LFYBBSHMSA-N,CHEMBL3651438,10074,Chymase 
1990072,IC50,7.22,60.0,CC[C@@H](NC(=O)N1Cc2nnc(O)n2CC(Cc2cc(Cl)ccc2OC)C1=O)c1ccc(C(=O)O)c(N)c1,VBVDJCSKERVLGI-XCWJXAQQSA-N,CHEMBL3657205,10074,Chymase 
108362,IC50,7.22,60.0,Cc1ccc(N2CC(=O)N(S(=O)(=O)c3ccc(C)c(C)c3)C2=O)cc1C,RHYKGYBIOCNWTQ-UHFFFAOYSA-N,CHEMBL69714,10074,Chymase 
126663,IC50,7.72,19.0,COc1ccccc1C(=O)N[C@]1(OC)C(=O)N2C(C(=O)OCc3ccc(C(=O)O)cc3)=C(CSc3nnnn3C)CO[C@@H]21,AMJSCFXFUOZPAR-VPUSJEBWSA-N,CHEMBL80234,10074,Chymase 
410463,IC50,7.08,83.0,CCOc1ccc(Cl)cc1CC1CNC(=O)CN(S(=O)(=O)c2ccc(Cl)cc2)C1=O,HFXKQPFMHYFUNF-UHFFFAOYSA-N,CHEMBL246762,10074,Chymase 
410485,IC50,7.57,27.0,COc1ccc(Cl)cc1C[C@H]1CNC(=O)CN(S(=O)(=O)c2ccc(Cl)cc2)C1=O,SOSJFTNPSZEBHV-ZDUSSCGKSA-N,CHEMBL247185,10074,Chymase 
1972793,IC50,8.15,7.0,CC[C@@H](C(=O)O)n1c(=O)c2cnccc2n(Cc2nsc3cc(C)cc(C)c23)c1=O,QSFPGQUBXBUGBQ-HNNXBMFYSA-N,CHEMBL3640099,10074,Chymase 
371223,IC50,7.05,90.0,Cn1cc(C(C(=O)Nc2ccc3ccccc3c2)P(=O)(O)O)c2ccccc21,SZKMOUMPHADFFC-UHFFFAOYSA-N,CHEMBL373439,10074,Chymase 
1972809,IC50,8.59,2.6,CC[C@H](C(=O)O)n1c(=O)c2cnccc2n(Cc2nsc3cc(C)cc(C)c23)c1=O,QSFPGQUBXBUGBQ-OAHLLOKOSA-N,CHEMBL3640114,10074,Chymase 
108216,IC50,7.54,29.0,COC(=O)c1ccc(S(=O)(=O)N2C(=O)CN(c3ccccc3)C2=O)cc1,BWTNDBKCQZCMSA-UHFFFAOYSA-N,CHEMBL69677,10074,Chymase 
108579,IC50,6.07,860.0,O=C(O)c1cccc(S(=O)(=O)N2C(=O)CN(c3ccccc3)C2=O)c1,AEVPIESDIOSSSM-UHFFFAOYSA-N,CHEMBL66504,10074,Chymase 
108232,IC50,7.40,40.0,N#Cc1ccc(S(=O)(=O)N2C(=O)CN(c3ccccc3)C2=O)cc1,YDCSNPSSWBJJIR-UHFFFAOYSA-N,CHEMBL68946,10074,Chymase 
69353,IC50,8.70,2.0,COc1ccc(CN2C(=O)N(Cc3ccc(OC)cc3)C2=O)cc1,OWMIVGDBIVZZJL-UHFFFAOYSA-N,CHEMBL48083,10074,Chymase 
410591,IC50,6.39,410.0,CCC(NC(=O)N1CC(=O)NCC(Cc2cc(Cl)ccc2OC)C1=O)c1ccc(O)c(C(=O)O)c1,CYUDVVQWJVHMGL-UHFFFAOYSA-N,CHEMBL396333,10074,Chymase 
1990066,IC50,7.40,40.0,COc1ccc(Cl)cc1CC1CN/C(=N\Oc2cc(F)cc(F)c2)CN(C(=O)NCc2ccc(C(=O)O)c(N)c2)C1=O,HKBSZXIBATXCQO-UHFFFAOYSA-N,CHEMBL3657199,10074,Chymase 
2294796,IC50,6.24,570.0,CC[C@@H](NC(=O)N1CC(=O)NC[C@@H](Cc2cc(Cl)ccc2OC)C1=O)c1ccc(C(=O)O)cc1,FRLHVSYQUWWEIJ-IEBWSBKVSA-N,CHEMBL4216645,10074,Chymase 
371136,IC50,7.18,66.0,O=C(N/C=C/c1ccc(F)cc1)C(c1csc2ccc(Cl)cc12)P(=O)(O)O,WYJAXLRHJUBHGU-BQYQJAHWSA-N,CHEMBL222952,10074,Chymase 
1972794,IC50,8.59,2.6,CCCC[C@H](C(=O)O)n1c(=O)c2cnccc2n(Cc2nsc3cc(C)cc(C)c23)c1=O,PQTKWSBVWLMSOF-GOSISDBHSA-N,CHEMBL3640100,10074,Chymase 
1984249,IC50,6.58,260.0,COc1ccc(Cl)cc1C[C@H]1CNC(=O)[C@@H](C)N(S(=O)(=O)c2ccc(Cl)cc2)C1=O,CCOWSWITRLWGCS-OCCSQVGLSA-N,CHEMBL3651440,10074,Chymase 
1165330,IC50,6.88,180.0,Cc1cccc2scc(Cn3c(=O)n(CCCC(=O)O)c4ccccc43)c12,WYBNXPWKJQJMLG-UHFFFAOYSA-N,CHEMBL1807643,10074,Chymase 
371232,IC50,7.89,13.0,Cn1cc(C(C(=O)Nc2ccc3ccccc3c2)P(=O)(O)O)c2cc(Cl)ccc21,NADOKDDYJDHJLL-UHFFFAOYSA-N,CHEMBL223530,10074,Chymase 
95877,IC50,6.52,300.0,Cc1ccc(CCC(=O)N[C@@H](Cc2ccccc2)C(=O)CCl)cc1,QKRIDFDTGDPMGX-SFHVURJKSA-N,CHEMBL60715,10074,Chymase 
2289090,IC50,7.30,50.0,CC[C@@H](NC(=O)N1C/C(=N/Oc2ccccc2)NC[C@@H](Cc2cc(Cl)ccc2OC)C1=O)c1ccc(C(=O)O)cc1,WBNMRXAYQLSGAX-RCZVLFRGSA-N,CHEMBL4210939,10074,Chymase 
1567506,IC50,6.14,730.0,CC[C@@H](NC(=O)N1CC(=O)NCC(Cc2cc(Cl)ccc2OC)C1=O)C(=O)Nc1ccc(N)c(C(=O)O)c1,KNXNYGUVCXLQFD-JANGERMGSA-N,CHEMBL2396999,10074,Chymase 
124999,IC50,6.80,50.0,CO[C@@]1(NC(=O)Cc2ccc(O)cc2)C(=O)N2C(C(=O)OCc3cccc(C)c3)=C(CSc3nnnn3C)CO[C@@H]21,GQEMMHIPZFYRTP-VPUSJEBWSA-N,CHEMBL76624,10074,Chymase 
107549,IC50,6.77,170.0,O=C1CN(c2ccc(Cl)c(Cl)c2)C(=O)N1S(=O)(=O)c1ccc(Cl)c(Cl)c1,XWBWCPIKBAPOPH-UHFFFAOYSA-N,CHEMBL439755,10074,Chymase 
1567509,IC50,6.07,850.0,CC[C@@H](NC(=O)N1CC(=O)NCC(Cc2cc(Cl)ccc2OC)C1=O)C(=O)Nc1c[nH]c(C(=O)O)c1,DNOAAFZMMNSLBU-FQNRMIAFSA-N,CHEMBL2397002,10074,Chymase 
1972803,IC50,7.70,20.0,CC[C@H](CC(=O)O)n1c(=O)c2ccncc2n(Cc2nsc3cc(C)cc(C)c23)c1=O,XWMWMZSXZMVLOD-CQSZACIVSA-N,CHEMBL3640108,10074,Chymase 
1986351,IC50,7.70,20.0,COc1ccc(Cl)cc1CC1CN/C(=N\Oc2cc(F)cc(F)c2)CN(C(=O)N[C@H](C)c2ccc(C(=O)O)cc2)C1=O,ZWJFXNRTVBIRSK-QRIPLOBPSA-N,CHEMBL3653521,10074,Chymase 
1990075,IC50,7.40,40.0,CCC[C@@H](NC(=O)N1C/C(=N/OCC)NCC(Cc2cc(Cl)ccc2F)C1=O)c1ccc(C(=O)O)c(N)c1,FSPYZEQTABRBRD-IVAFLUGOSA-N,CHEMBL3657208,10074,Chymase 
1986349,IC50,7.40,40.0,CCC[C@@H](NC(=O)N1C/C(=N/N(C)C)NCC(Cc2cc(Cl)ccc2OC)C1=O)c1ccc(C(=O)O)c(N)c1,NPZDHLGHZLJYNN-LMNIDFBRSA-N,CHEMBL3653519,10074,Chymase 
371265,IC50,6.80,160.0,CCP(=O)(O)C(C(=O)Nc1ccc2ccccc2c1)c1csc2ccc(Cl)cc12,JPMMULCSPWAVKM-UHFFFAOYSA-N,CHEMBL374944,10074,Chymase 
127246,IC50,7.58,26.0,CCC(C)Oc1ccccc1C(=O)N[C@]1(OC)C(=O)N2C(C(=O)OCc3ccc(C(=O)O)cc3)=C(CSc3nnnn3C)CO[C@@H]21,LAUXLSDKSVJYHF-QNBVWDSKSA-N,CHEMBL80420,10074,Chymase 
410592,IC50,6.20,630.0,CCC(NC(=O)N1CC(=O)NCC(Cc2cc(Cl)ccc2OC)C1=O)c1ccc(N)c(C(=O)O)c1,OYVJDRQTBBCOBT-UHFFFAOYSA-N,CHEMBL245360,10074,Chymase 
1054592,IC50,8.51,3.1,CCOc1ccccc1C[C@@H]1C(=O)N(C(=O)NC(c2ccccc2)c2ccccc2)[C@@H]1Oc1ccc(C(=O)O)cc1,JMLCERQHDFMHKR-DLFZDVPBSA-N,CHEMBL1631756,10074,Chymase 
371233,IC50,6.92,120.0,O=C(Nc1ccc2ccccc2c1)C(c1csc2ccccc12)P(=O)(O)O,LPHBVSCWPNQEHS-UHFFFAOYSA-N,CHEMBL223582,10074,Chymase 
1560893,IC50,6.62,240.0,CCCC(CC(=O)O)n1c(=O)n(Cc2cc(Cl)cc3c2CC(=O)N3)c2ccccc21,RVEBHMQQWJLMKI-UHFFFAOYSA-N,CHEMBL2381484,10074,Chymase 
1165217,IC50,6.77,170.0,Cc1cccc2c1c(Cn1c(=O)n(CCC(=O)O)c3ccccc31)cn2C,GWKLGCTZOZIBKD-UHFFFAOYSA-N,CHEMBL1807531,10074,Chymase 
125073,IC50,8.22,6.0,COc1ccccc1C(=O)N[C@]1(OC)C(=O)N2C(C(=O)OCc3cccc(C)c3)=C(CSc3nncn3CC(=O)O)CO[C@@H]21,PDFLMEOJDBZIJL-PXJZQJOASA-N,CHEMBL76522,10074,Chymase 
220885,IC50,7.24,58.0,CCCC(NC(=O)c1ccccc1)C(C)(C)C(=O)OC(=O)C(C)(C)C(CCC)NC(=O)c1ccccc1,HPGZOBMWVCIJEN-UHFFFAOYSA-N,CHEMBL131704,10074,Chymase 
1990064,IC50,7.70,20.0,CC[C@@H](NC(=O)N1C/C(=N/Oc2cc(F)cc(F)c2)NCC(Cc2cc(Cl)ccc2OC)C1=O)c1ccc(C(=O)O)c(O)c1,XOLVVPJVGKWJAQ-VCUSLETLSA-N,CHEMBL3657197,10074,Chymase 
1986353,IC50,8.40,4.0,COc1ccc(Cl)cc1CC1CN/C(=N\Oc2cc(F)cc(F)c2)CN(C(=O)N[C@H](C)c2ccc(C(=O)O)c(N)c2)C1=O,KUYKMZIMKKACNH-NNJIEVJOSA-N,CHEMBL3653523,10074,Chymase 
1986344,IC50,7.70,20.0,CCC[C@@H](NC(=O)N1C/C(=N/OCC)NCC(Cc2cc(Cl)ccc2OC)C1=O)c1ccc(C(=O)O)c(N)c1,NLPPDIKILHVDEQ-LMNIDFBRSA-N,CHEMBL3653514,10074,Chymase 
2025015,IC50,6.82,150.0,O=C(O)Cn1nc(Cc2cccc3ccccc23)c2ccccc2c1=O,VYEOVMUBOFHZPC-UHFFFAOYSA-N,CHEMBL3691798,10074,Chymase 
1972811,IC50,9.40,0.4,CC[C@H](CC(=O)O)n1c(=O)c2ncccc2n(Cc2cn(C)c3cc(C)cc(C)c23)c1=O,PCJVXTDIDUMIRR-QGZVFWFLSA-N,CHEMBL3640116,10074,Chymase 
1986354,IC50,8.00,10.0,COc1ccc(Cl)cc1CC1CN/C(=N\Oc2ccccn2)CN(C(=O)N[C@H](C)c2ccc(C(=O)O)c(N)c2)C1=O,SHYAXKCMEVSANP-VTBWFHPJSA-N,CHEMBL3653524,10074,Chymase 
371222,IC50,6.04,920.0,O=C(Nc1ccc2ccccc2c1)C(c1c[nH]c2ccccc12)P(=O)(O)O,BTRJCBFYYHFVKD-UHFFFAOYSA-N,CHEMBL222314,10074,Chymase 
1165212,IC50,7.16,70.0,Cc1cccc2scc(Cn3c(=O)n(CCC(=O)O)c4ccccc43)c12,XAIBYEBSDCVCAA-UHFFFAOYSA-N,CHEMBL1807526,10074,Chymase 
220978,IC50,8.25,5.6,CCCC(=O)NC(CCc1ccccc1)C(C)(C)C(=O)OC(=O)C(C)(C)C(CCc1ccccc1)NC(=O)CCC,DGAACZPYHKOXDE-UHFFFAOYSA-N,CHEMBL436591,10074,Chymase 
2025022,IC50,7.03,93.0,CCCC(C(=O)O)n1nc(Cc2cn(C)c3ccccc23)c2ccccc2c1=O,ALXLWMJOACABSO-UHFFFAOYSA-N,CHEMBL3691805,10074,Chymase 
1972790,IC50,7.96,11.0,CCCCC(Cn1c(=O)c2cnccc2n(Cc2cn(C)c3cccc(C)c23)c1=O)C(=O)O,SWXBRSFBXDLOHD-UHFFFAOYSA-N,CHEMBL3640096,10074,Chymase 
126532,IC50,6.26,550.0,COc1ccccc1C(=O)N[C@]1(OC)C(=O)N2C(C(=O)OC(c3ccccc3)c3ccccc3)=C(CSc3nnnn3C)CO[C@@H]21,KDKQAXWXGRXWQJ-BHYZAODMSA-N,CHEMBL309201,10074,Chymase 
96054,IC50,6.40,400.0,O=C(N[C@@H](Cc1ccccc1)C(=O)CCl)OCc1ccccc1,OYHLRJGDELITAF-INIZCTEOSA-N,CHEMBL303579,10074,Chymase 
1984252,IC50,7.72,19.0,COC(=O)C[C@@H]1C(=O)NC[C@H](Cc2cc(F)ccc2OC)C(=O)N1S(=O)(=O)c1ccc(Cl)cc1,LDQJSOCFPMFSIX-KBXCAEBGSA-N,CHEMBL3651443,10074,Chymase 
1990065,IC50,7.52,30.0,CC[C@@H](NC(=O)N1C/C(=N/Oc2ccccc2)NCC(Cc2cc(Cl)ccc2OC)C1=O)c1cncc(C(=O)O)c1,MKXHMSSNRUXAEY-PIFIWZBESA-N,CHEMBL3657198,10074,Chymase 
127108,IC50,6.85,140.0,CO[C@@]1(NC(=O)Cc2ccc(O)cc2)C(=O)N2C(C(=O)OCc3ccccc3)=C(CSc3nnnn3C)CO[C@@H]21,QGHIVQCBHGZYHH-RSXGOPAZSA-N,CHEMBL312002,10074,Chymase 
217301,IC50,6.72,192.0,COCc1ccc(NS(=O)(=O)c2sc3ccc(F)cc3c2C)c(S(C)(=O)=O)c1,RDROHJIRLHRNAR-UHFFFAOYSA-N,CHEMBL132617,10074,Chymase 
1972805,IC50,8.85,1.4,CC[C@H](CC(=O)O)n1c(=O)c2ncccc2n(Cc2cn(C)c3cccc(C)c23)c1=O,OWSWQJZAAMXRDV-MRXNPFEDSA-N,CHEMBL3640110,10074,Chymase 
1972800,IC50,8.60,2.5,CC[C@H](CC(=O)O)n1c(=O)c2cnccc2n(Cc2cn(C)c3cccc(C)c23)c1=O,PZIGKIJXPBSOPC-MRXNPFEDSA-N,CHEMBL3639389,10074,Chymase 
1972802,IC50,8.52,3.0,CC[C@@H](CC(=O)O)n1c(=O)c2ncccc2n(Cc2cn(C)c3cccc(C)c23)c1=O,OWSWQJZAAMXRDV-INIZCTEOSA-N,CHEMBL3640107,10074,Chymase 
1986345,IC50,7.52,30.0,CCC[C@@H](NC(=O)N1C/C(=N/O)NCC(Cc2cc(Cl)ccc2OC)C1=O)c1ccc(C(=O)O)c(N)c1,PZJBNHPVSFFXDY-OTOKDRCRSA-N,CHEMBL3653515,10074,Chymase 
217007,IC50,6.06,880.0,COC(=O)c1ccc(NS(=O)(=O)c2sc3ccc(Cl)cc3c2C)c([N+](=O)[O-])c1,UWQKSXFJZSTDPS-UHFFFAOYSA-N,CHEMBL335761,10074,Chymase 
1972789,IC50,8.51,3.1,Cc1cccc2c1c(Cn1c(=O)n([C@H](C(=O)O)c3ccccc3)c(=O)c3cnccc31)cn2C,JQHSCWPCALVZTL-QHCPKHFHSA-N,CHEMBL3640095,10074,Chymase 
371206,IC50,8.35,4.5,CN(C(=O)c1cc2ccccc2cc1C(=O)C(c1cccc2ccccc12)P(=O)(O)O)C1CCN(C(=O)c2ccc3ccccc3c2)CC1,XUJQPDQURBZEGJ-UHFFFAOYSA-N,CHEMBL374027,10074,Chymase 
108754,IC50,6.26,550.0,COc1ccc(S(=O)(=O)N2C(=O)CN(c3ccccc3)C2=O)cc1,BIEYEERCTNKSDH-UHFFFAOYSA-N,CHEMBL70068,10074,Chymase 
2025020,IC50,8.05,9.0,CCCC(C(=O)O)n1nc(Cc2cn(C)c3cccc(C)c23)c2ccccc2c1=O,CFWPPIWGODXVHI-UHFFFAOYSA-N,CHEMBL3691803,10074,Chymase 
96114,IC50,6.44,360.0,O=C(CCc1ccccc1F)N[C@@H](Cc1ccccc1)C(=O)CCl,BFBYQVXCQBHGJS-KRWDZBQOSA-N,CHEMBL62160,10074,Chymase 
221257,IC50,7.50,32.0,CCCCCCC(NC(=O)c1ccccc1)C(C)(C)C(=O)OC(=O)C(C)(C)C(CCCCCC)NC(=O)c1ccccc1,KJWGUGYELVNALG-UHFFFAOYSA-N,CHEMBL135080,10074,Chymase 
1984253,IC50,6.34,460.0,CC[C@@H](NC(=O)N1CC(=O)NCC(Cc2cc(Cl)ccc2OC)C1=O)C(=O)Nc1ccc(C)c(C(=O)O)c1,CTINNEWZQMVBHY-OTOKDRCRSA-N,CHEMBL3651444,10074,Chymase 
127623,IC50,8.22,6.0,COc1ccccc1C(=O)N[C@]1(OC)C(=O)N2C(C(=O)OCc3cccc(C)c3)=C(CSc3nnnn3CC(=O)O)CO[C@@H]21,WWSPYUUDJNNJFH-IAPPQJPRSA-N,CHEMBL82346,10074,Chymase 
410466,IC50,7.41,39.0,O=C(O)COc1ccc(Cl)cc1CC1CNC(=O)CN(S(=O)(=O)c2ccc(Cl)cc2)C1=O,MZKGVXPHEXNJSG-UHFFFAOYSA-N,CHEMBL246964,10074,Chymase 
1972795,IC50,8.15,7.0,CCCC[C@@H](C(=O)O)n1c(=O)c2cnccc2n(Cc2nsc3cc(C)cc(C)c23)c1=O,PQTKWSBVWLMSOF-SFHVURJKSA-N,CHEMBL3640101,10074,Chymase 
1165222,IC50,6.21,620.0,Cn1ccc2cccc(Cn3c(=O)n(CCC(=O)O)c4ccccc43)c21,TZCAASKTWHNUDD-UHFFFAOYSA-N,CHEMBL1807536,10074,Chymase 
1984248,IC50,6.41,390.0,Cc1cccc(CC2CNC(=O)CN(S(=O)(=O)c3ccc(Cl)cc3)C2=O)c1,PKTXTZLRUWJPSL-UHFFFAOYSA-N,CHEMBL3651439,10074,Chymase 
125069,IC50,6.77,170.0,CO[C@@]1(NC(=O)Cc2ccc(O)cc2)C(=O)N2C(C(=O)OCc3ccc(C)cc3)=C(CSc3nnnn3C)CO[C@@H]21,XIZUKEFEBUWPBP-VPUSJEBWSA-N,CHEMBL312461,10074,Chymase 
410473,IC50,7.64,23.0,COc1cc(Cl)c(Cl)cc1CC1CNC(=O)CN(S(=O)(=O)c2ccc(Cl)cc2)C1=O,NYUDYXREZPBFKF-UHFFFAOYSA-N,CHEMBL428927,10074,Chymase 
2025017,IC50,6.77,170.0,O=C(O)C(c1ccccc1)n1nc(Cc2cccc3ccccc23)c2ccccc2c1=O,VEJXCOIVBQLOOM-UHFFFAOYSA-N,CHEMBL3691800,10074,Chymase 
95428,IC50,6.22,600.0,O=C(CCc1ccccc1Cl)N[C@@H](Cc1ccccc1)C(=O)CCl,UNSHXMLAORMCQA-KRWDZBQOSA-N,CHEMBL64202,10074,Chymase 
1972798,IC50,8.32,4.8,CCC[C@@H](C(=O)O)n1c(=O)c2cnccc2n(Cc2nsc3cc(C)cc(C)c23)c1=O,ZBIUWIWTJRDATO-KRWDZBQOSA-N,CHEMBL3640104,10074,Chymase 
2294353,IC50,6.62,240.0,CCO/N=C1/CN(C(=O)N[C@H](CC)c2ccc(C(=O)O)cc2)C(=O)[C@H](Cc2cc(Cl)ccc2OC)CN1,ZHZSQRPEOXQFJC-TZIWHRDSSA-N,CHEMBL4216202,10074,Chymase 
108212,IC50,7.18,66.0,O=C1CN(c2cccc(Cl)c2)C(=O)N1S(=O)(=O)c1ccc(Cl)cc1,FOOMDLMKDLSIIG-UHFFFAOYSA-N,CHEMBL69969,10074,Chymase 
221143,IC50,7.37,20.0,CC(C)(C(=O)OC(=O)C(C)(C)C(CCc1ccccc1)NC(=O)c1ccccc1)C(CCc1ccccc1)NC(=O)c1ccccc1,AZTARPFJXYNPTC-UHFFFAOYSA-N,CHEMBL134821,10074,Chymase 
107726,IC50,7.52,30.0,Cc1ccc(S(=O)(=O)N2C(=O)CN(c3ccccc3)C2=O)cc1C,IMXJHAMVFYJETE-UHFFFAOYSA-N,CHEMBL308215,10074,Chymase 
107419,IC50,6.52,300.0,O=C1CN(c2ccc(Cl)cc2)C(=O)N1S(=O)(=O)c1ccc(Cl)cc1,AYFNCNKRUGTVNX-UHFFFAOYSA-N,CHEMBL305175,10074,Chymase 
410469,IC50,7.57,27.0,COc1ccc(C#N)cc1CC1CNC(=O)CN(S(=O)(=O)c2ccc(Cl)cc2)C1=O,MTJDNOXPBJRQFU-UHFFFAOYSA-N,CHEMBL247168,10074,Chymase 
1567508,IC50,6.42,380.0,CC[C@@H](NC(=O)N1CC(=O)NCC(Cc2cc(Cl)ccc2OC)C1=O)C(=O)Nc1cc(N)cc(C(=O)O)c1,ZATASOADAZMCNM-XCWJXAQQSA-N,CHEMBL2397001,10074,Chymase 
1567435,IC50,6.24,570.0,CC[C@@H](NC(=O)N1CC(=O)NCC(Cc2cc(Cl)ccc2OC)C1=O)C(=O)Nc1cccc(C(=O)O)c1,UALUBYZYORZIOO-LRTDYKAYSA-N,CHEMBL2396929,10074,Chymase 
1986346,IC50,7.52,30.0,CCC[C@@H](NC(=O)N1C/C(=N/OC(C)C)NCC(Cc2cc(Cl)ccc2OC)C1=O)c1ccc(C(=O)O)c(N)c1,YEYUWKIFXXYJFV-LEQGEALCSA-N,CHEMBL3653516,10074,Chymase 
1972815,IC50,9.52,0.3,CCCCC(CC(=O)O)n1c(=O)c2ncccc2n(Cc2cn(C)c3cc(C)cc(C)c23)c1=O,GJCJHKPAGMIDSA-UHFFFAOYSA-N,CHEMBL3640120,10074,Chymase 
371145,IC50,6.55,280.0,COc1ccc(/C=C/NC(=O)C(c2csc3ccc(Cl)cc23)P(=O)(O)O)cc1,ROERCQZZPQATNB-CMDGGOBGSA-N,CHEMBL223014,10074,Chymase 
1560889,IC50,7.30,50.0,CCCC(Cn1c(=O)n(Cc2cc(Br)cc3[nH]c(=O)sc23)c2ccccc21)C(=O)O,MOWWJKLDGJIOQQ-UHFFFAOYSA-N,CHEMBL2381480,10074,Chymase 
1986350,IC50,7.30,50.0,COc1ccc(Cl)cc1CC1CN/C(=N\Oc2ccc(F)cc2)CN(C(=O)N[C@H](C)c2ccc(C(=O)O)cc2)C1=O,IBHOBFWGOIHYOQ-OQHSHRKDSA-N,CHEMBL3653520,10074,Chymase 
1560891,IC50,7.22,60.0,CCCC(Cn1c(=O)n(Cc2cc(Br)cc3c2CC(=O)N3)c2ccccc21)C(=O)O,URPWZBPLTDXUOK-UHFFFAOYSA-N,CHEMBL2381482,10074,Chymase 
108422,IC50,7.66,22.0,COc1ccc(S(=O)(=O)N2C(=O)CN(c3ccc(C)c(C)c3)C2=O)cc1OC,KLKUYQFIUYGVGO-UHFFFAOYSA-N,CHEMBL68915,10074,Chymase 
180002,IC50,6.82,150.0,CCCCCCC(NC(=O)c1ccc(C#N)cc1)C(C)(C)C(=O)N[C@@H](Cc1ccccc1)C(=O)OC(C)C,YELJXTHRNWGABT-QBHOUYDASA-N,CHEMBL111705,10074,Chymase 
220901,IC50,8.30,5.0,CCCCC(NC(=O)c1ccccc1)C(C)(C)C(=O)OC(=O)C(C)(C)C(CCCC)NC(=O)c1ccccc1,FNQYNLSBEYGVCO-UHFFFAOYSA-N,CHEMBL335675,10074,Chymase 
371241,IC50,7.54,29.0,O=C(Nc1ccc2ccccc2c1)C(c1csc2ccc(Cl)cc12)P(=O)(O)O,HUJXISJLAPAFBO-UHFFFAOYSA-N,CHEMBL387130,10074,Chymase 
217514,IC50,6.23,594.0,COC(=O)c1ccc(NS(=O)(=O)c2sc3ccc(Cl)cc3c2C)c(S(C)(=O)=O)c1C,KGXXQONCTPQGOO-UHFFFAOYSA-N,CHEMBL130716,10074,Chymase 
126473,IC50,6.52,300.0,CO[C@@]1(NC(=O)Cc2ccccc2)C(=O)N2C(C(=O)OC(c3ccccc3)c3ccccc3)=C(CSc3nnnn3C)CO[C@@H]21,DOYCKAHDSFTMRX-BHYZAODMSA-N,CHEMBL263015,10074,Chymase 
410457,IC50,6.96,110.0,O=C1CN(S(=O)(=O)c2ccc(Cl)cc2)C(=O)C(Cc2ccccc2Cl)CN1,KCJXVNLFKHFBOG-UHFFFAOYSA-N,CHEMBL246961,10074,Chymase 
108395,IC50,7.46,35.0,Cc1ccc(N2CC(=O)N(S(=O)(=O)c3ccc(Cl)cc3)C2=O)cc1C,FZZIIAUJWUWYCF-UHFFFAOYSA-N,CHEMBL443008,10074,Chymase 
371179,IC50,7.68,21.0,Cn1cc(C(C(=O)N/C=C/c2ccc(F)c(F)c2)P(C)(=O)O)c2cc(Cl)ccc21,YSTBMZYRZAUFPV-BQYQJAHWSA-N,CHEMBL376054,10074,Chymase 
1560892,IC50,7.40,40.0,CCCC(CC(=O)O)n1c(=O)n(Cc2cc(Br)cc3c2CC(=O)N3)c2ccccc21,HGSJUJNYFCUFGB-UHFFFAOYSA-N,CHEMBL2381483,10074,Chymase 
1986355,IC50,7.52,30.0,CCC[C@@H](NC(=O)N1C/C(=N/OC)N(C)CC(Cc2cc(Cl)ccc2OC)C1=O)c1ccc(C(=O)O)c(N)c1,IPUGCSWYOLAVOE-LJVDJLKTSA-N,CHEMBL3653525,10074,Chymase 
179930,IC50,6.486666666666666666666666667,220.0,CCCCCCC(NC(=O)c1ccc(C#N)cc1)C(C)(C)C(=O)N[C@@H](Cc1ccccc1)C(=O)OCC,MXDAOEAHZKUMCQ-PMCHYTPCSA-N,CHEMBL108294,10074,Chymase 
95347,IC50,6.14,730.0,COc1cccc(CCC(=O)N[C@@H](Cc2ccccc2)C(=O)CCl)c1,UYUNLVQVIOTTRZ-SFHVURJKSA-N,CHEMBL59988,10074,Chymase 
371214,IC50,6.72,190.0,O=C(Nc1ccc2ccccc2c1)C(c1cccc2ccccc12)P(=O)(O)O,AIJAWYPJPRORGK-UHFFFAOYSA-N,CHEMBL376079,10074,Chymase 
69638,IC50,9.07,0.85,O=C1N(Cc2ccc3c(c2)OCO3)C(=O)N1Cc1ccc2c(c1)OCO2,JGFZRSBSYGIRSR-UHFFFAOYSA-N,CHEMBL44950,10074,Chymase 
371250,IC50,8.00,10.0,Cn1cc(C(C(=O)Nc2ccc3ccccc3c2)P(C)(=O)O)c2cc(Cl)ccc21,DUKXGYAXMZVWHC-UHFFFAOYSA-N,CHEMBL374087,10074,Chymase 
1972788,IC50,8.21,6.1,Cc1cccc2c1c(Cn1c(=O)n(CC(=O)O)c(=O)c3ncccc31)cn2C,CLLDZHPASCKTKT-UHFFFAOYSA-N,CHEMBL3640094,10074,Chymase 
410461,IC50,6.75,180.0,CCOc1ccccc1CC1CNC(=O)CN(S(=O)(=O)c2ccc(Cl)cc2)C1=O,NMNYNMIWBXYVLJ-UHFFFAOYSA-N,CHEMBL246760,10074,Chymase 
1972799,IC50,9.05,0.9,CCCC[C@H](C(=O)O)n1c(=O)c2cnccc2n(Cc2cn(C)c3cccc(C)c23)c1=O,MATNGFJEWXGCGE-HXUWFJFHSA-N,CHEMBL3640105,10074,Chymase 
217306,IC50,6.47,337.0,Cc1c(S(=O)(=O)Nc2ccc(CO)cc2S(C)(=O)=O)sc2ccc(F)cc12,FSBUSUKVSNLYOP-UHFFFAOYSA-N,CHEMBL339348,10074,Chymase 
95282,IC50,6.15,710.0,O=C(CCc1ccccc1)N[C@@H](Cc1ccccc1)C(=O)CCl,CSVPVXZWSSCWON-KRWDZBQOSA-N,CHEMBL64495,10074,Chymase 
371137,IC50,7.96,11.0,O=C(N/C=C/c1ccc(F)c(F)c1)C(c1csc2ccc(Cl)cc12)P(=O)(O)O,PITXXAVRRFWMAI-AATRIKPKSA-N,CHEMBL373898,10074,Chymase 
95753,IC50,6.37,430.0,Cc1cccc(CCC(=O)N[C@@H](Cc2ccccc2)C(=O)CCl)c1,BJEVPNLKGSXRCN-SFHVURJKSA-N,CHEMBL291397,10074,Chymase 
1984250,IC50,7.72,19.0,COc1cc(Cl)c(F)cc1CC1CNC(=O)CN(S(=O)(=O)c2ccc(Cl)cc2)C1=O,JSBAACLANQVSIQ-UHFFFAOYSA-N,CHEMBL3651441,10074,Chymase 
107778,IC50,6.16,700.0,O=C1CN(c2ccccc2)C(=O)N1S(=O)(=O)c1ccc(Oc2ccccc2)cc1,VAXOQASMRPWLQF-UHFFFAOYSA-N,CHEMBL273334,10074,Chymase 
126472,IC50,6.52,300.0,COc1ccc(CC(=O)N[C@]2(OC)C(=O)N3C(C(=O)OC(c4ccccc4)c4ccccc4)=C(CSc4nnnn4C)CO[C@@H]32)cc1,RPPWRHYBDZCGQR-VTIYRKAUSA-N,CHEMBL263304,10074,Chymase 
69363,IC50,8.40,4.0,O=C1N(Cc2ccccc2)C(=O)N1Cc1ccccc1,PGIXYPNBNAOYHW-UHFFFAOYSA-N,CHEMBL47394,10074,Chymase 
1972786,IC50,7.44,36.0,Cc1cccc2c1c(Cn1c(=O)n(CC(=O)O)c(=O)c3ccncc31)cn2C,WKQZFKFGRANGTQ-UHFFFAOYSA-N,CHEMBL3640092,10074,Chymase 
1567515,IC50,6.42,380.0,CC[C@@H](NC(=O)N1CC(=O)NC[C@@H](Cc2cc(Cl)ccc2OC)C1=O)c1cc(C(=O)O)co1,AJGOHHUCZZWOSX-CZUORRHYSA-N,CHEMBL2397008,10074,Chymase 
371127,IC50,6.62,240.0,O=C(Nc1ccc2ccccc2c1)C(c1csc2ccc(Cl)cc12)P(=O)(O)CCc1ccccc1,PRNSPHBMPVHQDP-UHFFFAOYSA-N,CHEMBL373820,10074,Chymase 
126322,IC50,6.39,410.0,CO[C@@]1(NC(=O)Cc2ccc(N(C)C)cc2)C(=O)N2C(C(=O)OC(c3ccccc3)c3ccccc3)=C(CSc3nnnn3C)CO[C@@H]21,KSRYARXKFMIXFA-CWTKIQHKSA-N,CHEMBL79076,10074,Chymase 
1054580,IC50,9.34,0.46,C[C@@H](NC(=O)N1C(=O)[C@@H](Cc2ccccc2)[C@H]1Oc1ccc(N2CCN(C)CC2)cc1)c1ccccc1,VJHJFXLNIQUNTR-SGNYCRIWSA-N,CHEMBL1631751,10074,Chymase 
1165216,IC50,6.22,600.0,O=C(O)CCn1c(=O)n(Cc2cccc3ccccc23)c2ccccc21,YVAUFFDNRVGJTL-UHFFFAOYSA-N,CHEMBL1807530,10074,Chymase 
1567516,IC50,6.39,410.0,CC[C@@H](NC(=O)N1CC(=O)NC[C@@H](Cc2cc(Cl)ccc2OC)C1=O)c1nc(C(=O)O)co1,DQTKBHOUROETQR-TZMCWYRMSA-N,CHEMBL2397009,10074,Chymase 
220998,IC50,7.43,37.0,CCC(NC(=O)c1ccccc1)C(C)(C)C(=O)OC(=O)C(C)(C)C(CC)NC(=O)c1ccccc1,CEAQLKDYOYEPQY-UHFFFAOYSA-N,CHEMBL134068,10074,Chymase 
1972792,IC50,7.77,17.0,CC[C@@H](CC(=O)O)n1c(=O)c2cnccc2n(Cc2nsc3cc(C)cc(C)c23)c1=O,AECRQJJIEFJLKA-AWEZNQCLSA-N,CHEMBL3640098,10074,Chymase 
1986356,IC50,7.30,50.0,CC[C@@H](NC(=O)N1C/C(=N/Oc2ccccc2)NCC(Cc2cc(Cl)ccc2OC)C1=O)c1ccc(C(=O)O)s1,QZOIIYRRFFWCBZ-BDPMCISCSA-N,CHEMBL3653526,10074,Chymase 
1972807,IC50,7.57,27.0,CC[C@@H](CC(=O)O)n1c(=O)c2ccncc2n(Cc2nsc3cc(C)cc(C)c23)c1=O,XWMWMZSXZMVLOD-AWEZNQCLSA-N,CHEMBL3640112,10074,Chymase 
1986347,IC50,7.70,20.0,CCC[C@@H](NC(=O)N1C/C(=N/OCCO)NCC(Cc2cc(Cl)ccc2OC)C1=O)c1ccc(C(=O)O)c(N)c1,UYCZLXWTQOOGGP-LMNIDFBRSA-N,CHEMBL3653517,10074,Chymase 
410464,IC50,6.66,220.0,CCCOc1ccc(Cl)cc1CC1CNC(=O)CN(S(=O)(=O)c2ccc(Cl)cc2)C1=O,PQMWWCUSCSQSDA-UHFFFAOYSA-N,CHEMBL246963,10074,Chymase 
95991,IC50,6.05,890.0,COc1cccc(CCC(=O)N[C@@H](Cc2ccccc2)C(=O)CCl)c1OC,QHSLGRRTYQTUMZ-KRWDZBQOSA-N,CHEMBL61059,10074,Chymase 
1986343,IC50,7.52,30.0,CC[C@@H](NC(=O)N1C/C(=N/Oc2ccccn2)NCC(Cc2cc(Cl)ccc2OC)C1=O)c1ccc(C(=O)O)cc1,QTPAAAIYWKHGDF-JFGZAKSSSA-N,CHEMBL3653513,10074,Chymase 
2025018,IC50,7.07,86.0,CCCC(C(=O)O)n1nc(Cc2cccc3ccccc23)c2ccccc2c1=O,KOFDKPAWXNMYGX-UHFFFAOYSA-N,CHEMBL3691801,10074,Chymase 
371146,IC50,7.80,16.0,Cn1cc(C(C(=O)N/C=C/c2ccc(F)cc2)P(=O)(O)O)c2cc(Cl)ccc21,MROJOEUYLONABH-CMDGGOBGSA-N,CHEMBL373899,10074,Chymase 
1567514,IC50,6.42,380.0,CC[C@@H](NC(=O)N1CC(=O)NC[C@@H](Cc2cc(Cl)ccc2OC)C1=O)c1cncc(C(=O)O)c1,KDRKKWDEBBFSDS-CRAIPNDOSA-N,CHEMBL2397007,10074,Chymase 
125647,IC50,6.82,150.0,CO[C@@]1(NC(=O)Cc2ccc(O)cc2)C(=O)N2C(C(=O)OCc3cccc(C)c3)=C(CCl)CO[C@@H]21,VFMQHAPKCREGHI-RPBOFIJWSA-N,CHEMBL77501,10074,Chymase 
410456,IC50,6.51,310.0,O=C1CN(S(=O)(=O)c2ccc(Cl)cc2)C(=O)C(Cc2cccc(Cl)c2)CN1,SVAUXVFRMUNISS-UHFFFAOYSA-N,CHEMBL395683,10074,Chymase 
2284250,IC50,8.05,8.9,CC[C@@H](NC(=O)N1C/C(=N/Oc2ccccc2)NC[C@@H](Cc2cc(Cl)ccc2OC)C1=O)c1ccc(C(=O)O)c(N)c1,LHASZEBEQGPCFM-CJFMBICVSA-N,CHEMBL4206099,10074,Chymase 
125464,IC50,7.30,50.0,CO[C@@]1(NC(=O)Cc2ccc(O)cc2)C(=O)N2C(C(=O)OCc3cccc(C(F)(F)F)c3)=C(CSc3nnnn3C)CO[C@@H]21,MVGBVIHZEAHDJZ-RSXGOPAZSA-N,CHEMBL78842,10074,Chymase 
1165224,IC50,6.19,640.0,Cc1cn(C)c2c(Cn3c(=O)n(CCC(=O)O)c4ccccc43)cccc12,ZJLQFSBJVCYOKQ-UHFFFAOYSA-N,CHEMBL1807538,10074,Chymase 
2281009,IC50,7.11,78.0,CCO/N=C1/CN(C(=O)N[C@H](CC)c2ccc(C(=O)O)c(N)c2)C(=O)[C@H](Cc2cc(Cl)ccc2OC)CN1,DAAFCLPKQUTIIB-DYESRHJHSA-N,CHEMBL4202858,10074,Chymase 
410460,IC50,6.85,140.0,COc1ccccc1CC1CNC(=O)CN(S(=O)(=O)c2ccc(Cl)cc2)C1=O,QXQPPKKMLGBJRR-UHFFFAOYSA-N,CHEMBL246962,10074,Chymase 
107655,IC50,6.42,380.0,O=C1CN(c2ccccc2)C(=O)N1S(=O)(=O)c1ccc(Cl)cc1,BIYZZFJCFHPBTP-UHFFFAOYSA-N,CHEMBL69991,10074,Chymase 
410447,IC50,7.70,43.0,CC(C)C[C@H](NC(=O)[C@@H](NC(=O)N[C@@H](Cc1ccccc1)C(=O)O)C1CCNC(=N)N1)C(=O)N[C@H](C=O)Cc1ccccc1,MRXDGVXSWIXTQL-HYHFHBMOSA-N,CHEMBL247767,10074,Chymase 
410467,IC50,7.38,42.0,CNC(=O)COc1ccc(Cl)cc1CC1CNC(=O)CN(S(=O)(=O)c2ccc(Cl)cc2)C1=O,BIQKTCSWPQABMG-UHFFFAOYSA-N,CHEMBL396067,10074,Chymase 
1165327,IC50,7.60,25.0,Cc1c(C)n(C)c2c(Cn3c(=O)n(CCC(=O)O)c4ccccc43)cc(Cl)cc12,CUTXBCGRPNWRNY-UHFFFAOYSA-N,CHEMBL1807640,10074,Chymase 
1972806,IC50,8.66,2.2,CC[C@H](CC(=O)O)n1c(=O)c2ncccc2n(Cc2nsc3cc(C)cc(C)c23)c1=O,VKQSKVFPXNALOD-CQSZACIVSA-N,CHEMBL3640111,10074,Chymase 
371155,IC50,8.46,3.5,CP(=O)(O)C(C(=O)N/C=C/c1cccc(Cl)c1)c1csc2ccc(Cl)cc12,FIYUJGHKKZUJFO-BQYQJAHWSA-N,CHEMBL373916,10074,Chymase 
411006,IC50,6.806666666666666666666666667,170.0,CC[C@@H](NC(=O)N1CC(=O)NC[C@H](Cc2cc(Cl)ccc2OC)C1=O)c1ccc(C(=O)O)c(N)c1,ZQCPJAZKZATEMD-HNAYVOBHSA-N,CHEMBL246560,10074,Chymase 
2025013,IC50,6.52,300.0,Cn1cc(Cc2nn(CC(=O)O)c(=O)c3ccccc23)c2ccccc21,JUBNTJHSYUBGEB-UHFFFAOYSA-N,CHEMBL3691796,10074,Chymase 
1567503,IC50,6.11,770.0,CC[C@@H](NC(=O)N1CC(=O)NCC(Cc2cc(Cl)ccc2OC)C1=O)C(=O)Nc1ccc(C(=O)O)cc1,VYSCZOQVQSWUCY-LRTDYKAYSA-N,CHEMBL2396996,10074,Chymase 
1972797,IC50,8.40,4.0,CCC[C@H](C(=O)O)n1c(=O)c2cnccc2n(Cc2nsc3cc(C)cc(C)c23)c1=O,ZBIUWIWTJRDATO-QGZVFWFLSA-N,CHEMBL3640103,10074,Chymase 
410468,IC50,7.58,26.0,COc1ccc(F)cc1CC1CNC(=O)CN(S(=O)(=O)c2ccc(Cl)cc2)C1=O,FXSNNJFHADWQPZ-UHFFFAOYSA-N,CHEMBL246965,10074,Chymase 
160904,IC50,6.04,909.0,CCCS(=O)(=O)c1ccc(NS(=O)(=O)c2sc3ccc(Cl)cc3c2C)cc1,QBBCJCXKSNFWBV-UHFFFAOYSA-N,CHEMBL328395,10074,Chymase 
1972814,IC50,8.85,1.4,CCCCC(CC(=O)O)n1c(=O)c2ncccc2n(Cc2cn(C)c3cccc(C)c23)c1=O,JNYBGLIQEADLQH-UHFFFAOYSA-N,CHEMBL3640119,10074,Chymase 
1990067,IC50,7.70,20.0,CC[C@@H](NC(=O)N1C/C(=N/Oc2ccccc2)NCC(Cc2cc(Cl)ccc2OC)C1=O)C(=O)Nc1nnn[nH]1,WVUPKAULRXZDRV-LRTDYKAYSA-N,CHEMBL3657200,10074,Chymase 
1165325,IC50,7.19,65.0,Cc1cc(Cn2c(=O)n(CCC(=O)O)c3ccccc32)c2c(c1)c(C)c(C)n2C,ILQOUSOBJCSXMV-UHFFFAOYSA-N,CHEMBL1807638,10074,Chymase 
2025016,IC50,6.80,160.0,Cc1cccc2c1c(Cc1nn(CCC(=O)O)c(=O)c3ccccc13)cn2C,SRWLFOUYCJTYKD-UHFFFAOYSA-N,CHEMBL3691799,10074,Chymase 
108343,IC50,6.30,500.0,COC(=O)Cc1cccc(S(=O)(=O)N2C(=O)CN(c3ccccc3)C2=O)c1,LOQFKRHVSLFGHY-UHFFFAOYSA-N,CHEMBL304338,10074,Chymase 
217498,IC50,6.52,305.0,COC(=O)c1ccc(NS(=O)(=O)c2sc3ccccc3c2C)c(S(C)(=O)=O)c1,CTISKWODTPFXJU-UHFFFAOYSA-N,CHEMBL133635,10074,Chymase 
410458,IC50,6.82,150.0,O=C1CN(S(=O)(=O)c2ccc(Cl)cc2)C(=O)C(Cc2ccccc2F)CN1,JCACJGGQMJFBLS-UHFFFAOYSA-N,CHEMBL395684,10074,Chymase 
125662,IC50,6.60,250.0,CO[C@@]1(NC(=O)Cc2ccc(O)cc2)C(=O)N2C(C(=O)OC(c3ccccc3)c3ccccc3)=C(CSc3nnnn3C)CO[C@@H]21,SSXIQTVYWYXTPL-BHYZAODMSA-N,CHEMBL310959,10074,Chymase 
410579,IC50,6.33,470.0,CCC(NC(=O)N1CC(=O)NCC(Cc2cc(Cl)ccc2OC)C1=O)c1ccc(C(=O)O)cc1,FRLHVSYQUWWEIJ-UHFFFAOYSA-N,CHEMBL247779,10074,Chymase 
1990063,IC50,7.70,20.0,COc1ccc(Cl)cc1CC1CN/C(=N\Oc2ccccn2)CN(C(=O)N[C@H](C)c2ccc(CC(=O)O)cc2)C1=O,IQVXOIZPBCFWIH-ZZWBGTBQSA-N,CHEMBL3657196,10074,Chymase 
217439,IC50,6.49,325.0,COC(=O)c1ccc(NS(=O)(=O)c2sc3ccc(C)cc3c2C)c(S(C)(=O)=O)c1,IUFSBHWVVCGHPE-UHFFFAOYSA-N,CHEMBL131795,10074,Chymase 
1990073,IC50,8.15,7.0,CCC[C@@H](NC(=O)N1CC2=NOCC(=O)N2CC(Cc2cc(Cl)ccc2OC)C1=O)c1ccc(C(=O)O)c(N)c1,XGZXMBNUKNJTHA-FBLFFUNLSA-N,CHEMBL3657206,10074,Chymase 
1986352,IC50,8.00,10.0,COc1ccc(Cl)cc1CC1CN/C(=N\Oc2ccc(F)cc2)CN(C(=O)N[C@H](C)c2ccc(C(=O)O)c(N)c2)C1=O,XCNINPDPLRWPRN-VTBWFHPJSA-N,CHEMBL3653522,10074,Chymase 
410448,IC50,7.75,18.0,O=c1[nH]c2cc(Cl)ccc2c(=O)n1S(=O)(=O)c1ccc(Cl)cc1,ZENSSHAETXPASI-UHFFFAOYSA-N,CHEMBL245539,10074,Chymase 
179943,IC50,6.57,270.0,CC(C)(C(=O)OC(=O)C(C)(C)C(CCc1ccccc1)NC(=O)c1ccc(C#N)cc1)C(CCc1ccccc1)NC(=O)c1ccc(C#N)cc1,HQNCLEFIYXURJH-UHFFFAOYSA-N,CHEMBL108540,10074,Chymase 
1972816,IC50,8.89,1.3,CCCC(CC(=O)O)n1c(=O)c2ncccc2n(Cc2cn(C)c3cccc(C)c23)c1=O,CJGPOTAFUMLARZ-UHFFFAOYSA-N,CHEMBL3640121,10074,Chymase 
108483,IC50,6.66,220.0,O=C1CN(c2ccccc2Cl)C(=O)N1S(=O)(=O)c1ccc(Cl)cc1,GAFVUWYICCYVDN-UHFFFAOYSA-N,CHEMBL69611,10074,Chymase 
371257,IC50,7.10,80.0,CP(=O)(O)C(C(=O)Nc1ccc2ccccc2c1)c1csc2ccc(Cl)cc12,GZXIXQPDOFCECC-UHFFFAOYSA-N,CHEMBL373846,10074,Chymase 
96269,IC50,6.40,400.0,O=C(CCc1cccc(Cl)c1Cl)N[C@@H](Cc1ccccc1)C(=O)CCl,JTXCAMWTOGVDBF-INIZCTEOSA-N,CHEMBL62222,10074,Chymase 
410587,IC50,6.27,540.0,CCC(NC(=O)N1CC(=O)NCC(Cc2cc(Cl)ccc2OC)C1=O)c1cccc(C(=O)O)c1,TUWGPTVZDXFRTK-UHFFFAOYSA-N,CHEMBL248180,10074,Chymase 
410645,IC50,6.66,240.0,CC[C@@H](NC(=O)N1CC(=O)NC[C@@H](Cc2cc(Cl)ccc2OC)C1=O)c1cccc(C(=O)O)c1,TUWGPTVZDXFRTK-IEBWSBKVSA-N,CHEMBL245532,10074,Chymase 
1165324,IC50,6.85,140.0,Cc1c(C)n(C)c2c(Cn3c(=O)n(CCC(=O)O)c4ccccc43)cccc12,BPDSRNQUOWYMRI-UHFFFAOYSA-N,CHEMBL1807637,10074,Chymase 
410557,IC50,7.47,34.0,COc1cc(Cl)ccc1CC1CNC(=O)CN(S(=O)(=O)c2ccc(Cl)cc2)C1=O,GICOKTACZAOCME-UHFFFAOYSA-N,CHEMBL391543,10074,Chymase 
221236,IC50,7.89,13.0,CCCCCC(NC(=O)c1ccccc1)C(C)(C)C(=O)OC(=O)C(C)(C)C(CCCCC)NC(=O)c1ccccc1,WYMWGQYFGRDOEW-UHFFFAOYSA-N,CHEMBL424453,10074,Chymase 
1567504,IC50,6.18,660.0,CC[C@@H](NC(=O)N1CC(=O)NCC(Cc2cc(Cl)ccc2OC)C1=O)C(=O)Nc1cccc(N)c1,FIKSBOCRYRLIRP-XCWJXAQQSA-N,CHEMBL2396997,10074,Chymase 
69169,IC50,7.57,27.0,CCOc1ccccc1C(=O)N[C@]1(OC)C(=O)N2C(C(=O)OCc3ccc(C(=O)O)cc3)=C(CSc3nnnn3C)CO[C@@H]21,VUEVZBHUKRORBJ-IAPPQJPRSA-N,CHEMBL295221,10074,Chymase 
360720,IC50,7.50,32.0,CC(C)(C)NC(=O)N[C@H](C(=O)N1C[C@H]2[C@@H]([C@H]1C(=O)NC(CC1CCC1)C(=O)C(N)=O)C2(C)C)C(C)(C)C,LHHCSNFAOIFYRV-DOVBMPENSA-N,CHEMBL218394,10074,Chymase 
1165220,IC50,6.19,640.0,Cc1cccc2c(C#N)cc(Cn3c(=O)n(CCC(=O)O)c4ccccc43)n12,SCYHTEYQSXYNIX-UHFFFAOYSA-N,CHEMBL1807534,10074,Chymase 
216508,IC50,6.18,663.0,COC(=O)c1ccc(NS(=O)(=O)c2sc3ccc(Cl)cc3c2C)c(OC)c1,JVYXJDZGFLXPSD-UHFFFAOYSA-N,CHEMBL337691,10074,Chymase 
1972813,IC50,9.15,0.7,CC[C@H](CC(=O)O)n1c(=O)c2cnccc2n(Cc2cn(C)c3cc(C)cc(C)c23)c1=O,ULUMWLDVZQGMCT-QGZVFWFLSA-N,CHEMBL3640118,10074,Chymase 
1972801,IC50,8.21,6.1,CC[C@H](CC(=O)O)n1c(=O)c2ccncc2n(Cc2cn(C)c3cccc(C)c23)c1=O,ZZTKOUUAXKROMF-MRXNPFEDSA-N,CHEMBL3640106,10074,Chymase 
95679,IC50,6.11,780.0,Cc1ccccc1CCC(=O)N[C@@H](Cc1ccccc1)C(=O)CCl,HFKXVGCPIICBSU-SFHVURJKSA-N,CHEMBL60495,10074,Chymase 
1165326,IC50,6.66,220.0,COc1cc(Cn2c(=O)n(CCC(=O)O)c3ccccc32)c2c(c1)c(C)c(C)n2C,AVHYDKUKVRQUSH-UHFFFAOYSA-N,CHEMBL1807639,10074,Chymase 
107434,IC50,7.75,18.0,O=C1CN(c2ccccc2)C(=O)N1S(=O)(=O)c1ccc(Cl)c(Cl)c1,WISJYGPAQGRLCK-UHFFFAOYSA-N,CHEMBL304729,10074,Chymase 
108718,IC50,7.17,68.0,N#Cc1cccc(S(=O)(=O)N2C(=O)CN(c3ccccc3)C2=O)c1,YVERQXIEPUPSEH-UHFFFAOYSA-N,CHEMBL431187,10074,Chymase 
410584,IC50,6.385,500.0,CCC(NC(=O)N1CC(=O)NCC(Cc2cc(Cl)ccc2OC)C1=O)c1ccc(C(=O)O)c(N)c1,ZQCPJAZKZATEMD-UHFFFAOYSA-N,CHEMBL394641,10074,Chymase 
108082,IC50,6.05,900.0,CN1CCN(C(=O)c2cccc(S(=O)(=O)N3C(=O)CN(c4ccccc4)C3=O)c2)CC1,ZBUVLKISMDQWPH-UHFFFAOYSA-N,CHEMBL68428,10074,Chymase 
1567513,IC50,6.00,1000.0,CC[C@@H](NC(=O)N1CC(=O)NC[C@@H](Cc2cc(Cl)ccc2OC)C1=O)c1ccc(C(=O)O)cn1,IRLXZJVWGMQBOZ-NVXWUHKLSA-N,CHEMBL2397006,10074,Chymase 
95467,IC50,6.05,890.0,O=C(CCc1cccc(Cl)c1)N[C@@H](Cc1ccccc1)C(=O)CCl,VUVHONBYYKJWAW-KRWDZBQOSA-N,CHEMBL59660,10074,Chymase 
1972796,IC50,8.68,2.1,CCC[C@@H](C(=O)O)n1c(=O)c2cnccc2n(Cc2cn(C)c3cccc(C)c23)c1=O,YRVMMHFIJYSVEB-IBGZPJMESA-N,CHEMBL3640102,10074,Chymase 
1972804,IC50,8.00,9.9,CC[C@H](CC(=O)O)n1c(=O)c2cnccc2n(Cc2nsc3cc(C)cc(C)c23)c1=O,AECRQJJIEFJLKA-CQSZACIVSA-N,CHEMBL3640109,10074,Chymase 
217335,IC50,7.09,82.0,CC(=O)c1ccc(NS(=O)(=O)c2sc3ccc(F)cc3c2C)c(S(C)(=O)=O)c1,MHXGYXIKGYLIMZ-UHFFFAOYSA-N,CHEMBL335613,10074,Chymase 
1990070,IC50,7.52,30.0,CC[C@@H](NC(=O)N1C/C(=N/Oc2ccccc2)NCC(Cc2cc(Cl)ccc2OC)C1=O)c1cccc(C(=O)O)c1,WHRJFSQXYYUJCK-NRWPOFLRSA-N,CHEMBL3657203,10074,Chymase 
221234,IC50,6.89,130.0,CC(C)(C(=O)OC(=O)C(C)(C)C(NC(=O)c1ccc(C#N)cc1)C1CC=CCC1)C(NC(=O)c1ccc(C#N)cc1)C1CC=CCC1,QMMNPJKVOZYGDW-UHFFFAOYSA-N,CHEMBL134024,10074,Chymase 
127217,IC50,7.24,57.0,CO[C@@]1(NC(=O)c2ccccc2Oc2ccccc2)C(=O)N2C(C(=O)OCc3ccc(C(=O)O)cc3)=C(CSc3nnnn3C)CO[C@@H]21,NYSPLHRQODICCE-BHYZAODMSA-N,CHEMBL79042,10074,Chymase 
125143,IC50,6.735,77.0,CO[C@@]1(NC(=O)Cc2ccc(O)cc2)C(=O)N2C(C(=O)OCc3cccc(C)c3)=C(CSc3nnc(C)s3)CO[C@@H]21,GBQQHJACSVBXNY-IAPPQJPRSA-N,CHEMBL307172,10074,Chymase 
124997,IC50,7.16,70.0,CO[C@@]1(NC(=O)Cc2ccc(O)cc2)C(=O)N2C(C(=O)OCc3cccc(Br)c3)=C(CSc3nnnn3C)CO[C@@H]21,YWORBDMKEUHIMT-RSXGOPAZSA-N,CHEMBL80474,10074,Chymase 
410462,IC50,7.47,34.0,COc1ccc(Cl)cc1CC1CNC(=O)CN(S(=O)(=O)c2ccc(Cl)cc2)C1=O,SOSJFTNPSZEBHV-UHFFFAOYSA-N,CHEMBL391608,10074,Chymase 
1972812,IC50,8.57,2.7,CC[C@@H](C(=O)O)n1c(=O)c2ncccc2n(Cc2nsc3cc(C)cc(C)c23)c1=O,KUZGYFDAONROEN-AWEZNQCLSA-N,CHEMBL3640117,10074,Chymase 
107591,IC50,6.24,580.0,COc1cccc(S(=O)(=O)N2C(=O)CN(c3ccccc3)C2=O)c1,KDVFGQRTDBJTGS-UHFFFAOYSA-N,CHEMBL65936,10074,Chymase 
371154,IC50,7.30,50.0,CP(=O)(O)C(C(=O)N/C=C/c1ccccc1)c1csc2ccc(Cl)cc12,DGWSMOPHIGQBQQ-MDZDMXLPSA-N,CHEMBL222204,10074,Chymase 
371258,IC50,6.68,210.0,CP(=O)(O)C(C(=O)Nc1ccc2ccccc2c1)c1cccc2ccccc12,VXYXPGRIZHRRFH-UHFFFAOYSA-N,CHEMBL223624,10074,Chymase 
107973,IC50,6.43,370.0,O=C1CN(c2ccccc2)C(=O)N1S(=O)(=O)c1ccc(F)cc1,XUEHUCHMGFVLKC-UHFFFAOYSA-N,CHEMBL71362,10074,Chymase 
371128,IC50,7.22,60.0,O=C(N/C=C/c1ccccc1)C(c1csc2ccc(Cl)cc12)P(=O)(O)O,MNUNMFWGEVHZSR-CMDGGOBGSA-N,CHEMBL223303,10074,Chymase 
1567505,IC50,6.10,790.0,CC[C@@H](NC(=O)N1CC(=O)NCC(Cc2cc(Cl)ccc2OC)C1=O)C(=O)Nc1ccc(N)cc1,AGJUAFLHQVXBFW-XCWJXAQQSA-N,CHEMBL2396998,10074,Chymase 
1567510,IC50,6.58,260.0,CC[C@@H](NC(=O)N1CC(=O)NCC(Cc2cc(Cl)ccc2OC)C1=O)C(=O)Nc1nnn[nH]1,BKBRIRMQOJEQGE-GLGOKHISSA-N,CHEMBL2397003,10074,Chymase 
1165223,IC50,6.24,570.0,Cc1cc2cccc(Cn3c(=O)n(CCC(=O)O)c4ccccc43)c2n1C,ZSHFBKUFTINGGX-UHFFFAOYSA-N,CHEMBL1807537,10074,Chymase 
126662,IC50,7.62,24.0,CCCOc1ccccc1C(=O)N[C@]1(OC)C(=O)N2C(C(=O)OCc3ccc(C(=O)O)cc3)=C(CSc3nnnn3C)CO[C@@H]21,OSWPBLXSKJTMBH-PXJZQJOASA-N,CHEMBL312329,10074,Chymase 
1984254,IC50,7.62,24.0,COC(=O)COc1ccc(Cl)cc1CC1CNC(=O)CN(S(=O)(=O)c2ccc(Cl)cc2)C1=O,WHVPDANJNBEFKC-UHFFFAOYSA-N,CHEMBL3651445,10074,Chymase 
1990068,IC50,7.52,30.0,CC[C@@H](NC(=O)N1C/C(=N/Oc2ccccc2)NCC(Cc2cc(Cl)ccc2OC)C1=O)c1ccc(CC(=O)O)cc1,DZBVADVKQFGEER-ANWICMFUSA-N,CHEMBL3657201,10074,Chymase 
108170,IC50,7.09,82.0,COC(=O)c1cccc(S(=O)(=O)N2C(=O)CN(c3ccccc3)C2=O)c1,PNEMWQVQIVXXIX-UHFFFAOYSA-N,CHEMBL304838,10074,Chymase 
1990061,IC50,8.00,10.0,COc1ccc(Cl)cc1CC1CN/C(=N\Oc2ccc(F)cc2)CN(C(=O)N[C@H](C)c2ccc(CC(=O)O)cc2)C1=O,ITTFWXDRJJVNPO-ZZWBGTBQSA-N,CHEMBL3657194,10074,Chymase 
69393,IC50,8.64,2.3,COc1cccc(CN2C(=O)N(Cc3cccc(OC)c3)C2=O)c1,CGUIOFIMRFHZFP-UHFFFAOYSA-N,CHEMBL45780,10074,Chymase 
69637,IC50,7.32,48.0,O=C1N(c2ccc3c(c2)OCO3)C(=O)N1c1ccc2c(c1)OCO2,HGEISTYOCIKPRC-UHFFFAOYSA-N,CHEMBL45126,10074,Chymase 
2025021,IC50,8.15,7.0,Cc1cccc2c1c(Cc1nn(C(C(=O)O)c3ccccc3)c(=O)c3ccccc13)cn2C,UAYYAAIBVQDTIU-UHFFFAOYSA-N,CHEMBL3691804,10074,Chymase 
1972791,IC50,8.10,8.0,CC[C@@H](CC(=O)O)n1c(=O)c2ncccc2n(Cc2nsc3cc(C)cc(C)c23)c1=O,VKQSKVFPXNALOD-AWEZNQCLSA-N,CHEMBL3640097,10074,Chymase 
127216,IC50,7.43,37.0,CO[C@@]1(NC(=O)c2ccccc2OC(C)C)C(=O)N2C(C(=O)OCc3ccc(C(=O)O)cc3)=C(CSc3nnnn3C)CO[C@@H]21,BYNYQJOSLRJYLA-PXJZQJOASA-N,CHEMBL309488,10074,Chymase 
125646,IC50,7.133333333333333333333333333,72.0,CO[C@@]1(NC(=O)Cc2ccc(O)cc2)C(=O)N2C(C(=O)OCc3cccc(C)c3)=C(CSc3nnnn3CC(=O)O)CO[C@@H]21,OMVKDWDUCSMCMK-IAPPQJPRSA-N,CHEMBL78373,10074,Chymase 
124998,IC50,6.37,430.0,CO[C@@]1(NC(=O)Cc2ccc(O)cc2)C(=O)N2C(C(=O)OCc3ccccc3C)=C(CSc3nnnn3C)CO[C@@H]21,GIXXUYHHCHZOHK-VPUSJEBWSA-N,CHEMBL76430,10074,Chymase 
1990062,IC50,8.52,3.0,COc1ccc(Cl)cc1CC1CN/C(=N\Oc2cc(F)cc(F)c2)CN(C(=O)N[C@H](C)c2ccc(CC(=O)O)cc2)C1=O,UMCXBBMZQWEAHW-OQHSHRKDSA-N,CHEMBL3657195,10074,Chymase 
1972810,IC50,9.15,0.7,Cc1cc(C)c2c(Cn3c(=O)n(C(CC(=O)O)C4CC4)c(=O)c4ncccc43)cn(C)c2c1,IRICZPDCTXBZBC-UHFFFAOYSA-N,CHEMBL3640115,10074,Chymase 
108154,IC50,6.89,130.0,O=C1CN(c2ccccc2)C(=O)N1S(=O)(=O)c1cccc(Cl)c1,DVKQEXDLGAQOLQ-UHFFFAOYSA-N,CHEMBL303871,10074,Chymase 
107780,IC50,6.10,800.0,O=C1CN(c2ccccc2)C(=O)N1S(=O)(=O)c1cccc(Oc2ccccc2)c1,ADZFNVIOXMBWIU-UHFFFAOYSA-N,CHEMBL69564,10074,Chymase 
1990074,IC50,7.52,30.0,CCC[C@@H](NC(=O)N1C/C(=N/OCC)NCC(Cc2cc(F)ccc2OC)C1=O)c1ccc(C(=O)O)c(N)c1,MDBSJWOREXSLIW-LMNIDFBRSA-N,CHEMBL3657207,10074,Chymase 
1567507,IC50,6.24,570.0,CC[C@@H](NC(=O)N1CC(=O)NCC(Cc2cc(Cl)ccc2OC)C1=O)C(=O)Nc1ccc(O)c(C(=O)O)c1,SCMMIPDWFAMGER-XPKAQORNSA-N,CHEMBL2397000,10074,Chymase 
1990069,IC50,7.30,50.0,CC[C@@H](NC(=O)N1C/C(=N/Oc2ccccc2)NCC(Cc2cc(Cl)ccc2OC)C1=O)c1nc(C(=O)O)cs1,UBQNTABUSXITSX-UUSAFJCLSA-N,CHEMBL3657202,10074,Chymase 
1986348,IC50,7.52,30.0,CCC[C@@H](NC(=O)N1C/C(=N/OCC(F)(F)F)NCC(Cc2cc(Cl)ccc2OC)C1=O)c1ccc(C(=O)O)c(N)c1,JXDJEIOLMCXLMB-FBLFFUNLSA-N,CHEMBL3653518,10074,Chymase 
108171,IC50,6.16,700.0,O=C1CN(c2ccccc2)C(=O)N1S(=O)(=O)c1ccc([N+](=O)[O-])cc1,XYVDRLPWUBVVHJ-UHFFFAOYSA-N,CHEMBL69009,10074,Chymase 
1165221,IC50,6.55,280.0,Cc1cc(C)c2c(Cn3c(=O)n(CCC(=O)O)c4ccccc43)nsc2c1,PURFUAGIJITRCK-UHFFFAOYSA-N,CHEMBL1807535,10074,Chymase 
1984251,IC50,7.03,93.0,COc1ccc(Cl)cc1CC1CNC(=O)CN(S(=O)(=O)c2ccc(Cl)c(N)c2)C1=O,ITJHSPGSGZPCBG-UHFFFAOYSA-N,CHEMBL3651442,10074,Chymase 
410449,IC50,6.38,420.0,O=C1CN(S(=O)(=O)c2ccc(Cl)cc2)C(=O)C(Cc2ccccc2)CN1,DWOHVFRTCUWUFA-UHFFFAOYSA-N,CHEMBL245541,10074,Chymase 
2025014,IC50,7.30,50.0,Cc1cccc2c1c(Cc1nn(CC(=O)O)c(=O)c3ccccc13)cn2C,ANCZYUBQVBTXII-UHFFFAOYSA-N,CHEMBL3691797,10074,Chymase 
69173,IC50,6.85,140.0,Cc1ccc(N2C(=O)N(c3ccc(C)cc3)C2=O)cc1,AZZFGWWOGRBVOV-UHFFFAOYSA-N,CHEMBL296771,10074,Chymase 
216613,IC50,6.81,154.0,Cc1c(S(=O)(=O)Nc2ccc(C(=O)NCC(=O)O)cc2S(C)(=O)=O)sc2ccc(F)cc12,NGSKAGQGUIPLFV-UHFFFAOYSA-N,CHEMBL130156,10074,Chymase 
1567518,IC50,6.28,520.0,CC[C@@H](NC(=O)N1CC(=O)NC[C@@H](Cc2cc(Cl)ccc2OC)C1=O)c1ccc(C(=O)O)o1,XPPYFTAZCVOZRC-UKRRQHHQSA-N,CHEMBL2397011,10074,Chymase 
410583,IC50,6.34,460.0,CCC(NC(=O)N1CC(=O)NCC(Cc2cc(Cl)ccc2OC)C1=O)c1ccc(C(=O)O)c(O)c1,RRZMDBDMNHCIGY-UHFFFAOYSA-N,CHEMBL247975,10074,Chymase 
1990071,IC50,8.05,9.0,CC[C@@H](NC(=O)N1C/C(=N/Oc2ccccc2)NCC(Cc2cc(Cl)ccc2OC)C1=O)c1ccc(C(=O)O)c(N)c1,LHASZEBEQGPCFM-GBAXHLBXSA-N,CHEMBL3657204,10074,Chymase 
410629,IC50,6.52,300.0,CC[C@@H](NC(=O)N1CC(=O)NC[C@@H](Cc2cc(Cl)ccc2OC)C1=O)c1ccc(C(=O)O)c(N)c1,ZQCPJAZKZATEMD-DNVCBOLYSA-N,CHEMBL245930,10074,Chymase 
410455,IC50,6.34,460.0,O=C1CN(S(=O)(=O)c2ccc(Cl)cc2)C(=O)C(Cc2ccc(Cl)cc2)CN1,DEUXQEPGDAOCFW-UHFFFAOYSA-N,CHEMBL246960,10074,Chymase 
108432,IC50,7.64,23.0,O=C1CN(c2ccc(Cl)c(Cl)c2)C(=O)N1S(=O)(=O)c1ccc(Cl)cc1,LGVJLYPIQFOJHK-UHFFFAOYSA-N,CHEMBL305800,10074,Chymase 
371183,IC50,6.78,165.0,CCP(=O)(O)C(C(=O)N/C=C/c1ccc(F)c(F)c1)c1csc2ccc(Cl)cc12,OQZFHRRYYSVINB-BQYQJAHWSA-N,CHEMBL223183,10074,Chymase 
371167,IC50,7.77,17.0,CP(=O)(O)C(C(=O)N/C=C/c1cc(F)cc(Cl)c1)c1csc2ccc(Cl)cc12,WQQJKGVIJLVFDM-SNAWJCMRSA-N,CHEMBL374504,10074,Chymase 
1972808,IC50,8.13,7.4,CC[C@@H](CC(=O)O)n1c(=O)c2ccncc2n(Cc2cn(C)c3cccc(C)c23)c1=O,ZZTKOUUAXKROMF-INIZCTEOSA-N,CHEMBL3640113,10074,Chymase 
217471,IC50,7.25,56.0,COC(=O)c1ccc(NS(=O)(=O)c2sc3ccc(F)cc3c2C)c(S(C)(=O)=O)c1,HQGLOZAWIWWMET-UHFFFAOYSA-N,CHEMBL129901,10074,Chymase 
371178,IC50,7.24,58.0,CP(=O)(O)C(C(=O)N/C=C/c1ccc(F)c(F)c1)c1csc2ccc(Cl)cc12,SEXLHAASDZPHOM-VOTSOKGWSA-N,CHEMBL222832,10074,Chymase 
2025019,IC50,6.44,360.0,Cn1cc(Cc2nn(C(C(=O)O)c3ccccc3)c(=O)c3ccccc23)c2ccccc21,JXEAVXZALMHYOT-UHFFFAOYSA-N,CHEMBL3691802,10074,Chymase 
107456,IC50,7.70,20.0,Cc1ccc(N2CC(=O)N(S(=O)(=O)c3ccc(Cl)c(Cl)c3)C2=O)cc1C,WRXQRIDLDWGZSK-UHFFFAOYSA-N,CHEMBL442366,10074,Chymase 
1165329,IC50,7.66,22.0,Cc1cccc2scc(Cn3c(SCCCC(=O)O)nc4ccccc43)c12,YSOMBHFITHOMPW-UHFFFAOYSA-N,CHEMBL1807642,10074,Chymase 
2293061,IC50,6.24,580.0,CC[C@@H](NC(=O)N1C/C(=N/OC(C)C)NC[C@@H](Cc2cc(Cl)ccc2OC)C1=O)c1ccc(C(=O)O)cc1,USELSLDCXISBGL-IFMALSPDSA-N,CHEMBL4214910,10074,Chymase 
107938,IC50,6.77,170.0,O=C1CN(c2ccccc2)C(=O)N1S(=O)(=O)c1ccc(Br)cc1,NQXVELVXYLJZFV-UHFFFAOYSA-N,CHEMBL305066,10074,Chymase 
1972787,IC50,8.02,9.6,Cc1cccc2c1c(Cn1c(=O)n(CC(=O)O)c(=O)c3cnccc31)cn2C,SFGGOOQUWZLSAF-UHFFFAOYSA-N,CHEMBL3640093,10074,Chymase 
410465,IC50,6.55,280.0,CCCCOc1ccc(Cl)cc1CC1CNC(=O)CN(S(=O)(=O)c2ccc(Cl)cc2)C1=O,YEGMMGVEFHOTOW-UHFFFAOYSA-N,CHEMBL395822,10074,Chymase 
216642,IC50,6.69,203.0,COC(=O)c1ccc(NS(=O)(=O)c2sc3ccc(Cl)cc3c2C)c(S(C)(=O)=O)c1,NYWZIWQEQFOYGG-UHFFFAOYSA-N,CHEMBL129879,10074,Chymase 
107692,IC50,6.96,110.0,COc1ccc(S(=O)(=O)N2C(=O)CN(c3ccccc3)C2=O)cc1OC,FHINKGTXICEXAI-UHFFFAOYSA-N,CHEMBL303431,10074,Chymase 
289019,Ki,7.68,21.1,CC(C)(C)OC(=O)NC(CCC(=O)O)C(=O)N1CCC[C@H]1C(=O)NC(Cc1ccccc1)C(=O)C(F)(F)C(=O)Nc1cccc(C(N)=O)c1,YWNVTKMAKISVGC-VHYCJAOWSA-N,CHEMBL366721,10074,Chymase 
287092,Ki,8.17,6.7,CC(C)(C)OC(=O)NC(CCC(=O)O)C(=O)N1CCC[C@H]1C(=O)NC(Cc1ccccc1)C(=O)C(F)(F)C(=O)Nc1cccc(CC(=O)O)c1,LWPUEILRZWFZQE-STEQJIOHSA-N,CHEMBL170697,10074,Chymase 
32379,Ki,8.45,3.56,Cc1cccc(-c2ncc(N)c(=O)n2CC(=O)NC(Cc2ccccc2)C(=O)C(F)(F)C(=O)NCC(=O)N2CCCCCC2)c1,JSEYNYOXJTVKFS-UHFFFAOYSA-N,CHEMBL26448,10074,Chymase 
32357,Ki,7.77,16.9,Cc1cccc(-c2ncc(N)c(=O)n2CC(=O)NC(Cc2ccccc2)C(=O)C(F)(F)C(=O)NCC(=O)O)c1,NYFMDMYCESZBHL-UHFFFAOYSA-N,CHEMBL442146,10074,Chymase 
288085,Ki,7.44,36.4,CC(C)[C@H](NC(=O)OC(C)(C)C)C(=O)N1CCC[C@H]1C(=O)NC(Cc1ccccc1)C(=O)C(F)(F)C(=O)NCCC(=O)O,KWCLJFRSRRDUSQ-BXBRYHBFSA-N,CHEMBL170402,10074,Chymase 
31342,Ki,7.30,50.6,Cc1cccc(-c2ncc(N)c(=O)n2CC(=O)NC(Cc2ccccc2)C(=O)C(F)(F)F)c1,XDTTYVCUSUPDCP-UHFFFAOYSA-N,CHEMBL280377,10074,Chymase 
288084,Ki,7.62,24.0,CC(C)[C@H](NC(=O)OC(C)(C)C)C(=O)N1CCC[C@H]1C(=O)NC(Cc1ccccc1)C(=O)C(F)(F)C(=O)NCCCC(=O)O,XVDABPCFDHXLLB-ZXNYFWILSA-N,CHEMBL173989,10074,Chymase 
32167,Ki,7.64,23.0,Cc1cccc(-c2ncc(N)c(=O)n2CC(=O)NC(Cc2ccccc2)C(=O)C(F)(F)C(=O)NCCC(=O)O)c1,FARGYWBCNYNMBW-UHFFFAOYSA-N,CHEMBL24071,10074,Chymase 
32092,Ki,6.76,174.0,Nc1cnc(-c2ccc(F)cc2)n(CC(=O)NC(Cc2ccccc2)C(=O)c2nc3cc(-c4ccccc4)ccc3o2)c1=O,XFDZXYJVOIPVDN-UHFFFAOYSA-N,CHEMBL286319,10074,Chymase 
286374,Ki,8.20,6.3,CC(C)[C@H](NS(=O)(=O)c1ccccc1)C(=O)N1CCC[C@H]1C(=O)NC(Cc1ccccc1)C(=O)C(F)(F)C(=O)Nc1cccc(C(=O)O)c1,FDCOCMQCSJDOLN-UWDVWBIHSA-N,CHEMBL170878,10074,Chymase 
32572,Ki,7.03,93.1,Nc1cnc(-c2ccc(F)cc2)n(CC(=O)NC(Cc2ccccc2)C(=O)c2nc3cc(F)ccc3o2)c1=O,LJJRCMBYBCDTEQ-UHFFFAOYSA-N,CHEMBL26171,10074,Chymase 
31209,Ki,7.77,16.9,Cc1cccc(-c2ncc(N)c(=O)n2CC(=O)NC(Cc2ccccc2)C(=O)C(F)(F)C(=O)NCc2ccccc2)c1,SXUSCUYJIUDJQH-UHFFFAOYSA-N,CHEMBL25833,10074,Chymase 
31003,Ki,7.13,74.3,Nc1cnc(-c2cccnc2)n(CC(=O)NC(Cc2ccccc2)C(=O)C(F)(F)C(=O)NCc2ccccc2)c1=O,MSMUEUPZLNNJEQ-UHFFFAOYSA-N,CHEMBL23910,10074,Chymase 
31849,Ki,7.54,28.9,Cc1cccc(-c2ncc(N)c(=O)n2CC(=O)NC(Cc2ccccc2)C(=O)C(F)(F)C(=O)NCc2cccnc2)c1,NTMVLCQVVRHYSU-UHFFFAOYSA-N,CHEMBL284495,10074,Chymase 
32557,Ki,7.78,16.6,Cc1cccc(-c2ncc(N)c(=O)n2CC(=O)NC(Cc2ccccc2)C(=O)C(F)(F)C(=O)Nc2ccc(C(=O)O)cc2)c1,GHWYBKPVWOOAPL-UHFFFAOYSA-N,CHEMBL284138,10074,Chymase 
287400,Ki,7.18,65.6,CC(NC(=O)C(F)(F)C(=O)C(Cc1ccccc1)NC(=O)[C@@H]1CCCN1C(=O)[C@@H](NC(=O)OC(C)(C)C)C(C)C)C(=O)O,BLUGNPYFZODMLT-BOWFFMLLSA-N,CHEMBL171805,10074,Chymase 
32668,Ki,8.25,5.6,CC(C)[C@H](NC(=O)OC(C)(C)C)C(=O)N1CCC[C@H]1C(=O)NC(Cc1ccccc1)C(=O)C(F)(F)C(=O)Nc1cccc(C(=O)O)c1,DWKQSWOPFOFIHM-DJHGOXGWSA-N,CHEMBL287318,10074,Chymase 
32367,Ki,7.80,15.7,Nc1cnc(-c2cccc(F)c2)n(CC(=O)NC(Cc2ccccc2)C(=O)C(F)(F)C(=O)NCc2ccccc2)c1=O,DFUULODUOQISLS-UHFFFAOYSA-N,CHEMBL284005,10074,Chymase 
31794,Ki,7.58,26.1,COC(=O)c1ccc2oc(C(=O)C(Cc3ccccc3)NC(=O)Cn3c(-c4cccc(Cl)c4)ncc(N)c3=O)nc2c1,CKBHZFRJHJCCDC-UHFFFAOYSA-N,CHEMBL25830,10074,Chymase 
31405,Ki,8.04,3.68,COC(=O)c1ccc2oc(C(=O)C(Cc3ccccc3)NC(=O)Cn3c(-c4ccc(F)cc4)ncc(N)c3=O)nc2c1,YGRSMPVCBHOYMS-UHFFFAOYSA-N,CHEMBL281124,10074,Chymase 
371206,Ki,8.64,2.3,CN(C(=O)c1cc2ccccc2cc1C(=O)C(c1cccc2ccccc12)P(=O)(O)O)C1CCN(C(=O)c2ccc3ccccc3c2)CC1,XUJQPDQURBZEGJ-UHFFFAOYSA-N,CHEMBL374027,10074,Chymase 
286440,Ki,8.15,7.1,CC(=O)N[C@H](C(=O)N1CCC[C@H]1C(=O)NC(Cc1ccccc1)C(=O)C(F)(F)C(=O)Nc1cccc(C(=O)O)c1)C(C)C,ATLVWGHZVYJSFD-VYCPFJESSA-N,CHEMBL170838,10074,Chymase 
32374,Ki,7.25,56.3,COC(=O)c1ccc2nc(C(=O)C(Cc3ccccc3)NC(=O)Cn3c(-c4ccc(F)cc4)ncc(N)c3=O)oc2c1,GYENOOFREWMDFR-UHFFFAOYSA-N,CHEMBL285306,10074,Chymase 
32063,Ki,7.84,14.3,COC(=O)c1ccc2oc(C(=O)C(Cc3ccccc3)NC(=O)Cn3c(-c4cccc(F)c4)ncc(N)c3=O)nc2c1,XTLKGPCVQYOEJO-UHFFFAOYSA-N,CHEMBL287133,10074,Chymase 
1546806,Ki,7.09,82.1,CC(C)[C@H](N)C(=O)N1CCC[C@H]1C(=O)N[C@@H](Cc1ccccc1)C(=O)C(F)(F)F.Cl,NAMKKYGFIVLQAS-NLQWVURJSA-N,CHEMBL2372355,10074,Chymase 
434012,Ki,8.32,4.8,COC(=O)c1ccc2oc(C(=O)[C@H](Cc3ccccc3)NC(=O)Cn3c(-c4cccc(OC)c4)ncc(N)c3=O)nc2c1,JBVRJKUPBUZDDJ-DEOSSOPVSA-N,CHEMBL402185,10074,Chymase 
31100,Ki,6.74,183.0,Nc1ccc2oc(C(=O)C(Cc3ccccc3)NC(=O)Cn3c(-c4ccc(F)cc4)ncc(N)c3=O)nc2c1,MNXFNUVFNQKSTM-UHFFFAOYSA-N,CHEMBL23870,10074,Chymase 
371241,Ki,7.44,36.0,O=C(Nc1ccc2ccccc2c1)C(c1csc2ccc(Cl)cc12)P(=O)(O)O,HUJXISJLAPAFBO-UHFFFAOYSA-N,CHEMBL387130,10074,Chymase 
32064,Ki,7.13,73.3,COc1ccc2oc(C(=O)C(Cc3ccccc3)NC(=O)Cn3c(-c4ccc(F)cc4)ncc(N)c3=O)nc2c1,ORAVNVBIQVBAJU-UHFFFAOYSA-N,CHEMBL24281,10074,Chymase 
32378,Ki,7.47,33.7,CCN(CC)C(=O)CCNC(=O)C(F)(F)C(=O)C(Cc1ccccc1)NC(=O)Cn1c(-c2cccc(C)c2)ncc(N)c1=O,PWVRTWWSNMKTDS-UHFFFAOYSA-N,CHEMBL26333,10074,Chymase 
287849,Ki,7.79,16.3,CC(C)[C@H](NC(=O)OC(C)(C)C)C(=O)N1CCC[C@H]1C(=O)NC(Cc1ccccc1)C(=O)C(F)(F)C(=O)Nc1ccccc1,PAWIHPFXDRGRSR-DJHGOXGWSA-N,CHEMBL352917,10074,Chymase 
31956,Ki,8.25,5.6,COC(=O)c1ccc2oc(C(=O)C(Cc3ccccc3)NC(=O)Cn3c(-c4cccc(N)c4)ncc(N)c3=O)nc2c1,KCPCIJRBSCGYDV-UHFFFAOYSA-N,CHEMBL26127,10074,Chymase 
31404,Ki,7.52,30.0,CCOC(=O)c1ccc2oc(C(=O)C(Cc3ccccc3)NC(=O)Cn3c(-c4ccc(F)cc4)ncc(N)c3=O)nc2c1,GAWJSQPTHATQCK-UHFFFAOYSA-N,CHEMBL290574,10074,Chymase 
286933,Ki,7.52,30.1,CC(C)[C@H](NC(=O)OC(C)(C)C)C(=O)N1CCC[C@H]1C(=O)NC(Cc1ccccc1)C(=O)C(F)(F)C(=O)NC(Cc1ccccc1)C(=O)O,CFADQZMIUQTSPC-NBAFEDJBSA-N,CHEMBL369796,10074,Chymase 
287399,Ki,6.31,493.0,CC(C)[C@H](NC(=O)OC(C)(C)C)C(=O)N1CCC[C@H]1C(=O)NC(Cc1ccccc1)C(=O)C(F)(F)C(=O)N1CCCC1C(=O)O,IAVPOQNSQQEGQF-ZWDXQAFOSA-N,CHEMBL368262,10074,Chymase 
32481,Ki,7.88,13.3,Cc1cccc(-c2ncc(N)c(=O)n2CC(=O)NC(Cc2ccccc2)C(=O)C(F)(F)C(N)=O)c1,LUAHLAHELOSEBD-UHFFFAOYSA-N,CHEMBL26494,10074,Chymase 
434104,Ki,6.75,180.0,Nc1cnc(-c2ccc(F)cc2)n(CC(=O)N[C@@H](Cc2ccccc2)C(=O)c2nc3ccccc3s2)c1=O,TXYNDCNOFANBEU-QFIPXVFZSA-N,CHEMBL258367,10074,Chymase 
31130,Ki,6.23,589.0,Nc1cnc(-c2ccc(F)cc2)n(CC(=O)NC(Cc2ccccc2)C(=O)C2=NCCO2)c1=O,LIGWYZKGLKGVSK-UHFFFAOYSA-N,CHEMBL281524,10074,Chymase 
286441,Ki,8.51,3.1,CC(C)[C@H](NC(=O)c1ccccc1)C(=O)N1CCC[C@H]1C(=O)NC(Cc1ccccc1)C(=O)C(F)(F)C(=O)Nc1cccc(C(=O)O)c1,KRJZRSZIDUORFM-UWDVWBIHSA-N,CHEMBL170200,10074,Chymase 
32253,Ki,8.11,7.71,CCNC(=O)CNC(=O)C(F)(F)C(=O)C(Cc1ccccc1)NC(=O)Cn1c(-c2cccc(C)c2)ncc(N)c1=O,VVVQOYXKOOPULV-UHFFFAOYSA-N,CHEMBL25199,10074,Chymase 
289020,Ki,7.44,36.6,CC(C)(C)OC(=O)NC(CC(=O)O)C(=O)N1CCC[C@H]1C(=O)NC(Cc1ccccc1)C(=O)C(F)(F)C(=O)Nc1cccc(C(=O)O)c1,KQYJCSAZWKMBQO-VNXZQDSDSA-N,CHEMBL367094,10074,Chymase 
32179,Ki,7.99,10.2,Cc1cccc(-c2ncc(N)c(=O)n2CC(=O)NC(Cc2ccccc2)C(=O)C(F)(F)C(=O)NCC(=O)N2CCCCC2)c1,DXFBFEWXAOUEQI-UHFFFAOYSA-N,CHEMBL24707,10074,Chymase 
287114,Ki,8.22,6.0,CC(C)(C)OC(=O)NC(CCC(=O)O)C(=O)N1CCC[C@H]1C(=O)NC(Cc1ccccc1)C(=O)C(F)(F)C(=O)Nc1cc(C(=O)O)cs1,FTHKDFFLXQKSKJ-CBNMVNINSA-N,CHEMBL355132,10074,Chymase 
287737,Ki,7.74,18.3,CC(C)[C@H](NC(=O)OC(C)(C)C)C(=O)N1CCC[C@H]1C(=O)NC(Cc1ccccc1)C(=O)C(F)(F)C(=O)NCCc1ccccc1,LWXWUIXAWYQYBW-DCYPJBMNSA-N,CHEMBL171119,10074,Chymase 
286375,Ki,8.17,6.8,CC(C)[C@H](NC(=O)OC(C)(C)C)C(=O)N1CCC[C@H]1C(=O)NC(Cc1ccccc1)C(=O)C(F)(F)C(=O)Nc1ccc(C(=O)O)cc1,ARZSEMSWUFDLOI-DJHGOXGWSA-N,CHEMBL170879,10074,Chymase 
32475,Ki,7.07,84.7,Nc1cnc(-c2ccncc2)n(CC(=O)NC(Cc2ccccc2)C(=O)C(F)(F)C(=O)NCc2ccccc2)c1=O,CAPFLCVXIMWPQO-UHFFFAOYSA-N,CHEMBL275228,10074,Chymase 
31850,Ki,8.63,1.12,COC(=O)c1ccc2oc(C(=O)C(Cc3ccccc3)NC(=O)Cn3c(-c4cccc(OC)c4)ncc(N)c3=O)nc2c1,JBVRJKUPBUZDDJ-UHFFFAOYSA-N,CHEMBL26285,10074,Chymase 
434060,Ki,6.23,590.0,Nc1cnc(-c2ccc(F)cc2)n(CC(=O)N[C@@H](Cc2ccccc2)C(=O)C2=NCCO2)c1=O,LIGWYZKGLKGVSK-IBGZPJMESA-N,CHEMBL255329,10074,Chymase 
410447,Ki,7.88,13.1,CC(C)C[C@H](NC(=O)[C@@H](NC(=O)N[C@@H](Cc1ccccc1)C(=O)O)C1CCNC(=N)N1)C(=O)N[C@H](C=O)Cc1ccccc1,MRXDGVXSWIXTQL-HYHFHBMOSA-N,CHEMBL247767,10074,Chymase 
31957,Ki,7.38,41.8,COC(=O)c1ccc2oc(C(=O)C(Cc3ccccc3)NC(=O)Cn3c(-c4cccc([N+](=O)[O-])c4)ncc(N)c3=O)nc2c1,CONJELOHGJTPRI-UHFFFAOYSA-N,CHEMBL284350,10074,Chymase 
32356,Ki,7.92,12.0,Cc1cccc(-c2ncc(N)c(=O)n2CC(=O)NC(Cc2ccccc2)C(=O)C(F)(F)C(=O)NCC(N)=O)c1,DGAWUNPWOXJNAH-UHFFFAOYSA-N,CHEMBL25169,10074,Chymase 
286448,Ki,6.29,513.0,CC(C)[C@H](NC(=O)OC(C)(C)C)C(=O)N1CCC[C@H]1C(=O)NC(Cc1ccccc1)C(=O)C(F)(F)C(=O)N[C@@H](Cc1ccccc1)C(=O)O,CFADQZMIUQTSPC-CZEMMQRTSA-N,CHEMBL171354,10074,Chymase 
32366,Ki,6.36,440.0,Nc1cnc(-c2ccc(F)cc2)n(CC(=O)NC(Cc2ccccc2)C(=O)C(F)(F)C(=O)NCc2ccccc2)c1=O,NUUCUHIHWIAZOY-UHFFFAOYSA-N,CHEMBL24670,10074,Chymase 
31451,Ki,7.03,94.0,NC(=O)c1ccc2oc(C(=O)C(Cc3ccccc3)NC(=O)Cn3c(-c4ccc(F)cc4)ncc(N)c3=O)nc2c1,VAOGLIYVHPRMHX-UHFFFAOYSA-N,CHEMBL26011,10074,Chymase 
31131,Ki,7.36,43.5,COC(=O)c1ccc2oc(C(=O)C(Cc3ccccc3)NC(=O)Cn3c(-c4ccncc4)ncc(N)c3=O)nc2c1,ATPWEZDSWMGFEE-UHFFFAOYSA-N,CHEMBL23999,10074,Chymase 
32669,Ki,7.49,32.5,Nc1cnc(-c2ccccc2)n(CC(=O)NC(Cc2ccccc2)C(=O)C(F)(F)C(=O)NCc2ccccc2)c1=O,HUMKWHCZOMYLFG-UHFFFAOYSA-N,CHEMBL284017,10074,Chymase 
32626,Ki,7.22,60.6,Nc1cnc(-c2ccc(F)cc2)n(CC(=O)NC(Cc2ccccc2)C(=O)c2nc3ncccc3o2)c1=O,FZADIGASTHDCEN-UHFFFAOYSA-N,CHEMBL283146,10074,Chymase 
32413,Ki,6.31,489.0,Cc1cccc(-c2ncc(N)c(=O)n2CC(=O)NC(Cc2ccccc2)C(=O)C(F)(F)C(=O)N(C)C)c1,COUKMDYCPCXCIY-UHFFFAOYSA-N,CHEMBL24211,10074,Chymase 
31376,Ki,7.12,76.0,Nc1cnc(-c2ccc(F)cc2)n(CC(=O)NC(Cc2ccccc2)C(=O)c2nc3cc(C(=O)O)ccc3o2)c1=O,WCVIFBQCHLWPOT-UHFFFAOYSA-N,CHEMBL22979,10074,Chymase 
32566,Ki,7.04,90.7,CNC(=O)C(F)(F)C(=O)C(Cc1ccccc1)NC(=O)Cn1c(-c2cccc(C)c2)ncc(N)c1=O,LPYMJMNMSVGMAZ-UHFFFAOYSA-N,CHEMBL26496,10074,Chymase 
286931,Ki,7.15,70.1,CC(C)[C@H](NC(=O)OC(C)(C)C)C(=O)N1CCC[C@H]1C(=O)NC(Cc1ccccc1)C(=O)C(F)(F)C(=O)N(C)Cc1ccccc1,GTHSXPMJBBRRTH-DCYPJBMNSA-N,CHEMBL171492,10074,Chymase 
289021,Ki,7.64,22.8,CCCCNS(=O)(=O)c1cccc(NC(=O)C(F)(F)C(=O)C(Cc2ccccc2)NC(=O)[C@@H]2CCCN2C(=O)C(CCC(=O)O)NC(=O)OC(C)(C)C)c1,HIUQSFGYYWNUPS-LADMEODRSA-N,CHEMBL433799,10074,Chymase 
32558,Ki,8.01,9.7,Cc1cccc(-c2ncc(N)c(=O)n2CC(=O)NC(Cc2ccccc2)C(=O)C(F)(F)C(=O)Nc2cccc(C(=O)O)c2)c1,SNCGFOXGVUAVRV-UHFFFAOYSA-N,CHEMBL284702,10074,Chymase 
286929,Ki,7.56,27.5,CC(C)(C)OC(=O)NC(CCC(=O)O)C(=O)N1CCC[C@H]1C(=O)NC(Cc1ccccc1)C(=O)C(F)(F)C(=O)Nc1cccc(S(N)(=O)=O)c1,XASZRMABFYDSRH-VHYCJAOWSA-N,CHEMBL171769,10074,Chymase 
32180,Ki,8.03,9.32,CCN(CC)C(=O)CNC(=O)C(F)(F)C(=O)C(Cc1ccccc1)NC(=O)Cn1c(-c2cccc(C)c2)ncc(N)c1=O,UUPSHDKAULEOJB-UHFFFAOYSA-N,CHEMBL25884,10074,Chymase 
32123,Ki,6.74,182.0,Nc1cnc(-c2ccc(F)cc2)n(CC(=O)NC(Cc2ccccc2)C(=O)c2nc3ccccc3s2)c1=O,TXYNDCNOFANBEU-UHFFFAOYSA-N,CHEMBL26342,10074,Chymase 
31359,Ki,7.22,59.5,CCN(CC)C(=O)c1ccc2oc(C(=O)C(Cc3ccccc3)NC(=O)Cn3c(-c4ccc(F)cc4)ncc(N)c3=O)nc2c1,XKDCZUJYJWQXCC-UHFFFAOYSA-N,CHEMBL284545,10074,Chymase 
434101,Ki,6.92,120.0,Nc1cnc(-c2ccc(F)cc2)n(CC(=O)N[C@@H](Cc2ccccc2)C(=O)c2nc3ccccc3o2)c1=O,CHZRLYSIGRMVGJ-QFIPXVFZSA-N,CHEMBL403531,10074,Chymase 
286439,Ki,8.19,6.5,COC(=O)CNC(=O)C(F)(F)C(=O)C(Cc1ccccc1)NC(=O)[C@@H]1CCCN1C(=O)[C@@H](NC(=O)OC(C)(C)C)C(C)C,HEDPACPYFUGUAZ-BXBRYHBFSA-N,CHEMBL170718,10074,Chymase 
79292,Ki,8.64,2.3,O=C(c1ccc2ccccc2c1)C(c1cccc2ccccc12)P(=O)(O)O,OFHMUASCSJJNNA-UHFFFAOYSA-N,CHEMBL424224,10074,Chymase 
32670,Ki,8.065,28.0,Nc1cnc(-c2cccc(Cl)c2)n(CC(=O)NC(Cc2ccccc2)C(=O)C(F)(F)C(=O)NCc2ccccc2)c1=O,NUNGDKUJSAHDEV-UHFFFAOYSA-N,CHEMBL24734,10074,Chymase 
31851,Ki,7.36,44.2,COC(=O)c1ccc2oc(C(=O)C(Cc3ccccc3)NC(=O)Cn3c(-c4cccc(C)c4)ncc(N)c3=O)nc2c1,YFZBJEZECVJTBZ-UHFFFAOYSA-N,CHEMBL26286,10074,Chymase 
285989,Ki,7.85,14.2,CC(C)(C)OC(=O)NC(CCC(=O)O)C(=O)N1CCC[C@H]1C(=O)NC(Cc1ccccc1)C(=O)C(F)(F)C(=O)Nc1cc(C(=O)O)c2ccccc2c1,ZVEKCCKXWHSPTF-LADMEODRSA-N,CHEMBL170152,10074,Chymase 
32358,Ki,7.99,10.2,COC(=O)CNC(=O)C(F)(F)C(=O)C(Cc1ccccc1)NC(=O)Cn1c(-c2cccc(C)c2)ncc(N)c1=O,XAMQZXSJYFEDPF-UHFFFAOYSA-N,CHEMBL26182,10074,Chymase 
287047,Ki,7.58,92.4,CC(C)[C@H](NC(=O)OC(C)(C)C)C(=O)N1CCC[C@H]1C(=O)NC(Cc1ccccc1)C(=O)C(F)(F)C(=O)NCc1ccccc1,TYHMRABMDQBPNX-WIXBZOCESA-N,CHEMBL170074,10074,Chymase 
287012,Ki,8.89,1.3,CC(C)[C@H](NC(=O)CCc1ccccc1)C(=O)N1CCC[C@H]1C(=O)NC(Cc1ccccc1)C(=O)C(F)(F)C(=O)Nc1cccc(C(=O)O)c1,CJWDWGZIJACCDA-DSMFHGBCSA-N,CHEMBL353816,10074,Chymase 
287048,Ki,7.54,28.7,CNC(=O)C(F)(F)C(=O)C(Cc1ccccc1)NC(=O)[C@@H]1CCCN1C(=O)[C@@H](NC(=O)OC(C)(C)C)C(C)C,YUQCCSCQUXMGFY-YPJRHXLCSA-N,CHEMBL170683,10074,Chymase 
287113,Ki,8.52,3.0,CC[C@H](C)[C@H](NC(=O)OCc1ccccc1)C(=O)N[C@@H](CCC(=O)O)C(=O)N1CCC[C@H]1C(=O)N[C@@H](Cc1ccccc1)C(=O)OC,NQFWNRFKRYMGAI-OXHJWIHTSA-N,CHEMBL355430,10074,Chymase 
286343,Ki,7.88,13.1,CC(C)[C@H](NC(=O)OC(C)(C)C)C(=O)N1CCC[C@H]1C(=O)NC(Cc1ccccc1)C(=O)C(F)(F)C(=O)NCC(=O)O,UAMCDXMHFCRRRM-ZDZADGERSA-N,CHEMBL171676,10074,Chymase 
434011,Ki,8.25,5.6,COC(=O)c1ccc2oc(C(=O)[C@H](Cc3ccccc3)NC(=O)Cn3c(-c4ccccc4)ncc(N)c3=O)nc2c1,ZEYKCKHIIXIHTH-QHCPKHFHSA-N,CHEMBL256270,10074,Chymase 
286927,Ki,8.25,5.6,CC(C)C(NC(=O)OC(C)(C)C)C(=O)N1CCC[C@H]1C(=O)NC(Cc1ccccc1)C(=O)C(F)(F)C(=O)Nc1cccc(C(=O)O)c1,DWKQSWOPFOFIHM-BQCMWAFGSA-N,CHEMBL169707,10074,Chymase 
31880,Ki,7.11,77.4,COC(=O)c1ccc2oc(C(=O)C(Cc3ccccc3)NC(=O)Cn3c(-c4cccnc4)ncc(N)c3=O)nc2c1,LFOPCPCAHKTADE-UHFFFAOYSA-N,CHEMBL24647,10074,Chymase 
286442,Ki,7.78,16.5,CC(C)[C@H](NS(C)(=O)=O)C(=O)N1CCC[C@H]1C(=O)NC(Cc1ccccc1)C(=O)C(F)(F)C(=O)Nc1cccc(C(=O)O)c1,XRJYMPKANIKEBH-KXNJDZORSA-N,CHEMBL171801,10074,Chymase 
32476,Ki,7.86,13.8,COc1cccc(-c2ncc(N)c(=O)n2CC(=O)NC(Cc2ccccc2)C(=O)C(F)(F)C(=O)NCc2ccccc2)c1,YBGXUZGJYQNALN-UHFFFAOYSA-N,CHEMBL283786,10074,Chymase 
286928,Ki,8.41,3.9,CC(C)(C)OC(=O)NC(CCC(=O)O)C(=O)N1CCC[C@H]1C(=O)NC(Cc1ccccc1)C(=O)C(F)(F)C(=O)Nc1cccc(C(=O)O)c1,UHBKNSOVBQQMQP-VHYCJAOWSA-N,CHEMBL436061,10074,Chymase 
371167,Ki,7.96,11.0,CP(=O)(O)C(C(=O)N/C=C/c1cc(F)cc(Cl)c1)c1csc2ccc(Cl)cc12,WQQJKGVIJLVFDM-SNAWJCMRSA-N,CHEMBL374504,10074,Chymase 
32525,Ki,8.25,5.57,COC(=O)c1ccc2oc(C(=O)C(Cc3ccccc3)NC(=O)Cn3c(-c4ccccc4)ncc(N)c3=O)nc2c1,ZEYKCKHIIXIHTH-UHFFFAOYSA-N,CHEMBL26297,10074,Chymase 
32377,Ki,7.73,18.5,CCCCCNC(=O)C(F)(F)C(=O)C(Cc1ccccc1)NC(=O)Cn1c(-c2cccc(C)c2)ncc(N)c1=O,HCFCPJNPHOFKAO-UHFFFAOYSA-N,CHEMBL24697,10074,Chymase 
31450,Ki,7.16,68.6,CCNC(=O)c1ccc2oc(C(=O)C(Cc3ccccc3)NC(=O)Cn3c(-c4ccc(F)cc4)ncc(N)c3=O)nc2c1,FFYMNTRRFVIFCL-UHFFFAOYSA-N,CHEMBL25776,10074,Chymase 
32124,Ki,6.90,125.0,Nc1cnc(-c2ccc(F)cc2)n(CC(=O)NC(Cc2ccccc2)C(=O)c2nc3ccccc3o2)c1=O,CHZRLYSIGRMVGJ-UHFFFAOYSA-N,CHEMBL285101,10074,Chymase 
434058,Ki,7.14,73.0,COc1ccc2oc(C(=O)[C@H](Cc3ccccc3)NC(=O)Cn3c(-c4ccc(F)cc4)ncc(N)c3=O)nc2c1,ORAVNVBIQVBAJU-QHCPKHFHSA-N,CHEMBL255328,10074,Chymase 
288200,Ki,7.90,12.5,CC(C)[C@H](NC(=O)OC(C)(C)C)C(=O)N1CCC[C@H]1C(=O)NC(Cc1ccccc1)C(=O)C(F)(F)C(=O)NCC(=O)OCc1ccccc1,IBPZVDLKMJYZON-KKGVWULHSA-N,CHEMBL172873,10074,Chymase 
434010,Ki,7.64,23.0,COC(=O)c1ccc2oc(C(=O)[C@H](Cc3ccccc3)NC(=O)Cn3c(-c4ccc(F)cc4)ncc(N)c3=O)nc2c1,YGRSMPVCBHOYMS-QHCPKHFHSA-N,CHEMBL256258,10074,Chymase 
250348,Ki,7.25,55.8,CC(C)[C@H](NC(=O)OC(C)(C)C)C(=O)N1CCC[C@H]1C(=O)NC(Cc1ccccc1)C(=O)C(F)(F)F,RQBJCPKLQFRGBI-MNNMKWMVSA-N,CHEMBL147013,10074,Chymase 
