108623,EC50,8.82,1.5,CC(/C=C/C1CC1(C)c1ccc2c(c1)C(C)(C)CCC2(C)C)=C\C(=O)O,BOOOLEGQBVUTKC-YWRSBGDESA-N,CHEMBL69091,275,Retinoid X receptor alpha 
96826,EC50,7.54,29.0,Cc1cc2c(cc1C1CCCc3oc(/C=C/C(=O)O)cc31)C(C)(C)CCC2(C)C,IOYHUMXQADXBLL-MDZDMXLPSA-N,CHEMBL432140,275,Retinoid X receptor alpha 
414614,EC50,8.14,7.2,CCN1C(=O)CC(C)(C)c2cc(C)c(-c3cc(CCC(=O)O)ccc3OC(F)(F)F)cc21,OQUDOBWBBXQFHB-UHFFFAOYSA-N,CHEMBL246825,275,Retinoid X receptor alpha 
414789,EC50,8.74,1.8,Cc1cc2c(cc1-c1cc(/C=C/C(=O)O)ccc1OC(F)(F)F)N(CC(F)(F)F)C(=O)CC2(C)C,UTSXJPKPEYSNHD-FNORWQNLSA-N,CHEMBL247005,275,Retinoid X receptor alpha 
2452940,EC50,8.40,4.0,CC1=C(/C=C\C(C)=C/C=C/C(C)=C/C(=O)O)C(C)(C)CCC1,SHGAZHPCJJPHSC-APEUKWGDSA-N,CHEMBL4582509,275,Retinoid X receptor alpha 
61112,EC50,7.70,20.0,CCOc1c(-c2cccc3sc(/C(C)=C/C(=O)O)cc23)cc(C(C)C)cc1C(C)C,JCUMFUZJXNRHHE-GZTJUZNOSA-N,CHEMBL41890,275,Retinoid X receptor alpha 
147276,EC50,8.40,4.0,CCCCOc1c(/C(C)=C\C=C\C(C)=C\C(=O)O)cc(C(C)C)cc1C(C)C,VAHYHAIEBMCUDU-HEIONRKESA-N,CHEMBL414218,275,Retinoid X receptor alpha 
414658,EC50,7.34,45.9,Cc1cc2c(cc1-c1cc(CCC(=O)O)ccc1OC(F)(F)F)N(C)C(=O)CC2(C)C,BVMMIPHKZUYXKU-UHFFFAOYSA-N,CHEMBL248236,275,Retinoid X receptor alpha 
97103,EC50,8.35,4.0,CC1(C)CCC(C)(C)c2cc(C3CCCc4oc(/C=C5/SC(=O)NC5=O)cc43)ccc21,KKABGOOTLHQIHG-HYARGMPZSA-N,CHEMBL305115,275,Retinoid X receptor alpha 
1075965,EC50,7.18,66.0,CCN(c1ccc(C(C)C)c(OC(C)C)c1)c1ccc(C(=O)O)cn1,YHELAIIDVSNOPG-UHFFFAOYSA-N,CHEMBL1688382,275,Retinoid X receptor alpha 
142996,EC50,7.89,13.0,CC(/C=C/CC1(c2ccc3c(c2)C(C)(C)CCC3(C)C)CC1)=C\C(=O)O,PBTJHWPJNWIKLF-QCBIDBMXSA-N,CHEMBL89331,275,Retinoid X receptor alpha 
2429308,EC50,7.03,93.0,CN(c1cc(C(F)(F)F)nc(OCCC(=O)O)n1)c1cccc2c1CCC2,YMSJOQCCWIPKGF-UHFFFAOYSA-N,CHEMBL4558880,275,Retinoid X receptor alpha 
1522521,EC50,7.82,15.0,Cc1cc2c(cc1-n1c(C(F)(F)F)nc3cc(C(=O)O)ccc31)C(C)(C)CCC2(C)C,GBMUQLAGEWYKTJ-UHFFFAOYSA-N,CHEMBL2332887,275,Retinoid X receptor alpha 
61111,EC50,7.8825,17.0,Cc1cc2c(cc1C1(c3ccc(C(=O)O)cn3)CC1)C(C)(C)CCC2(C)C,SLXTWXQUEZSSTJ-UHFFFAOYSA-N,CHEMBL288436,275,Retinoid X receptor alpha 
2372564,EC50,7.57,27.0,Cc1cc2c(cc1-n1c(C(F)(F)F)nc3cc(C(=O)O)cnc31)C(C)(C)CCC2(C)C,ARMWUPTWSUWCTJ-UHFFFAOYSA-N,CHEMBL4465555,275,Retinoid X receptor alpha 
2074551,EC50,7.30,50.12,CC1(C)CCC(C)(C)c2cc3c(cc21)OC1CCCCC31c1ccc(C(=O)O)c(F)c1,WUMXEFVHKYADBL-UHFFFAOYSA-N,CHEMBL3781998,275,Retinoid X receptor alpha 
163355,EC50,7.28,52.0,C=C(c1ccc(C(=O)O)cc1)c1cc2c(cc1Cl)C(C)(C)CCC2(C)C,ARSPFAPDBRQSDD-UHFFFAOYSA-N,CHEMBL101609,275,Retinoid X receptor alpha 
2358826,EC50,7.10,80.0,O=C(O)Cc1ccc(-c2cc(C(F)(F)F)cc(C(F)(F)F)c2)cc1,QXUJSELRLOECDC-UHFFFAOYSA-N,CHEMBL4451817,275,Retinoid X receptor alpha 
148932,EC50,8.40,4.0,C/C(=C\c1ncc(C(=O)O)s1)c1cc2c(cc1C)C(C)(C)CCC2(C)C,WGOHVXKUHRUIRK-GXDHUFHOSA-N,CHEMBL328481,275,Retinoid X receptor alpha 
33216,EC50,8.055,1.5,CC1=C(/C=C/C(C)=C\C=C\C(C)=C\C(=O)O)C(C)(C)CCC1,SHGAZHPCJJPHSC-ZVCIMWCZSA-N,CHEMBL705,275,Retinoid X receptor alpha 
125735,EC50,8.10,8.0,CC(/C=C/[C@H]1CCC[C@@H]1c1ccc2c(c1)C(C)(C)CCC2(C)C)=C\C(=O)O,HOAYGRVRYIUNNV-HOMFKRFTSA-N,CHEMBL80236,275,Retinoid X receptor alpha 
414603,EC50,7.41,39.1,CCN1C(=O)CC(C)(C)c2cc(C)c(-c3cc(/C=C\C(=O)O)ccc3OC(F)(F)F)cc21,GHQZEYMCJYZIPJ-CLFYSBASSA-N,CHEMBL246823,275,Retinoid X receptor alpha 
119719,EC50,8.40,4.0,CC(/C=C/[C@H]1C[C@@]1(C)c1ccc2c(c1)C(C)(C)CCC2(C)C)=C\C(=O)O,BOOOLEGQBVUTKC-DHPCXDHDSA-N,CHEMBL308377,275,Retinoid X receptor alpha 
61070,EC50,7.96,11.0,C/C(=C/C=C/C(C)=C/C(=O)O)c1cc(C(C)(C)C)cc(C(C)(C)C)c1OCC(F)F,BHIBZAZKKARFIM-XRYBSMBUSA-N,CHEMBL42314,275,Retinoid X receptor alpha 
149482,EC50,7.05,89.0,C/C(=C\c1nc(C(=O)O)c[nH]1)c1cc2c(cc1C)C(C)(C)CCC2(C)C,DYDVTRMDNGTYGL-GXDHUFHOSA-N,CHEMBL329802,275,Retinoid X receptor alpha 
414661,EC50,8.85,1.4,Cc1cc2c(cc1-c1cc(CCC(=O)O)ccc1OC(F)(F)F)N(CC(F)(F)F)C(=O)CC2(C)C,GDQPGUGIXZYMAU-UHFFFAOYSA-N,CHEMBL247220,275,Retinoid X receptor alpha 
414868,EC50,7.21,61.2,CCN1C(=O)C(C)(C)Oc2cc(C)c(-c3cc(/C(C)=C/C(=O)O)ccc3OC(F)(F)F)cc21,HJTWCLJBRWHWTA-JLHYYAGUSA-N,CHEMBL248191,275,Retinoid X receptor alpha 
125651,EC50,7.28,53.0,CC(/C=C/C1=C(c2ccc3c(c2)C(C)(C)CCC3(C)C)CCC1)=C\C(=O)O,VYBMNAKWMZVNRX-WDWAOICLSA-N,CHEMBL79234,275,Retinoid X receptor alpha 
97176,EC50,7.01,97.0,CC1(C)CCC(C)(C)c2cc(C3CCCc4sc(CCC(=O)O)cc43)ccc21,DZGIOQCOHRMFAU-UHFFFAOYSA-N,CHEMBL60090,275,Retinoid X receptor alpha 
2570438,EC50,7.16,70.0,O=C(O)CCc1nc(-c2ccccc2)c(-c2cccc(C(F)(F)F)c2)o1,YVMOMWXCFUSTCG-UHFFFAOYSA-N,CHEMBL4876667,275,Retinoid X receptor alpha 
1966410,EC50,7.10,80.0,CC(=C/C=C/C(C)=C/C(=O)O)/C=C1\CCCC(c2ccccc2)=C1CCC(C)C,VJBLGOPDTIBPFN-JNRBUOIVSA-N,CHEMBL3622725,275,Retinoid X receptor alpha 
414786,EC50,7.61,24.3,Cc1cc2c(cc1-c1cc(/C=C/C(=O)O)ccc1OC(F)(F)F)N(C)C(=O)CC2(C)C,OFANDPMVUOFJJR-SOFGYWHQSA-N,CHEMBL247836,275,Retinoid X receptor alpha 
2074549,EC50,7.60,25.12,CC1(C)CCC(C)(C)c2cc3c(cc21)OC1CCCC31c1ccc(C(=O)O)cc1,PLLRIXHLFVZTMU-UHFFFAOYSA-N,CHEMBL3779935,275,Retinoid X receptor alpha 
414612,EC50,7.72,19.2,CCN1C(=O)CC(C)(C)c2cc(C)c(-c3cc(C4CC4C(=O)O)ccc3OC(F)(F)F)cc21,HINFJNJYAGNCSO-UHFFFAOYSA-N,CHEMBL246824,275,Retinoid X receptor alpha 
345704,EC50,7.00,99.0,CCCN(C/C=C/C(C)=C/C(=O)O)c1cc(C(C)(C)C)cc(C(C)(C)C)c1,NJUNLFLTZKMXMQ-NJESZQPCSA-N,CHEMBL379057,275,Retinoid X receptor alpha 
68407,EC50,7.89,13.0,CC1=C(/C=C\C(C)=C\C=C\C(C)=C\C(=O)O)C(C)(C)CCC1,SHGAZHPCJJPHSC-WBBXYVSWSA-N,CHEMBL44478,275,Retinoid X receptor alpha 
96394,EC50,7.42,20.0,CC1(C)CCC(C)(C)c2cc(C3CCCc4sc(/C=C/C(=O)O)cc43)ccc21,IQLISKYOLFJFEL-PKNBQFBNSA-N,CHEMBL62537,275,Retinoid X receptor alpha 
142997,EC50,7.52,30.0,CC(/C=C/CC1(c2cc(C(C)(C)C)cc(C(C)(C)C)c2)CC1)=C\C(=O)O,BGVPDBYBQCFFGN-KSWQMODOSA-N,CHEMBL89581,275,Retinoid X receptor alpha 
272479,EC50,8.30,5.0,CO/N=C(\c1ccc(C(=O)O)cc1)c1cc2c(cc1C)C(C)(C)CCC2(C)C,NAQPJCDULHJGLW-NJNXFGOHSA-N,CHEMBL423465,275,Retinoid X receptor alpha 
143874,EC50,7.47,34.0,CC(/C=C/CC1(c2cc(C(C)(C)C)cc3c2CCC3(C)C)CC1)=C\C(=O)O,WFMNSSJQXRDLTP-ZFKNLEDPSA-N,CHEMBL88216,275,Retinoid X receptor alpha 
1075966,EC50,7.72,19.0,CCN(c1ccc(C(C)C)c(OCC(C)C)c1)c1ccc(C(=O)O)cn1,JUCWZKDTWSKUAW-UHFFFAOYSA-N,CHEMBL1688383,275,Retinoid X receptor alpha 
345775,EC50,7.19,64.0,CCN(C/C=C/C(C)=C/C(=O)O)c1cc2c(cc1C)C(C)(C)CCC2(C)C,PQUKTZDZZRYNRP-XYJQQDCNSA-N,CHEMBL427391,275,Retinoid X receptor alpha 
125225,EC50,8.40,4.0,CC(/C=C/[C@]12CCC[C@@]1(c1ccc3c(c1)C(C)(C)CCC3(C)C)C2)=C\C(=O)O,WYLRCUSVWGFVQB-FCYKCFNLSA-N,CHEMBL310047,275,Retinoid X receptor alpha 
119498,EC50,7.610909090909090909090909091,42.0,C=C(c1ccc(C(=O)O)cc1)c1cc2c(cc1C)C(C)(C)CCC2(C)C,NAVMQTYZDKMPEU-UHFFFAOYSA-N,CHEMBL1023,275,Retinoid X receptor alpha 
414670,EC50,8.64,2.3,CCN1C(=O)CC(C)(C)c2cc(C)c(-c3cc([C@@H]4C[C@H]4C(=O)O)ccc3OC(F)(F)F)cc21,HINFJNJYAGNCSO-FUHWJXTLSA-N,CHEMBL247401,275,Retinoid X receptor alpha 
151620,EC50,7.185,65.0,C/C(=C\C(=O)O)c1ccc2[nH]cc(-c3cc(C(C)(C)C)cc(C(C)(C)C)c3OCC(F)F)c2c1,POAAIJQVWHRDMG-MHWRWJLKSA-N,CHEMBL430651,275,Retinoid X receptor alpha 
414628,EC50,7.42,37.7,CCN1C(=O)CC(C)(C)c2cc(C)c(-c3cc(C(C)CC(=O)O)ccc3OC(F)(F)F)cc21,PHRURZQTGOTHBJ-UHFFFAOYSA-N,CHEMBL247000,275,Retinoid X receptor alpha 
1966405,EC50,7.30,50.0,CC(=C/C=C/C(C)=C/C(=O)O)/C=C1\CCCC(C2CC2)=C1C(C)C,FHOBBJDFMVSLRC-FKXLRVRBSA-N,CHEMBL3622720,275,Retinoid X receptor alpha 
2549618,EC50,7.30,50.0,O=C(O)CCc1nc(-c2ccccc2)c(-c2cc(C(F)(F)F)cc(C(F)(F)F)c2)o1,KMMWBOHSOIDNLP-UHFFFAOYSA-N,CHEMBL4855847,275,Retinoid X receptor alpha 
272455,EC50,8.15,7.0,Cc1cc2c(cc1/C(=N/O)c1ccc(C(=O)O)cc1)C(C)(C)CCC2(C)C,ZDSBRLPUWAHPHO-HIXSDJFHSA-N,CHEMBL162334,275,Retinoid X receptor alpha 
1546975,EC50,7.07,86.0,C[C@H](NC(=O)[C@H](Cc1ccccc1)NP(=O)(O)O)C(=O)NCC(N)=O,BSFXXKHCUFPVSC-ONGXEEELSA-N,CHEMBL2372524,275,Retinoid X receptor alpha 
1385987,EC50,7.41,70.0,CN1Cc2oc(/C=C/C(=O)O)cc2C(c2ccc3c(c2)C(C)(C)CCC3(C)C)C1,VVYXHHKLSQVSJD-VQHVLOKHSA-N,CHEMBL2113736,275,Retinoid X receptor alpha 
146688,EC50,8.15,7.0,C/C(=C/C=C/C(C)=C/C(=O)O)c1cc(C(C)C)cc(C(C)C)c1OCCF,IZRBTAOACLYFOA-PVINZEOUSA-N,CHEMBL92430,275,Retinoid X receptor alpha 
176178,EC50,7.58,26.0,Cc1cc2c(cc1C1(c3ccc(C(=O)O)cc3)CC1)C(C)(C)CCC2(C)C,IQIDRTFMVGFIEL-UHFFFAOYSA-N,CHEMBL106896,275,Retinoid X receptor alpha 
151032,EC50,8.30,5.0,CC(/C=C/C1(c2cc3c(cc2C)C(C)(C)CCC3(C)C)CC1)=C\C(=O)O,QCUYSUZEBJQJPS-YWRSBGDESA-N,CHEMBL92284,275,Retinoid X receptor alpha 
180972,EC50,8.10,8.0,CCOc1cc2c(cc1/C(C)=C\C=C\C(C)=C\C(=O)O)C(C)(C)CCC2(C)C,FBMOYGVRPZARPX-SFTNPHNRSA-N,CHEMBL109847,275,Retinoid X receptor alpha 
2208,EC50,7.27,54.0,CC1=C(/C=C/C(C)=C/C=C/C(C)=C/C(=O)O)C(C)(C)CCC1,SHGAZHPCJJPHSC-YCNIQYBTSA-N,CHEMBL38,275,Retinoid X receptor alpha 
572096,EC50,7.37,43.0,Cc1cc2c(cc1Cc1ccc(C(=O)O)c(F)c1)C(C)(C)CCC2(C)C,HLSZUZQZXROBMJ-UHFFFAOYSA-N,CHEMBL583996,275,Retinoid X receptor alpha 
147190,EC50,8.70,2.0,CCOc1c(/C(C)=C\C=C\C(C)=C\C(=O)O)cc(C(C)C)cc1C(C)C,HQROCOFWMCGIQB-IXGCMVFISA-N,CHEMBL88740,275,Retinoid X receptor alpha 
414674,EC50,9.05,0.9,CCN1C(=O)CC(C)(C)c2cc(C)c(-c3cc(/C=C4\SC(=O)NC4=O)ccc3OC(F)(F)F)cc21,HWJYWTWTNWGEPW-JMIUGGIZSA-N,CHEMBL248415,275,Retinoid X receptor alpha 
176177,EC50,7.29,51.0,Cc1cc2c(cc1C1(c3ccc(C(=O)O)cc3)CO1)C(C)(C)CCC2(C)C,DAUWSBRWCVRVRP-UHFFFAOYSA-N,CHEMBL106817,275,Retinoid X receptor alpha 
151000,EC50,7.29,51.0,CC(/C=C/C1(c2ccc3c(c2)C(C)(C)CCC3(C)C)CCCC1)=C\C(=O)O,YDJABWPMZKPOCN-JODANDAUSA-N,CHEMBL93848,275,Retinoid X receptor alpha 
414601,EC50,8.74,1.8,CCN1C(=O)CC(C)(C)c2cc(C)c(-c3cc(/C=C/C(=O)O)ccc3OC(F)(F)F)cc21,GHQZEYMCJYZIPJ-VQHVLOKHSA-N,CHEMBL246821,275,Retinoid X receptor alpha 
96819,EC50,7.38,42.0,CC1(C)CCC(C)(C)c2cc(C3CCCc4oc(/C=C/C(=O)O)nc43)ccc21,FGQBLCYSBHFGFH-ZHACJKMWSA-N,CHEMBL64222,275,Retinoid X receptor alpha 
272666,EC50,7.50,32.0,CCCO/N=C(\c1ccc(C(=O)O)cc1)c1cc2c(cc1C)C(C)(C)CCC2(C)C,FCWJGEDDKBUMAI-SLEBQGDGSA-N,CHEMBL165734,275,Retinoid X receptor alpha 
163356,EC50,7.29,51.0,C=C(c1ccc(C(=O)O)cc1)c1cc2c(cc1Br)C(C)(C)CCC2(C)C,JRRBUWNHWCKPBW-UHFFFAOYSA-N,CHEMBL101661,275,Retinoid X receptor alpha 
96733,EC50,7.32,48.0,COc1cc2c(cc1C1CCCc3oc(/C=C/C(=O)O)cc31)C(C)(C)CCC2(C)C,RJQKKTLAFODUMP-MDZDMXLPSA-N,CHEMBL294346,275,Retinoid X receptor alpha 
180821,EC50,8.30,5.0,COc1cc2c(cc1/C(C)=C\C=C\C(C)=C\C(=O)O)C(C)(C)CCC2(C)C,UPVFFMLTSPBEBW-TWHHPHDDSA-N,CHEMBL111589,275,Retinoid X receptor alpha 
119754,EC50,9.70,0.2,CC(/C=C/[C@@H]1C[C@]1(C)c1ccc2c(c1)C(C)(C)CCC2(C)C)=C\C(=O)O,BOOOLEGQBVUTKC-NVQSDHBMSA-N,CHEMBL75133,275,Retinoid X receptor alpha 
125221,EC50,8.15,7.0,CC(/C=C/[C@@]1(C)CCC[C@@H]1c1ccc2c(c1)C(C)(C)CCC2(C)C)=C\C(=O)O,FJIBZFRLRGXSSC-HOBAOKGYSA-N,CHEMBL312395,275,Retinoid X receptor alpha 
33217,EC50,7.07,86.0,CC(C)=C(c1ccc(C(=O)O)cc1)c1ccc2c(c1)C(C)(C)CCC2(C)C,XYIWGTYPSQVWKX-UHFFFAOYSA-N,CHEMBL24966,275,Retinoid X receptor alpha 
151544,EC50,7.68,21.1,CCCCOc1c(-c2c[nH]c3ccc(/C(C)=C/C(=O)O)cc23)cc(C(C)C)cc1C(C)C,XOYJNOXXJQMGGK-XDHOZWIPSA-N,CHEMBL92798,275,Retinoid X receptor alpha 
414795,EC50,7.01,96.6,CCn1c(=O)c2c(c3cc(-c4cc(/C=C/C(=O)O)ccc4OC(F)(F)F)ccc31)CCC2,YPTKBOZIAPCPFF-YRNVUSSQSA-N,CHEMBL247012,275,Retinoid X receptor alpha 
688069,EC50,8.35,5.3,CCN(c1ccc2c(c1)C(C)(C)CCC2(C)C)c1ccc(C(=O)O)cn1,RXCTZCYFGJAJCU-UHFFFAOYSA-N,CHEMBL1221641,275,Retinoid X receptor alpha 
187779,EC50,7.26,55.0,CC1(C)CCC(C)(C)c2cc(C3(c4ccc(C(=O)O)cc4)CC3)ccc21,LKUHOPIEBQOBPT-UHFFFAOYSA-N,CHEMBL326855,275,Retinoid X receptor alpha 
125224,EC50,7.21,62.0,CC(/C=C/[C@]1(C)CCC[C@@H]1c1ccc2c(c1)C(C)(C)CCC2(C)C)=C\C(=O)O,FJIBZFRLRGXSSC-HYMPPABESA-N,CHEMBL75814,275,Retinoid X receptor alpha 
178609,EC50,8.47,3.4,C/C(=C/C=C/C(C)=C(\F)C(=O)O)c1cc(C(C)(C)C)cc(C(C)(C)C)c1OCC(F)F,CIDIUAOPKQNEKM-GRAGKPCESA-N,CHEMBL325592,275,Retinoid X receptor alpha 
151579,EC50,7.58,26.4,CCCCOc1c(-c2c[nH]c3ccc(/C(C)=C/C(=O)O)cc23)cc(C(C)(C)C)cc1C(C)(C)C,CATUIEOZAVGOQU-XMHGGMMESA-N,CHEMBL93246,275,Retinoid X receptor alpha 
272466,EC50,8.30,5.0,CCO/N=C(\c1ccc(C(=O)O)cc1)c1cc2c(cc1C)C(C)(C)CCC2(C)C,OJDSOSFISMWFJO-XTCLZLMSSA-N,CHEMBL166201,275,Retinoid X receptor alpha 
147307,EC50,7.44,36.0,COc1c(/C(C)=C\C=C\C(C)=C\C(=O)O)cc(C(C)(C)C)cc1C(C)(C)C,MESVMRRPHFEFOB-CABFJEEQSA-N,CHEMBL329334,275,Retinoid X receptor alpha 
1798856,EC50,7.34,46.0,Cc1cc2c(cc1/C(=N\O)c1ccc(C(=O)O)cc1)C(C)(C)CCC2(C)C,ZDSBRLPUWAHPHO-GFMRDNFCSA-N,CHEMBL3350249,275,Retinoid X receptor alpha 
345852,EC50,7.66,22.0,CCCN(C/C=C/C(C)=C/C(=O)O)c1cc(C(C)(C)C)cc2c1CCC2(C)C,DZMJXDNARSAZFB-FMAJSODUSA-N,CHEMBL208316,275,Retinoid X receptor alpha 
149481,EC50,7.23,59.0,C/C(=C\c1ncc(C(=O)O)n1S(=O)(=O)N(C)C)c1cc2c(cc1C)C(C)(C)CCC2(C)C,BLALMZNPJBBFCN-FOWTUZBSSA-N,CHEMBL433178,275,Retinoid X receptor alpha 
272665,EC50,7.07,86.0,CCCCO/N=C(\c1ccc(C(=O)O)cc1)c1cc2c(cc1C)C(C)(C)CCC2(C)C,GLIFUSMUFJYVMG-ZZIIXHQDSA-N,CHEMBL162005,275,Retinoid X receptor alpha 
178345,EC50,8.48,3.3,CCCCOc1c(/C(C)=C\C=C\C(C)=C\C(=O)O)cc(C(C)(C)C)cc1C(C)(C)C,ZKCLTMKNJCSCFH-QWHMLTOOSA-N,CHEMBL110195,275,Retinoid X receptor alpha 
151582,EC50,7.52,30.1,CCCOc1c(-c2c[nH]c3ccc(/C(C)=C/C(=O)O)cc23)cc(C(C)(C)C)cc1C(C)(C)C,QWZJLIIDSHMRRC-QGOAFFKASA-N,CHEMBL92447,275,Retinoid X receptor alpha 
151270,EC50,8.19,6.4,C/C(=C/C=C/C(C)=C/C(=O)O)c1cc(C(C)(C)C)cc(C(C)(C)C)c1OCCCF,UFMSWCORDTZMFE-UKDZHJSKSA-N,CHEMBL92243,275,Retinoid X receptor alpha 
272690,EC50,7.57,27.0,CC1(C)CCC(C)(C)c2cc(/C(=N/O)c3ccc(C(=O)O)cc3)c(Br)cc21,FBJUMKRFTWRRAE-LYBHJNIJSA-N,CHEMBL348797,275,Retinoid X receptor alpha 
1966409,EC50,7.66,22.0,CC(=C/C=C/C(C)=C/C(=O)O)/C=C1\CCCC(C(C)C)=C1CCC(C)C,FMJPOOLCNCUSEB-QBSSGBIUSA-N,CHEMBL3622724,275,Retinoid X receptor alpha 
176548,EC50,8.22,6.0,C=C(c1ccc(C(=O)O)cn1)c1cc2c(cc1C)C(C)(C)CCC2(C)C,ALRYLNXZUBATMZ-UHFFFAOYSA-N,CHEMBL109117,275,Retinoid X receptor alpha 
414667,EC50,8.30,5.0,Cc1cc2c(cc1-c1cc(C3CC3C(=O)O)ccc1OC(F)(F)F)N(C(C)C)C(=O)CC2(C)C,NFXPYYBQFZMOPD-UHFFFAOYSA-N,CHEMBL399326,275,Retinoid X receptor alpha 
2567962,EC50,7.22,60.0,O=C(O)CCc1nc(-c2ccccc2)c(-c2cc(Cl)cc(Cl)c2)o1,MNBKLGOJIXFSTI-UHFFFAOYSA-N,CHEMBL4874191,275,Retinoid X receptor alpha 
125652,EC50,7.51,31.0,CC(/C=C/[C@@H]1CCC[C@@H]1c1ccc2c(c1)C(C)(C)CCC2(C)C)=C\C(=O)O,HOAYGRVRYIUNNV-KNPWSOMWSA-N,CHEMBL311113,275,Retinoid X receptor alpha 
273338,EC50,7.92,12.0,Cc1cc2c(cc1/C(=N/OCC#N)c1ccc(C(=O)O)cc1)C(C)(C)CCC2(C)C,HGVSFMBUAPNIPY-HPNDGRJYSA-N,CHEMBL164902,275,Retinoid X receptor alpha 
187855,EC50,7.26,55.0,C/C=C(/c1ccc(C(=O)O)cc1)c1ccc2c(c1)C(C)(C)CCC2(C)C,ADPKGIMONMWKST-SWNXQHNESA-N,CHEMBL115050,275,Retinoid X receptor alpha 
345690,EC50,7.28,53.0,CCCCN(C/C=C/C(C)=C/C(=O)O)c1cc(C(C)(C)C)cc2c1CCC2(C)C,KQRUCMPFAOHXEQ-WEGNKRRCSA-N,CHEMBL204725,275,Retinoid X receptor alpha 
187923,EC50,7.68,21.0,CC(/C=C/C1(c2cc3c(cc2C)C(C)(C)CCC3(C)C)OCCO1)=C\C(=O)O,HAFGXEJYVGRDJJ-YWRSBGDESA-N,CHEMBL111911,275,Retinoid X receptor alpha 
180945,EC50,8.70,2.0,CCCOc1cc2c(cc1/C(C)=C\C=C\C(C)=C\C(=O)O)C(C)(C)CCC2(C)C,HNODNXQAYXJFMQ-LQUSFLDPSA-N,CHEMBL109581,275,Retinoid X receptor alpha 
60606,EC50,7.13,74.0,CCOc1c(-c2cccc3cc(/C(C)=C/C(=O)O)oc23)cc(C(C)C)cc1C(C)C,OUHBUMDSRWMXGE-GZTJUZNOSA-N,CHEMBL289057,275,Retinoid X receptor alpha 
2074550,EC50,7.30,50.12,CC1(C)CCC(C)(C)c2cc3c(cc21)OC1CCCCC31c1ccc(C(=O)O)cc1,GNYIFRIYMYLWAP-UHFFFAOYSA-N,CHEMBL3780004,275,Retinoid X receptor alpha 
96395,EC50,7.926,3.0,CC1(C)CCC(C)(C)c2cc(C3CCCc4oc(/C=C/C(=O)O)cc43)ccc21,WRWCAQNPEXYGJK-PKNBQFBNSA-N,CHEMBL62880,275,Retinoid X receptor alpha 
1843140,EC50,7.92,12.0,CCN(c1ccc(C(C)C)c(OCC(C)CF)c1)c1ccc(C(=O)O)cn1,QGKZBAJLCNMPCT-UHFFFAOYSA-N,CHEMBL3425764,275,Retinoid X receptor alpha 
2074555,EC50,7.90,6.31,CC1(C)CCC(C)(C)c2cc3c(cc21)O[C@@H]1CCC[C@]31c1ccc(C(=O)O)cc1,PLLRIXHLFVZTMU-GJZUVCINSA-N,CHEMBL3781132,275,Retinoid X receptor alpha 
1569296,EC50,7.71,19.5,C=C(c1ccc(C(=O)NO)cc1)c1cc2c(cc1C)C(C)(C)CCC2(C)C,JGZNQNMCPDBAGR-UHFFFAOYSA-N,CHEMBL2398772,275,Retinoid X receptor alpha 
151387,EC50,7.64,23.0,CC(/C=C/C1(c2ccc3c(c2)C(C)(C)CCC3(C)C)CC1)=C\C(=O)O,QDSJNVKXCJRDGA-AXZFEOQBSA-N,CHEMBL93518,275,Retinoid X receptor alpha 
2074557,EC50,7.75,19.95,CC1(C)CCC(C)(C)c2cc3c(cc21)O[C@@H]1CCCC[C@]31c1ccc(C(=O)O)cc1,GNYIFRIYMYLWAP-KCWPFWIISA-N,CHEMBL3780763,275,Retinoid X receptor alpha 
414788,EC50,7.79,16.3,Cc1cc2c(cc1-c1cc(/C=C/C(=O)O)ccc1OC(F)(F)F)N(C(C)C)C(=O)CC2(C)C,HDVBOPASUNTROJ-VQHVLOKHSA-N,CHEMBL428930,275,Retinoid X receptor alpha 
414778,EC50,7.17,67.3,CCN1C(=O)CC(C)(C)c2cc(C)c(-c3cc(/C=C/C(=O)O)ccc3OCC(F)(F)F)cc21,DXRZIQJDJBTQMU-VQHVLOKHSA-N,CHEMBL400557,275,Retinoid X receptor alpha 
414609,EC50,7.55,27.9,CCN1C(=O)CC(C)(C)c2cc(C)c(-c3cc(/C=C(\C)C(=O)O)ccc3OC(F)(F)F)cc21,ZNWMKEZRKRAMJI-OQLLNIDSSA-N,CHEMBL248016,275,Retinoid X receptor alpha 
414663,EC50,7.15,70.2,CCN1C(=O)CC(C)(C)c2cc(C)c(-c3cc(CCC(=O)O)ccc3OCC(F)(F)F)cc21,RLYZOZMMCSBBJZ-UHFFFAOYSA-N,CHEMBL400894,275,Retinoid X receptor alpha 
217484,EC50,7.04,92.0,CCOc1c(/C(C)=C\C=C\C(C)=C\C(=O)O)cc(C(F)(F)C(F)(F)F)cc1C(C)C,IXJIVOFEKLAPRC-GNFXPBCZSA-N,CHEMBL133896,275,Retinoid X receptor alpha 
187744,EC50,7.47,34.0,CC1(C)CCC(C)(C)c2cc(C3(c4ccc(C(=O)O)cc4)OCCO3)ccc21,ZZUKALQMHNSWTK-UHFFFAOYSA-N,CHEMBL112715,275,Retinoid X receptor alpha 
163641,EC50,7.08,83.0,C=C(c1ccc(C(=O)O)cc1)c1cc2c(cc1OC)C(C)(C)CCC2(C)C,QJQLTVVRXSWODR-UHFFFAOYSA-N,CHEMBL101212,275,Retinoid X receptor alpha 
178612,EC50,7.42,38.0,CCOc1c(/C(=C\C=C\C(C)=C\C(=O)O)C(F)(F)F)cc(C(C)(C)C)cc1C(C)(C)C,IOTZBRPLBMULMD-KLGKYMQISA-N,CHEMBL107555,275,Retinoid X receptor alpha 
1522524,EC50,7.08,83.0,Cc1cc2c(cc1-n1ccc3cc(C(=O)O)ccc31)C(C)(C)CCC2(C)C,VQOPKHQLHMCHMC-UHFFFAOYSA-N,CHEMBL2332890,275,Retinoid X receptor alpha 
146723,EC50,8.70,2.0,COc1c(/C(C)=C\C=C\C(C)=C\C(=O)O)cc(C(C)C)cc1C(C)C,LPWCYKDBURUOIZ-HNBVHFCESA-N,CHEMBL90824,275,Retinoid X receptor alpha 
414858,EC50,7.74,18.3,Cc1cc2c(cc1-c1cc(/C=C/C(=O)O)ccc1OCC(F)(F)F)N(C(C)C)C(=O)CC2(C)C,PZJDFZDSIHNULA-VQHVLOKHSA-N,CHEMBL247819,275,Retinoid X receptor alpha 
143487,EC50,7.20,63.0,CC(/C=C/CC1(c2ccc3c(c2)C(C)(C)CCC3(C)C)CCCC1)=C\C(=O)O,MVHCRCMICHWUMR-JUMSSORRSA-N,CHEMBL90674,275,Retinoid X receptor alpha 
61071,EC50,7.41,39.0,C/C(=C\C(=O)O)c1cc2c(-c3cc(C(C)(C)C)cc(C(C)(C)C)c3C)cccc2s1,INBOQKPWAJGLHM-FOWTUZBSSA-N,CHEMBL44420,275,Retinoid X receptor alpha 
414664,EC50,7.44,36.5,Cc1cc2c(cc1-c1cc(CCC(=O)O)ccc1OCC(F)(F)F)N(C(C)C)C(=O)CC2(C)C,VWYFKXPNPXDHME-UHFFFAOYSA-N,CHEMBL410399,275,Retinoid X receptor alpha 
143488,EC50,7.51,31.0,CC(/C=C/CC1(c2cc3c(cc2C)C(C)(C)CCC3(C)C)CC1)=C\C(=O)O,QCNVQJSKAXKQEF-ZFKNLEDPSA-N,CHEMBL89058,275,Retinoid X receptor alpha 
1966404,EC50,7.52,30.0,CC(=C/C=C/C(C)=C/C(=O)O)/C=C1\CCCCc2ccccc21,GVIXTTYIECEGAU-IVVJPBLYSA-N,CHEMBL3622719,275,Retinoid X receptor alpha 
2356694,EC50,7.66,22.0,Cc1cc2c(cc1-c1cc3cc(C(=O)O)c(=O)oc3cc1O)C(C)(C)CCC2(C)C,UYPOSIGCFZMVDD-UHFFFAOYSA-N,CHEMBL4449685,275,Retinoid X receptor alpha 
1966407,EC50,7.64,23.0,CCC1=C(CCC(C)C)/C(=C/C(C)=C\C=C\C(C)=C\C(=O)O)CCC1,RKHCRJYMCBKZCB-JYIUJBHISA-N,CHEMBL3622722,275,Retinoid X receptor alpha 
414672,EC50,8.00,10.0,Cc1cc2c(cc1-c1cc([C@@H]3C[C@H]3C(=O)O)ccc1OC(F)(F)F)N(C(C)C)C(=O)CC2(C)C,NFXPYYBQFZMOPD-PKOBYXMFSA-N,CHEMBL247402,275,Retinoid X receptor alpha 
273340,EC50,8.22,6.0,C=CCO/N=C(\c1ccc(C(=O)O)cc1)c1cc2c(cc1C)C(C)(C)CCC2(C)C,JSTBHIXANIUGGJ-SLEBQGDGSA-N,CHEMBL166244,275,Retinoid X receptor alpha 
1760208,EC50,7.00,100.0,CC(=C/C=C/C(C)=C/C(=O)O)/C=C1\CCCc2cc(C)ccc21,KHXSEEGTXMJURJ-JUPRZYRNSA-N,CHEMBL3289658,275,Retinoid X receptor alpha 
179188,EC50,8.17,6.8,CC(/C=C/C(F)=C(/C)c1cc(C(C)(C)C)cc(C(C)(C)C)c1OCC(F)F)=C\C(=O)O,WDIPTEIUSFFSDV-WEMQTCASSA-N,CHEMBL111217,275,Retinoid X receptor alpha 
149526,EC50,7.71,11.0,C/C(=C\c1ccc(C(=O)O)s1)c1cc2c(cc1C)C(C)(C)CCC2(C)C,QPAMXNZWXFZISY-SDNWHVSQSA-N,CHEMBL91718,275,Retinoid X receptor alpha 
96828,EC50,7.40,40.0,CCCOc1cc2c(cc1C1CCCc3oc(/C=C/C(=O)O)cc31)C(C)(C)CCC2(C)C,CWCPUIFVSMQHCH-ZHACJKMWSA-N,CHEMBL64771,275,Retinoid X receptor alpha 
195419,EC50,7.27,54.0,Cc1cc2c(cc1Sc1ccc(C(=O)O)cn1)C(C)(C)CCC2(C)C,PMHYUNDXKUCCIA-UHFFFAOYSA-N,CHEMBL116886,275,Retinoid X receptor alpha 
147275,EC50,7.97,6.4,CCOc1c(/C(C)=C\C=C\C(C)=C\C(=O)O)cc(C(C)(C)C)cc1C(C)(C)C,UDGIIBLSAWJGEA-HNKNLTESSA-N,CHEMBL92050,275,Retinoid X receptor alpha 
414659,EC50,8.47,3.4,Cc1cc2c(cc1-c1cc(CCC(=O)O)ccc1OC(F)(F)F)N(C(C)C)C(=O)CC2(C)C,RFHVLSGFUPUPBL-UHFFFAOYSA-N,CHEMBL399461,275,Retinoid X receptor alpha 
1966408,EC50,7.72,19.0,CC(=C/C=C/C(C)=C/C(=O)O)/C=C1\CCCC(C2CC2)=C1CCC(C)C,SCCVQQDOUFNKGM-RBEOCVBDSA-N,CHEMBL3622723,275,Retinoid X receptor alpha 
125733,EC50,7.02,95.0,CC(/C=C/C1=C(c2cc3c(cc2C)C(C)(C)CCC3(C)C)CCC1)=C\C(=O)O,GMUNIMQISYVYQW-PKAMWHFSSA-N,CHEMBL312737,275,Retinoid X receptor alpha 
187257,EC50,7.13,74.0,CC1(C)CCC(C)(C)c2cc(C3(c4ccc(C(=O)O)cc4)OCCS3)ccc21,SUYWERXMXNLIPK-UHFFFAOYSA-N,CHEMBL113975,275,Retinoid X receptor alpha 
414787,EC50,8.68,2.1,CCCN1C(=O)CC(C)(C)c2cc(C)c(-c3cc(/C=C/C(=O)O)ccc3OC(F)(F)F)cc21,NGWQWIAOPJHVQE-VQHVLOKHSA-N,CHEMBL246629,275,Retinoid X receptor alpha 
1385988,EC50,7.61,60.0,C/C(=C\C(=O)O)c1cc2c(o1)CCCC2c1ccc2c(c1)C(C)(C)CCC2(C)C,DOSXLPGCGUQSGK-DTQAZKPQSA-N,CHEMBL2113737,275,Retinoid X receptor alpha 
60544,Ki,8.15,7.0,C/C(=C\C(=O)O)c1cc2c(-c3cc(C(C)(C)C)cc(C(C)(C)C)c3OCCC(F)F)cccc2s1,JLAHIRHKOIBLKL-GHRIWEEISA-N,CHEMBL43238,275,Retinoid X receptor alpha 
96826,Ki,7.40,40.0,Cc1cc2c(cc1C1CCCc3oc(/C=C/C(=O)O)cc31)C(C)(C)CCC2(C)C,IOYHUMXQADXBLL-MDZDMXLPSA-N,CHEMBL432140,275,Retinoid X receptor alpha 
217481,Ki,7.59,25.6,CCCOc1c(/C(C)=C\C=C\C(C)=C\C(=O)O)cc(C(F)(F)C(F)(F)F)cc1C(C)C,CBZASUFZCYJPCI-ZHOIUTETSA-N,CHEMBL132568,275,Retinoid X receptor alpha 
147191,Ki,8.52,3.0,C/C(=C/C=C/C(C)=C/C(=O)O)c1cc(C(C)C)cc(C(C)C)c1OCC(F)(F)F,UTRWSQUYKCUPGE-BZIVGMQQSA-N,CHEMBL423503,275,Retinoid X receptor alpha 
61112,Ki,8.22,6.0,CCOc1c(-c2cccc3sc(/C(C)=C/C(=O)O)cc23)cc(C(C)C)cc1C(C)C,JCUMFUZJXNRHHE-GZTJUZNOSA-N,CHEMBL41890,275,Retinoid X receptor alpha 
147276,Ki,8.40,4.0,CCCCOc1c(/C(C)=C\C=C\C(C)=C\C(=O)O)cc(C(C)C)cc1C(C)C,VAHYHAIEBMCUDU-HEIONRKESA-N,CHEMBL414218,275,Retinoid X receptor alpha 
97103,Ki,7.70,20.0,CC1(C)CCC(C)(C)c2cc(C3CCCc4oc(/C=C5/SC(=O)NC5=O)cc43)ccc21,KKABGOOTLHQIHG-HYARGMPZSA-N,CHEMBL305115,275,Retinoid X receptor alpha 
125767,Ki,7.42,38.0,C=C1C[C@H](c2ccc3c(c2)C(C)(C)CCC3(C)C)[C@@H](/C=C/C(C)=C/C(=O)O)C1,QBAULHNXDNFOSH-UATHDLFFSA-N,CHEMBL312233,275,Retinoid X receptor alpha 
345497,Ki,7.68,21.0,CC(/C=C/[C@@H]1CCCN1c1ccc2c(c1)C(C)(C)CCC2(C)C)=C\C(=O)O,MNVPYFNLMYKEKF-OXBIILCZSA-N,CHEMBL378926,275,Retinoid X receptor alpha 
146973,Ki,7.64,23.0,CCCOc1c(/C(C)=C\C=C\C(C)=C\C(=O)O)cc(C(C)(C)CC)cc1C(C)(C)CC,JDQNUWQDRYZSEY-VKHHFPQQSA-N,CHEMBL90254,275,Retinoid X receptor alpha 
125186,Ki,7.18,66.0,C=C1C[C@@H](/C=C/C(C)=C/C(=O)O)[C@@H](c2ccc3c(c2)C(C)(C)CCC3(C)C)C1,QBAULHNXDNFOSH-ZUAYEZCDSA-N,CHEMBL80424,275,Retinoid X receptor alpha 
61111,Ki,8.053333333333333333333333333,12.9,Cc1cc2c(cc1C1(c3ccc(C(=O)O)cn3)CC1)C(C)(C)CCC2(C)C,SLXTWXQUEZSSTJ-UHFFFAOYSA-N,CHEMBL288436,275,Retinoid X receptor alpha 
345436,Ki,7.75,18.0,CCCN(C/C=C/C(C)=C/C(=O)O)c1cc2c(cc1C)C(C)(C)CCC2(C)C,XRKDGSUSNQVNDT-FMAJSODUSA-N,CHEMBL205532,275,Retinoid X receptor alpha 
151318,Ki,7.16,69.2,CCOc1c(-c2[nH]nc3ccc(/C(C)=C/C(=O)O)cc23)cc(C(C)C)cc1C(C)C,LWXJNLCQFQPZKN-MHWRWJLKSA-N,CHEMBL91979,275,Retinoid X receptor alpha 
33216,Ki,8.033333333333333333333333333,12.0,CC1=C(/C=C/C(C)=C\C=C\C(C)=C\C(=O)O)C(C)(C)CCC1,SHGAZHPCJJPHSC-ZVCIMWCZSA-N,CHEMBL705,275,Retinoid X receptor alpha 
125735,Ki,8.52,3.0,CC(/C=C/[C@H]1CCC[C@@H]1c1ccc2c(c1)C(C)(C)CCC2(C)C)=C\C(=O)O,HOAYGRVRYIUNNV-HOMFKRFTSA-N,CHEMBL80236,275,Retinoid X receptor alpha 
217408,Ki,7.07,85.8,CCCOc1c(/C(C)=C\C=C\C(C)=C\C(=O)O)cc(C(C)C)cc1C(F)(F)C(F)(F)F,QZNALCLAYUARIR-ZHOIUTETSA-N,CHEMBL131122,275,Retinoid X receptor alpha 
61070,Ki,8.415,1.5,C/C(=C/C=C/C(C)=C/C(=O)O)c1cc(C(C)(C)C)cc(C(C)(C)C)c1OCC(F)F,BHIBZAZKKARFIM-XRYBSMBUSA-N,CHEMBL42314,275,Retinoid X receptor alpha 
572073,Ki,7.09,81.0,Cc1cc2c(cc1Cc1ccc(C(=O)O)c([N+](=O)[O-])c1)C(C)(C)CCC2(C)C,JIXBNHWCTLWSDM-UHFFFAOYSA-N,CHEMBL583410,275,Retinoid X receptor alpha 
217021,Ki,8.64,2.3,C/C(=C/C=C/C(C)=C/C(=O)O)c1cc(-c2ccccc2F)cc(C(C)C)c1OCC(F)F,PHZXUKHBCDQECD-PVINZEOUSA-N,CHEMBL422088,275,Retinoid X receptor alpha 
125651,Ki,7.70,20.0,CC(/C=C/C1=C(c2ccc3c(c2)C(C)(C)CCC3(C)C)CCC1)=C\C(=O)O,VYBMNAKWMZVNRX-WDWAOICLSA-N,CHEMBL79234,275,Retinoid X receptor alpha 
345704,Ki,7.77,17.0,CCCN(C/C=C/C(C)=C/C(=O)O)c1cc(C(C)(C)C)cc(C(C)(C)C)c1,NJUNLFLTZKMXMQ-NJESZQPCSA-N,CHEMBL379057,275,Retinoid X receptor alpha 
96394,Ki,7.40,40.0,CC1(C)CCC(C)(C)c2cc(C3CCCc4sc(/C=C/C(=O)O)cc43)ccc21,IQLISKYOLFJFEL-PKNBQFBNSA-N,CHEMBL62537,275,Retinoid X receptor alpha 
272479,Ki,8.05,9.0,CO/N=C(\c1ccc(C(=O)O)cc1)c1cc2c(cc1C)C(C)(C)CCC2(C)C,NAQPJCDULHJGLW-NJNXFGOHSA-N,CHEMBL423465,275,Retinoid X receptor alpha 
178226,Ki,8.09,8.2,C/C(=C/C(F)=C/C(C)=C/C(=O)O)c1cc(C(C)(C)C)cc(C(C)(C)C)c1OCC(F)F,HHVLEXNKNICHEL-CBDUVFOUSA-N,CHEMBL110921,275,Retinoid X receptor alpha 
345775,Ki,7.38,42.0,CCN(C/C=C/C(C)=C/C(=O)O)c1cc2c(cc1C)C(C)(C)CCC2(C)C,PQUKTZDZZRYNRP-XYJQQDCNSA-N,CHEMBL427391,275,Retinoid X receptor alpha 
125225,Ki,8.52,3.0,CC(/C=C/[C@]12CCC[C@@]1(c1ccc3c(c1)C(C)(C)CCC3(C)C)C2)=C\C(=O)O,WYLRCUSVWGFVQB-FCYKCFNLSA-N,CHEMBL310047,275,Retinoid X receptor alpha 
119498,Ki,7.6925,14.0,C=C(c1ccc(C(=O)O)cc1)c1cc2c(cc1C)C(C)(C)CCC2(C)C,NAVMQTYZDKMPEU-UHFFFAOYSA-N,CHEMBL1023,275,Retinoid X receptor alpha 
151620,Ki,8.80,1.6,C/C(=C\C(=O)O)c1ccc2[nH]cc(-c3cc(C(C)(C)C)cc(C(C)(C)C)c3OCC(F)F)c2c1,POAAIJQVWHRDMG-MHWRWJLKSA-N,CHEMBL430651,275,Retinoid X receptor alpha 
60727,Ki,7.80,16.0,CCCCOc1c(-c2cccc3cc(/C(C)=C(\F)C(=O)O)oc23)cc(C(C)C)cc1C(C)C,AHLAAPXBKCKDHE-BWAHOGKJSA-N,CHEMBL290246,275,Retinoid X receptor alpha 
345695,Ki,7.17,67.0,CC(/C=C/CN(c1cc(C(C)(C)C)cc2c1CCC2(C)C)C(C)C)=C\C(=O)O,ATXJSKRTXBCBTN-BFHPBESDSA-N,CHEMBL205694,275,Retinoid X receptor alpha 
217441,Ki,8.21,6.1,C/C(=C/C=C/C(C)=C/C(=O)O)c1cc(C(C)C)cc(-c2ccccc2)c1OCC(F)F,BAIGWCRSVOZJCQ-SPIHLYAOSA-N,CHEMBL424639,275,Retinoid X receptor alpha 
272455,Ki,8.22,6.0,Cc1cc2c(cc1/C(=N/O)c1ccc(C(=O)O)cc1)C(C)(C)CCC2(C)C,ZDSBRLPUWAHPHO-HIXSDJFHSA-N,CHEMBL162334,275,Retinoid X receptor alpha 
1385987,Ki,7.10,79.0,CN1Cc2oc(/C=C/C(=O)O)cc2C(c2ccc3c(c2)C(C)(C)CCC3(C)C)C1,VVYXHHKLSQVSJD-VQHVLOKHSA-N,CHEMBL2113736,275,Retinoid X receptor alpha 
217308,Ki,9.00,1.0,C/C(=C/C=C/C(C)=C/C(=O)O)c1cc(-c2cccc(F)c2)cc(C(C)C)c1OCC(F)F,PSKQZFWERLNHPW-WBDHESBHSA-N,CHEMBL130232,275,Retinoid X receptor alpha 
146688,Ki,9.00,1.0,C/C(=C/C=C/C(C)=C/C(=O)O)c1cc(C(C)C)cc(C(C)C)c1OCCF,IZRBTAOACLYFOA-PVINZEOUSA-N,CHEMBL92430,275,Retinoid X receptor alpha 
147287,Ki,8.70,2.0,CCOc1c(/C(C)=C\C=C\C(C)=C\C(=O)O)cc(C(C)(C)CC)cc1C(C)(C)CC,XPNYPEOXBQXYDQ-BLWADDNASA-N,CHEMBL315986,275,Retinoid X receptor alpha 
1546975,Ki,7.72,19.0,C[C@H](NC(=O)[C@H](Cc1ccccc1)NP(=O)(O)O)C(=O)NCC(N)=O,BSFXXKHCUFPVSC-ONGXEEELSA-N,CHEMBL2372524,275,Retinoid X receptor alpha 
60431,Ki,8.52,3.0,C/C(=C\C(=O)O)c1cc2c(-c3cc(C(C)(C)C)cc(C(C)(C)C)c3OCC(F)(F)F)cccc2s1,XNZQZHPNELIADG-LFIBNONCSA-N,CHEMBL41260,275,Retinoid X receptor alpha 
151032,Ki,8.40,4.0,CC(/C=C/C1(c2cc3c(cc2C)C(C)(C)CCC3(C)C)CC1)=C\C(=O)O,QCUYSUZEBJQJPS-YWRSBGDESA-N,CHEMBL92284,275,Retinoid X receptor alpha 
217069,Ki,8.36,4.4,CCCCOc1c(/C(C)=C(F)\C=C\C(C)=C\C(=O)O)cc(C(C)C)cc1C(C)C,ITYAECDCSRCTFW-VPQGWKRMSA-N,CHEMBL131826,275,Retinoid X receptor alpha 
180972,Ki,8.40,4.0,CCOc1cc2c(cc1/C(C)=C\C=C\C(C)=C\C(=O)O)C(C)(C)CCC2(C)C,FBMOYGVRPZARPX-SFTNPHNRSA-N,CHEMBL109847,275,Retinoid X receptor alpha 
345783,Ki,7.33,47.0,CCCN(C/C=C/C(C)=C/C(=O)O)c1ccc2c(c1)C(C)(C)CCC2(C)C,MLKUZGWWFQVOBN-IFNZLIBBSA-N,CHEMBL205600,275,Retinoid X receptor alpha 
2208,Ki,9.40,0.4,CC1=C(/C=C/C(C)=C/C=C/C(C)=C/C(=O)O)C(C)(C)CCC1,SHGAZHPCJJPHSC-YCNIQYBTSA-N,CHEMBL38,275,Retinoid X receptor alpha 
572096,Ki,7.92,12.0,Cc1cc2c(cc1Cc1ccc(C(=O)O)c(F)c1)C(C)(C)CCC2(C)C,HLSZUZQZXROBMJ-UHFFFAOYSA-N,CHEMBL583996,275,Retinoid X receptor alpha 
60432,Ki,7.85,14.0,CCCOc1c(-c2cccc3sc(/C(C)=C/C(=O)O)cc23)cc(C(C)C)cc1C(C)C,QLLJNZNWZIPIAL-LDADJPATSA-N,CHEMBL41742,275,Retinoid X receptor alpha 
147192,Ki,8.70,2.0,C/C(=C/C=C/C(C)=C/C(=O)O)c1cc(C(C)C)cc(C(C)C)c1OCC(F)F,RGYLMMOLYCYTKC-BZIVGMQQSA-N,CHEMBL88931,275,Retinoid X receptor alpha 
60639,Ki,7.92,12.0,C/C(=C\C(=O)O)c1cc2c(-c3cc(C(C)(C)C)cc(C(C)(C)C)c3OCC(F)F)cccc2s1,HDGYNNANHOVHIN-LFIBNONCSA-N,CHEMBL290761,275,Retinoid X receptor alpha 
147190,Ki,8.70,2.0,CCOc1c(/C(C)=C\C=C\C(C)=C\C(=O)O)cc(C(C)C)cc1C(C)C,HQROCOFWMCGIQB-IXGCMVFISA-N,CHEMBL88740,275,Retinoid X receptor alpha 
151000,Ki,7.04,92.0,CC(/C=C/C1(c2ccc3c(c2)C(C)(C)CCC3(C)C)CCCC1)=C\C(=O)O,YDJABWPMZKPOCN-JODANDAUSA-N,CHEMBL93848,275,Retinoid X receptor alpha 
217364,Ki,8.59,2.6,C/C(=C/C=C/C(C)=C/C(=O)O)c1cc(-c2cc(F)cc(F)c2)cc(C(C)C)c1OCC(F)F,WPVHQRRTUJTHOM-HSQINHPTSA-N,CHEMBL337393,275,Retinoid X receptor alpha 
272666,Ki,8.22,6.0,CCCO/N=C(\c1ccc(C(=O)O)cc1)c1cc2c(cc1C)C(C)(C)CCC2(C)C,FCWJGEDDKBUMAI-SLEBQGDGSA-N,CHEMBL165734,275,Retinoid X receptor alpha 
217452,Ki,7.67,21.4,CCCCOc1c(/C(C)=C\C=C\C(C)=C\C(=O)O)cc(C(F)(F)C(F)(F)F)cc1C(C)C,UXAOHICPAFHSTJ-HYFQCHPWSA-N,CHEMBL424269,275,Retinoid X receptor alpha 
96733,Ki,7.70,20.0,COc1cc2c(cc1C1CCCc3oc(/C=C/C(=O)O)cc31)C(C)(C)CCC2(C)C,RJQKKTLAFODUMP-MDZDMXLPSA-N,CHEMBL294346,275,Retinoid X receptor alpha 
180821,Ki,8.70,2.0,COc1cc2c(cc1/C(C)=C\C=C\C(C)=C\C(=O)O)C(C)(C)CCC2(C)C,UPVFFMLTSPBEBW-TWHHPHDDSA-N,CHEMBL111589,275,Retinoid X receptor alpha 
125221,Ki,8.40,4.0,CC(/C=C/[C@@]1(C)CCC[C@@H]1c1ccc2c(c1)C(C)(C)CCC2(C)C)=C\C(=O)O,FJIBZFRLRGXSSC-HOBAOKGYSA-N,CHEMBL312395,275,Retinoid X receptor alpha 
217307,Ki,7.54,28.7,CCC(C)(C)c1cc(/C(C)=C(F)\C=C\C(C)=C\C(=O)O)c(OCC(F)F)c(C(C)(C)CC)c1,DVQNTOYQYUJEBD-OCNXMBTNSA-N,CHEMBL130231,275,Retinoid X receptor alpha 
151544,Ki,8.13,7.4,CCCCOc1c(-c2c[nH]c3ccc(/C(C)=C/C(=O)O)cc23)cc(C(C)C)cc1C(C)C,XOYJNOXXJQMGGK-XDHOZWIPSA-N,CHEMBL92798,275,Retinoid X receptor alpha 
61506,Ki,7.36,44.0,CCCOc1c(-c2cccc3cc(/C(C)=C/C(=O)O)oc23)cc(C(C)C)cc1C(C)C,DPZKZYSYZRNUER-LDADJPATSA-N,CHEMBL41675,275,Retinoid X receptor alpha 
125224,Ki,8.40,4.0,CC(/C=C/[C@]1(C)CCC[C@@H]1c1ccc2c(c1)C(C)(C)CCC2(C)C)=C\C(=O)O,FJIBZFRLRGXSSC-HYMPPABESA-N,CHEMBL75814,275,Retinoid X receptor alpha 
151579,Ki,8.49,3.2,CCCCOc1c(-c2c[nH]c3ccc(/C(C)=C/C(=O)O)cc23)cc(C(C)(C)C)cc1C(C)(C)C,CATUIEOZAVGOQU-XMHGGMMESA-N,CHEMBL93246,275,Retinoid X receptor alpha 
178609,Ki,7.97,10.6,C/C(=C/C=C/C(C)=C(\F)C(=O)O)c1cc(C(C)(C)C)cc(C(C)(C)C)c1OCC(F)F,CIDIUAOPKQNEKM-GRAGKPCESA-N,CHEMBL325592,275,Retinoid X receptor alpha 
272466,Ki,7.58,26.0,CCO/N=C(\c1ccc(C(=O)O)cc1)c1cc2c(cc1C)C(C)(C)CCC2(C)C,OJDSOSFISMWFJO-XTCLZLMSSA-N,CHEMBL166201,275,Retinoid X receptor alpha 
217045,Ki,8.52,3.0,C/C(=C/C=C/C(C)=C/C(=O)O)c1cc(-c2ccco2)cc(C(C)C)c1OCC(F)F,IIGXFBSZCFYBHM-JCBBLABWSA-N,CHEMBL130317,275,Retinoid X receptor alpha 
147307,Ki,9.00,1.0,COc1c(/C(C)=C\C=C\C(C)=C\C(=O)O)cc(C(C)(C)C)cc1C(C)(C)C,MESVMRRPHFEFOB-CABFJEEQSA-N,CHEMBL329334,275,Retinoid X receptor alpha 
1798856,Ki,7.22,60.0,Cc1cc2c(cc1/C(=N\O)c1ccc(C(=O)O)cc1)C(C)(C)CCC2(C)C,ZDSBRLPUWAHPHO-GFMRDNFCSA-N,CHEMBL3350249,275,Retinoid X receptor alpha 
345852,Ki,8.10,8.0,CCCN(C/C=C/C(C)=C/C(=O)O)c1cc(C(C)(C)C)cc2c1CCC2(C)C,DZMJXDNARSAZFB-FMAJSODUSA-N,CHEMBL208316,275,Retinoid X receptor alpha 
217046,Ki,9.10,0.8,C/C(=C/C=C/C(C)=C/C(=O)O)c1cc(-c2cccs2)cc(C(C)C)c1OCC(F)F,DVYKPLHNGRWMAH-JCBBLABWSA-N,CHEMBL130374,275,Retinoid X receptor alpha 
146691,Ki,7.54,29.0,CCC(C)(C)c1cc(/C(C)=C\C=C\C(C)=C\C(=O)O)c(OCC(F)F)c(C(C)(C)CC)c1,HHIXIADJLOVLQC-BVSJNERWSA-N,CHEMBL313647,275,Retinoid X receptor alpha 
178345,Ki,8.42,3.8,CCCCOc1c(/C(C)=C\C=C\C(C)=C\C(=O)O)cc(C(C)(C)C)cc1C(C)(C)C,ZKCLTMKNJCSCFH-QWHMLTOOSA-N,CHEMBL110195,275,Retinoid X receptor alpha 
151582,Ki,8.80,1.6,CCCOc1c(-c2c[nH]c3ccc(/C(C)=C/C(=O)O)cc23)cc(C(C)(C)C)cc1C(C)(C)C,QWZJLIIDSHMRRC-QGOAFFKASA-N,CHEMBL92447,275,Retinoid X receptor alpha 
151270,Ki,8.57,2.7,C/C(=C/C=C/C(C)=C/C(=O)O)c1cc(C(C)(C)C)cc(C(C)(C)C)c1OCCCF,UFMSWCORDTZMFE-UKDZHJSKSA-N,CHEMBL92243,275,Retinoid X receptor alpha 
272690,Ki,7.92,12.0,CC1(C)CCC(C)(C)c2cc(/C(=N/O)c3ccc(C(=O)O)cc3)c(Br)cc21,FBJUMKRFTWRRAE-LYBHJNIJSA-N,CHEMBL348797,275,Retinoid X receptor alpha 
125652,Ki,7.82,15.0,CC(/C=C/[C@@H]1CCC[C@@H]1c1ccc2c(c1)C(C)(C)CCC2(C)C)=C\C(=O)O,HOAYGRVRYIUNNV-KNPWSOMWSA-N,CHEMBL311113,275,Retinoid X receptor alpha 
61446,Ki,7.33,47.0,C/C(=C\C(=O)O)c1cc2cccc(-c3cc(C(C)C)cc(C(C)C)c3OCCCF)c2o1,SPSOFQGNXAPYIS-LDADJPATSA-N,CHEMBL290399,275,Retinoid X receptor alpha 
178346,Ki,8.32,4.8,C/C(=C/C=C(F)/C(C)=C/C(=O)O)c1cc(C(C)(C)C)cc(C(C)(C)C)c1OCC(F)F,VKZJAKMQGKQVKR-UKWPUHOFSA-N,CHEMBL326673,275,Retinoid X receptor alpha 
273339,Ki,7.68,21.0,Cc1cc2c(cc1/C(=N/OCC(C)C)c1ccc(C(=O)O)cc1)C(C)(C)CCC2(C)C,YTLIDOPETXYPLT-ZZIIXHQDSA-N,CHEMBL351943,275,Retinoid X receptor alpha 
273338,Ki,7.96,11.0,Cc1cc2c(cc1/C(=N/OCC#N)c1ccc(C(=O)O)cc1)C(C)(C)CCC2(C)C,HGVSFMBUAPNIPY-HPNDGRJYSA-N,CHEMBL164902,275,Retinoid X receptor alpha 
345657,Ki,7.43,37.0,CC(/C=C/CN(C)c1cc(C(C)(C)C)cc(C(C)(C)C)c1)=C\C(=O)O,MUAWNZBLKUQMAM-HMSDUJDUSA-N,CHEMBL208213,275,Retinoid X receptor alpha 
345658,Ki,7.51,31.0,CCN(C/C=C/C(C)=C/C(=O)O)c1cc(C(C)(C)C)cc(C(C)(C)C)c1,PQPQJCKYWXRQJD-DWLYSLLYSA-N,CHEMBL205634,275,Retinoid X receptor alpha 
345690,Ki,7.68,21.0,CCCCN(C/C=C/C(C)=C/C(=O)O)c1cc(C(C)(C)C)cc2c1CCC2(C)C,KQRUCMPFAOHXEQ-WEGNKRRCSA-N,CHEMBL204725,275,Retinoid X receptor alpha 
180945,Ki,8.10,8.0,CCCOc1cc2c(cc1/C(C)=C\C=C\C(C)=C\C(=O)O)C(C)(C)CCC2(C)C,HNODNXQAYXJFMQ-LQUSFLDPSA-N,CHEMBL109581,275,Retinoid X receptor alpha 
60606,Ki,7.66,22.0,CCOc1c(-c2cccc3cc(/C(C)=C/C(=O)O)oc23)cc(C(C)C)cc1C(C)C,OUHBUMDSRWMXGE-GZTJUZNOSA-N,CHEMBL289057,275,Retinoid X receptor alpha 
60640,Ki,8.52,3.0,C/C(=C\C(=O)O)c1cc2c(-c3cc(C(C)(C)C)cc(C(C)(C)C)c3OCCCF)cccc2s1,MFAMOXYOFZHOGZ-NBVRZTHBSA-N,CHEMBL41146,275,Retinoid X receptor alpha 
96395,Ki,7.856666666666666666666666667,6.0,CC1(C)CCC(C)(C)c2cc(C3CCCc4oc(/C=C/C(=O)O)cc43)ccc21,WRWCAQNPEXYGJK-PKNBQFBNSA-N,CHEMBL62880,275,Retinoid X receptor alpha 
151387,Ki,8.52,3.0,CC(/C=C/C1(c2ccc3c(c2)C(C)(C)CCC3(C)C)CC1)=C\C(=O)O,QDSJNVKXCJRDGA-AXZFEOQBSA-N,CHEMBL93518,275,Retinoid X receptor alpha 
144641,Ki,8.34,4.6,CC(/C=C/C=C(\C)c1cc(C(C)(C)C)cc(C(C)(C)C)c1)=C\C(=O)O,JMPZTWDLOGTBPM-OUQSKUGOSA-N,CHEMBL89241,275,Retinoid X receptor alpha 
217484,Ki,8.20,6.3,CCOc1c(/C(C)=C\C=C\C(C)=C\C(=O)O)cc(C(F)(F)C(F)(F)F)cc1C(C)C,IXJIVOFEKLAPRC-GNFXPBCZSA-N,CHEMBL133896,275,Retinoid X receptor alpha 
178612,Ki,7.30,50.3,CCOc1c(/C(=C\C=C\C(C)=C\C(=O)O)C(F)(F)F)cc(C(C)(C)C)cc1C(C)(C)C,IOTZBRPLBMULMD-KLGKYMQISA-N,CHEMBL107555,275,Retinoid X receptor alpha 
146723,Ki,9.00,1.0,COc1c(/C(C)=C\C=C\C(C)=C\C(=O)O)cc(C(C)C)cc1C(C)C,LPWCYKDBURUOIZ-HNBVHFCESA-N,CHEMBL90824,275,Retinoid X receptor alpha 
147288,Ki,7.85,14.0,CCCOc1c(/C(C)=C\C=C\C(C)=C\C(=O)O)cc(C(C)(C)C)cc1C(C)(C)C,BLKMJRAWGQIQDA-ANPOFYETSA-N,CHEMBL420249,275,Retinoid X receptor alpha 
61071,Ki,8.15,7.0,C/C(=C\C(=O)O)c1cc2c(-c3cc(C(C)(C)C)cc(C(C)(C)C)c3C)cccc2s1,INBOQKPWAJGLHM-FOWTUZBSSA-N,CHEMBL44420,275,Retinoid X receptor alpha 
151497,Ki,7.53,29.6,COc1c(-c2csc3ccc(/C(C)=C/C(=O)O)cc23)cc(C(C)C)cc1C(C)C,PYCVGUGNBZAPOL-CXUHLZMHSA-N,CHEMBL314745,275,Retinoid X receptor alpha 
217057,Ki,8.39,4.1,CC(/C=C/C(F)=C(/C)c1cc(C(C)(C)C)cc(C(C)(C)C)c1OCC(F)(F)F)=C\C(=O)O,RMHYEVXCHZYYBT-WEMQTCASSA-N,CHEMBL335242,275,Retinoid X receptor alpha 
147259,Ki,7.57,27.0,C/C(=C/C=C/C(C)=C/C(=O)O)c1cc(C(C)(C)C)cc(C(C)(C)C)c1OCC(F)(F)F,LLVWDWDMKXWCFT-XRYBSMBUSA-N,CHEMBL92487,275,Retinoid X receptor alpha 
217494,Ki,9.10,0.8,C/C(=C/C=C/C(C)=C/C(=O)O)c1cc(-c2ccc(F)cc2)cc(C(C)C)c1OCC(F)F,JMSNTCCDXKQCFG-QIBCAMHUSA-N,CHEMBL133915,275,Retinoid X receptor alpha 
345761,Ki,7.20,63.0,CC(/C=C/CN(CC1CC1)c1cc(C(C)(C)C)cc2c1CCC2(C)C)=C\C(=O)O,FMOOFUIGTSVHCO-UABRHEIZSA-N,CHEMBL377178,275,Retinoid X receptor alpha 
147257,Ki,8.70,2.0,CCC(C)(C)c1cc(/C(C)=C\C=C\C(C)=C\C(=O)O)c(OC)c(C(C)(C)CC)c1,DTZUKXVGXVOCKJ-XKTFKWMDSA-N,CHEMBL91185,275,Retinoid X receptor alpha 
60605,Ki,8.30,5.0,CCCCCCCOc1c(-c2cccc3sc(/C(C)=C/C(=O)O)cc23)cc(C(C)(C)C)cc1C(C)(C)C,WRGWXGCPDRRZSK-RELWKKBWSA-N,CHEMBL291034,275,Retinoid X receptor alpha 
273340,Ki,8.15,7.0,C=CCO/N=C(\c1ccc(C(=O)O)cc1)c1cc2c(cc1C)C(C)(C)CCC2(C)C,JSTBHIXANIUGGJ-SLEBQGDGSA-N,CHEMBL166244,275,Retinoid X receptor alpha 
146724,Ki,8.52,3.0,CCCOc1c(/C(C)=C\C=C\C(C)=C\C(=O)O)cc(C(C)C)cc1C(C)C,TYMBNWYPCYSZOZ-RSMBVSHGSA-N,CHEMBL91779,275,Retinoid X receptor alpha 
179188,Ki,8.11,7.8,CC(/C=C/C(F)=C(/C)c1cc(C(C)(C)C)cc(C(C)(C)C)c1OCC(F)F)=C\C(=O)O,WDIPTEIUSFFSDV-WEMQTCASSA-N,CHEMBL111217,275,Retinoid X receptor alpha 
96828,Ki,7.00,100.0,CCCOc1cc2c(cc1C1CCCc3oc(/C=C/C(=O)O)cc31)C(C)(C)CCC2(C)C,CWCPUIFVSMQHCH-ZHACJKMWSA-N,CHEMBL64771,275,Retinoid X receptor alpha 
147275,Ki,7.94,11.4,CCOc1c(/C(C)=C\C=C\C(C)=C\C(=O)O)cc(C(C)(C)C)cc1C(C)(C)C,UDGIIBLSAWJGEA-HNKNLTESSA-N,CHEMBL92050,275,Retinoid X receptor alpha 
125733,Ki,8.30,5.0,CC(/C=C/C1=C(c2cc3c(cc2C)C(C)(C)CCC3(C)C)CCC1)=C\C(=O)O,GMUNIMQISYVYQW-PKAMWHFSSA-N,CHEMBL312737,275,Retinoid X receptor alpha 
1385988,Ki,7.20,63.0,C/C(=C\C(=O)O)c1cc2c(o1)CCCC2c1ccc2c(c1)C(C)(C)CCC2(C)C,DOSXLPGCGUQSGK-DTQAZKPQSA-N,CHEMBL2113737,275,Retinoid X receptor alpha 
