id,chembl_id,smiles
0,CHEMBL539699,C[C@@H]1C[C@H]2[C@@H]3CCC4=CC(=O)C=C[C@]4(C)[C@@]3(F)[C@@H](O)C[C@]2(C)[C@@]1(O)C(=O)CSCCNC(=S)NCCCN(C)CCCNC(=O)CCNC(=O)c1cc(NC(=O)c2nccn2C)cn1C
1,CHEMBL3647440,Cc1cnc(NC(=O)c2ccc3c(c2)CC[C@@H]2C[C@@](O)(C(F)(F)F)CC[C@@]32Cc2ccccc2)c(C)n1
2,CHEMBL3647443,Cc1ncccc1NC(=O)c1ccc2c(c1)C(=O)C[C@@H]1C[C@@](O)(C(F)(F)F)CC[C@@]21Cc1ccccc1
3,CHEMBL3647441,Cc1ncccc1NC(=O)c1ccc2c(c1)CC[C@@H]1C[C@@](O)(CCC(F)(F)F)CC[C@@]21Cc1ccccc1
4,CHEMBL3137304,Cc1ncccc1NC(=O)c1ccc2c(c1)CC[C@@H]1C[C@@](O)(C(F)(F)F)CC[C@@]21Cc1ccccc1
5,CHEMBL3647444,Cc1ncccc1NC(=O)c1ccc2c(c1)[C@H](O)C[C@@H]1C[C@@](O)(C(F)(F)F)CC[C@@]21Cc1ccccc1
6,CHEMBL3647442,Cc1ccncc1NC(=O)c1ccc2c(c1)CC[C@@H]1C[C@@](O)(C(F)(F)F)CC[C@@]21Cc1ccccc1
7,CHEMBL3647445,Cc1c(NC(=O)c2ccc3c(c2)CC[C@@H]2C[C@@](O)(C(F)(F)F)CC[C@@]32Cc2ccccc2)ccc[n+]1[O-]
8,CHEMBL3647448,Cc1ncc(NC(=O)c2ccc3c(c2)CC[C@@H]2C[C@@](O)(CCC(F)(F)F)CC[C@@]32Cc2ccccc2)c(C)n1
9,CHEMBL3647446,Cc1ncccc1NC(=O)c1ccc2c(c1)CC[C@@H]1C[C@@](O)(C(F)F)CC[C@@]21Cc1ccccc1
10,CHEMBL3647447,Cc1ncccc1NC(=O)c1ccc2c(c1)C=C[C@@H]1C[C@@](O)(C(F)(F)F)CC[C@@]21Cc1ccccc1
11,CHEMBL3137316,Cc1ncccc1NC(=O)c1ccc2c(c1)CC[C@@H]1C[C@@](OP(=O)(O)O)(C(F)(F)F)CC[C@@]21Cc1ccccc1
12,CHEMBL503041,C[C@H]1C[C@H]2[C@@H]3CCC4=CC(=O)C=C[C@]4(C)[C@@]3(F)[C@@H](O)C[C@]2(C)[C@@]1(OC(=O)NC12CC3CC(CC(C3)C1)C2)C(=O)CO
13,CHEMBL1940694,Cc1cccc(SCC(=O)[C@@]2(O)[C@H](C)C[C@H]3[C@@H]4CCC5=CC(=O)C=C[C@]5(C)[C@H]4[C@@H](O)C[C@@]32C)n1
14,CHEMBL503848,C[C@H]1C[C@H]2[C@@H]3CCC4=CC(=O)C=C[C@]4(C)[C@@]3(F)[C@@H](O)C[C@]2(C)[C@@]1(OC(=O)NC1CCCCC1)C(=O)CO
15,CHEMBL1940548,Cc1ccnc(SCC(=O)[C@@]2(O)CC[C@H]3[C@@H]4CCC5=CC(=O)C=C[C@]5(C)[C@H]4[C@@H](O)C[C@@]32C)n1
16,CHEMBL2024028,C[C@]12CCC(=O)C=C1CC[C@@H]1[C@@H]2[C@@H](O)C[C@@]2(C)[C@H]1CC[C@]2(O)C(=O)CSc1ccccn1
17,CHEMBL2024030,C[C@]12CCC(=O)C=C1CC[C@@H]1[C@@H]2[C@@H](O)C[C@@]2(C)[C@H]1CC[C@]2(O)C(=O)CSc1ccc(Cl)c(Cl)c1
18,CHEMBL1940552,C[C@]12C=CC(=O)C=C1CC[C@@H]1[C@@H]2[C@@H](O)C[C@@]2(C)[C@H]1CC[C@]2(O)C(=O)CSc1ccccn1
19,CHEMBL158091,CC1(C)O[C@@H]2CC3C4C[C@H](F)C5=CC(=O)C=C[C@]5(C)[C@@]4(F)[C@@H](O)C[C@]3(C)[C@]2(S[C@@H]2CCOC2=O)O1
20,CHEMBL414449,CCC[C@@H]1O[C@@H]2CC3C4C[C@H](F)C5=CC(=O)CC[C@]5(C)[C@@]4(F)[C@@H](O)C[C@]3(C)[C@]2(S[C@@H]2CCOC2=O)O1
21,CHEMBL3647439,Cc1ncccc1CNC(=O)c1ccc2c(c1)CC[C@@H]1C[C@@](O)(CCC(F)(F)F)CC[C@@]21Cc1ccccc1
22,CHEMBL524378,C[C@H]1C[C@@H]2[C@H]3CCC4=CC(=O)C=C[C@@]4(C)[C@]3(F)[C@H](O)C[C@@]2(C)[C@]1(O)C(=O)CSCCNC(=S)NCCNC(=O)c1cc(NC(=O)c2cncn2C)cn1C
23,CHEMBL525442,C[C@H]1C[C@H]2[C@@H]3CCC4=CC(=O)C=C[C@]4(C)[C@@]3(F)[C@@H](O)C[C@]2(C)[C@@]1(OC(=O)NC1CCCC1)C(=O)CO
24,CHEMBL2024022,Cc1nc(SCC(=O)[C@@]2(O)CC[C@H]3[C@@H]4CCC5=CC(=O)CC[C@]5(C)[C@H]4[C@@H](O)C[C@@]32C)sc1C
25,CHEMBL2023243,C[C@]12Cc3cnn(-c4ccc(F)cc4)c3C=C1CC[C@@H]1[C@@H]2[C@@H](O)C[C@@]2(C)[C@H]1CC[C@]2(O)C(=O)CSc1ccc2ccccc2c1
26,CHEMBL2023244,C[C@]12Cc3cnn(-c4ccc(F)cc4)c3C=C1CC[C@@H]1[C@@H]2[C@@H](O)C[C@@]2(C)[C@H]1CC[C@]2(O)C(=O)COc1ccc2ccccc2c1
27,CHEMBL2023615,C[C@]12Cc3cnn(-c4ccc(F)cc4)c3C=C1CC[C@@H]1[C@@H]2[C@@H](O)C[C@@]2(C)[C@H]1CC[C@]2(O)C(=O)COc1ccc2ccccc2n1
28,CHEMBL2023617,C[C@]12Cc3cnn(-c4ccc(F)cc4)c3C=C1CC[C@@H]1[C@@H]2[C@@H](O)C[C@@]2(C)[C@H]1CC[C@]2(O)C(=O)COc1cnc2ccccc2n1
29,CHEMBL2023616,C[C@]12Cc3cnn(-c4ccc(F)cc4)c3C=C1CC[C@@H]1[C@@H]2[C@@H](O)C[C@@]2(C)[C@H]1CC[C@]2(O)C(=O)CSc1cnc2ccccc2n1
30,CHEMBL2023621,C[C@]12Cc3cnn(-c4ccc(F)cc4)c3C=C1CC[C@@H]1[C@@H]2[C@@H](O)C[C@@]2(C)[C@H]1CC[C@]2(O)C(=O)CSc1nc2ccccc2c(=O)[nH]1
31,CHEMBL2022864,C[C@]12Cc3cnn(-c4ccccc4)c3C=C1CC[C@@H]1[C@@H]2[C@@H](O)C[C@@]2(C)[C@H]1CC[C@]2(O)C(=O)COc1cnc2ccccc2n1
32,CHEMBL2023614,C[C@]12Cc3cnn(-c4ccc(F)cc4)c3C=C1CC[C@@H]1[C@@H]2[C@@H](O)C[C@@]2(C)[C@H]1CC[C@]2(O)C(=O)CSc1ccc2ccccc2n1
33,CHEMBL2022862,C[C@]12Cc3cnn(-c4ccccc4)c3C=C1CC[C@@H]1[C@@H]2[C@@H](O)C[C@@]2(C)[C@H]1CC[C@]2(O)C(=O)CSc1cnc2ccccc2n1
34,CHEMBL2022863,C[C@]12Cc3cnn(C4CCCCC4)c3C=C1CC[C@@H]1[C@@H]2[C@@H](O)C[C@@]2(C)[C@H]1CC[C@]2(O)C(=O)CSc1cnc2ccccc2n1
35,CHEMBL2022660,C[C@]12Cc3cnn(-c4ccccc4)c3C=C1CC[C@@H]1[C@@H]2[C@@H](O)C[C@@]2(C)[C@H]1CC[C@]2(O)C(=O)CSc1ccc2ccccc2n1
36,CHEMBL2022861,C[C@]12Cc3cnn(C4CCCCC4)c3C=C1CC[C@@H]1[C@@H]2[C@@H](O)C[C@@]2(C)[C@H]1CC[C@]2(O)C(=O)CSc1ccc2ccccc2n1
37,CHEMBL549778,COc1ccc([C@H]2OC[C@@]3(C)[C@@H](CC[C@@]3(O)C#Cc3ccccc3)[C@@H]3CCC4=CC(=O)CCC4=C32)cc1
38,CHEMBL541245,COc1ccc([C@H]2OC[C@@]3(C)[C@@H](CC[C@@]3(O)C#Cc3ccc(C(F)(F)F)cc3)[C@@H]3CCC4=CC(=O)CCC4=C32)cc1
39,CHEMBL2021945,C[C@]12Cc3cnn(-c4ccc(F)cc4)c3C=C1CC[C@@H]1[C@@H]2[C@@H](O)C[C@@]2(C)[C@H]1CC[C@]2(O)C(=O)CSc1ccccn1
40,CHEMBL2023620,C[C@]12Cc3cnn(-c4ccc(F)cc4)c3C=C1CC[C@@H]1[C@@H]2[C@@H](O)C[C@@]2(C)[C@H]1CC[C@]2(O)C(=O)CSc1ncccn1
41,CHEMBL2022657,C[C@]12Cc3cnn(-c4ccccc4)c3C=C1CC[C@@H]1[C@@H]2[C@@H](O)C[C@@]2(C)[C@H]1CC[C@]2(O)C(=O)CSc1ccccn1
42,CHEMBL2022658,C[C@]12Cc3cnn(C4CCCCC4)c3C=C1CC[C@@H]1[C@@H]2[C@@H](O)C[C@@]2(C)[C@H]1CC[C@]2(O)C(=O)CSc1ccccn1
43,CHEMBL2022659,C[C@]12Cc3cnn(C4CCCCC4)c3C=C1CC[C@@H]1[C@@H]2[C@@H](O)C[C@@]2(C)[C@H]1CC[C@]2(O)C(=O)CSc1ncccn1
44,CHEMBL4204466,C[C@H](NC(=O)C(F)(F)F)[C@H](Oc1ccc(C#N)cc1Br)c1cnc(C2CC2)nc1
45,CHEMBL4213734,C[C@H](NC(=O)C(C)(F)F)[C@H](Oc1ccc(C#N)cc1Br)c1cnc(C2CC2)nc1
46,CHEMBL4208799,C[C@H](NC(=O)C(C)(F)F)[C@H](Oc1ccc(C#N)cc1Cl)c1cnc(C2CC2)nc1
47,CHEMBL4209337,CC[C@H](NC(=O)C(F)(F)F)[C@H](Oc1ccc(C#N)cc1Br)c1cnc(C2CC2)nc1
48,CHEMBL4217184,N#Cc1ccc(O[C@H](c2cnc(C3CC3)nc2)[C@H](CO)NC(=O)C(F)(F)F)c(Br)c1
49,CHEMBL2023618,C[C@]12Cc3cnn(-c4ccc(F)cc4)c3C=C1CC[C@@H]1[C@@H]2[C@@H](O)C[C@@]2(C)[C@H]1CC[C@]2(O)C(=O)CSc1nccc2ccccc12
50,CHEMBL1093772,CCn1ncc2c(Cl)c(C(=O)NCc3ccc(Cl)c(C(F)(F)F)c3)cnc21
51,CHEMBL1093773,Cc1nn(C)c2ncc(C(=O)NCc3ccc(Cl)c(C(F)(F)F)c3)c(Cl)c12
52,CHEMBL3666814,C[C@H](NC(=O)C(C)(F)F)[C@H](Oc1ccc2c(cnn2-c2cccc(C(=O)NCc3cccnc3)c2)c1)c1ccc2c(c1)OCOC2
53,CHEMBL3666813,C[C@H](NC(=O)C(C)(F)F)[C@H](Oc1ccc2c(cnn2-c2cccc(C(=O)NCc3cccnc3)c2)c1)c1ccc2c(c1)OCCO2
54,CHEMBL3666817,C[C@H](NC(=O)C(C)(F)F)[C@H](Oc1ccc2c(cnn2-c2cccc(C(=O)NCc3ccccc3)c2)c1)c1ccc2c(c1)OCOC2
55,CHEMBL302366,CC1(C)O[C@@H]2CC3C4C[C@H](F)C5=CC(=O)C=C[C@]5(C)[C@@]4(F)[C@@H](O)C[C@]3(C)[C@]2(C(=O)CSC2CCOC2=O)O1
56,CHEMBL2024024,C[C@]12CCC(=O)C=C1CC[C@@H]1[C@@H]2[C@@H](O)C[C@@]2(C)[C@H]1CC[C@]2(O)C(=O)CSc1cnc2ccccc2n1
57,CHEMBL1940692,C[C@@H]1C[C@H]2[C@@H]3CCC4=CC(=O)C=C[C@]4(C)[C@H]3[C@@H](O)C[C@]2(C)[C@@]1(O)C(=O)CSc1cnc2ccccc2n1
58,CHEMBL1940691,C[C@@H]1C[C@H]2[C@@H]3CCC4=CC(=O)C=C[C@]4(C)[C@H]3[C@@H](O)C[C@]2(C)[C@@]1(O)C(=O)CSc1ccc2ccccc2n1
59,CHEMBL1940549,C[C@]12C=CC(=O)C=C1CC[C@@H]1[C@@H]2[C@@H](O)C[C@@]2(C)[C@H]1CC[C@]2(O)C(=O)CSc1ncc2ccccc2n1
60,CHEMBL1940547,C[C@]12C=CC(=O)C=C1CC[C@@H]1[C@@H]2[C@@H](O)C[C@@]2(C)[C@H]1CC[C@]2(O)C(=O)CSc1ccc2ccccc2n1
61,CHEMBL2024023,C[C@]12CCC(=O)C=C1CC[C@@H]1[C@@H]2[C@@H](O)C[C@@]2(C)[C@H]1CC[C@]2(O)C(=O)CSc1ccc2ccccc2n1
62,CHEMBL266282,C=CCC1Oc2cccc(OC)c2-c2ccc3c(c21)C(C)=CC(C)(C)N3
63,CHEMBL45720,COc1cccc2c1-c1ccc3c(c1C(CC=C(C)C)O2)C(C)=CC(C)(C)N3
64,CHEMBL47742,C/C=C/CC1Oc2cccc(OC)c2-c2ccc3c(c21)C(C)=CC(C)(C)N3
65,CHEMBL49386,C/C=C\CC1Oc2cccc(OC)c2-c2ccc3c(c21)C(C)=CC(C)(C)N3
66,CHEMBL46029,C=CC(C)C1Oc2cccc(OC)c2-c2ccc3c(c21)C(C)=CC(C)(C)N3
67,CHEMBL48283,C=C(C)CC1Oc2cccc(OC)c2-c2ccc3c(c21)C(C)=CC(C)(C)N3
68,CHEMBL50118,COc1cccc2c1-c1ccc3c(c1C(CC=C(F)F)O2)C(C)=CC(C)(C)N3
69,CHEMBL46329,COC(=O)/C=C/CC1Oc2cccc(OC)c2-c2ccc3c(c21)C(C)=CC(C)(C)N3
70,CHEMBL416278,CC/C=C\CC1Oc2cccc(OC)c2-c2ccc3c(c21)C(C)=CC(C)(C)N3
71,CHEMBL457036,CC#C[C@@]1(O)CC[C@@]2(CC)c3ccc(OCc4cccnc4C)cc3CC[C@@H]2C1
72,CHEMBL457035,CC#C[C@@]1(O)CC[C@@]2(CC)c3ccc(OCc4ccncc4)cc3CC[C@@H]2C1
73,CHEMBL515671,CC#C[C@]1(O)C[C@H]2CCc3cc(OCc4cccnc4C)ccc3[C@]2(CC)C[C@@H]1O
74,CHEMBL1940698,C[C@@H]1C[C@H]2[C@@H]3CCC4=CC(=O)C=C[C@]4(C)[C@H]3[C@@H](O)C[C@]2(C)[C@@]1(O)C(=O)CSc1nnc(-c2ccccc2)o1
75,CHEMBL2024027,C[C@]12CCC(=O)C=C1CC[C@@H]1[C@@H]2[C@@H](O)C[C@@]2(C)[C@H]1CC[C@]2(O)C(=O)CSc1nnc(-c2ccccc2)o1
76,CHEMBL1940690,C[C@@H]1C[C@H]2[C@@H]3CCC4=CC(=O)C=C[C@]4(C)[C@H]3[C@@H](O)C[C@]2(C)[C@@]1(O)C(=O)CSc1nccc2ccccc12
77,CHEMBL1940693,C[C@@H]1C[C@H]2[C@@H]3CCC4=CC(=O)C=C[C@]4(C)[C@H]3[C@@H](O)C[C@]2(C)[C@@]1(O)C(=O)CSc1ncnc2ccccc12
78,CHEMBL500897,C[C@H](NC(=O)O[C@]1(C(=O)CO)[C@@H](C)C[C@H]2[C@@H]3CCC4=CC(=O)C=C[C@]4(C)[C@@]3(F)[C@@H](O)C[C@@]21C)c1ccccc1
79,CHEMBL509182,C[C@@H](NC(=O)O[C@]1(C(=O)CO)[C@@H](C)C[C@H]2[C@@H]3CCC4=CC(=O)C=C[C@]4(C)[C@@]3(F)[C@@H](O)C[C@@]21C)c1ccccc1
80,CHEMBL65570,COc1cccc2c1-c1ccc(NS(=O)(=O)c3cccs3)cc1C(c1ccccc1)O2
81,CHEMBL64095,COc1cccc2c1-c1ccc(NS(C)(=O)=O)cc1C(c1ccc(Oc3ccccc3)cc1)O2
82,CHEMBL1917413,Cc1nc(SCC(=O)[C@@]2(OC(=O)c3ccco3)CC[C@H]3[C@@H]4CCC5=CC(=O)CC[C@]5(C)[C@H]4[C@@H](O)C[C@@]32C)sc1C
83,CHEMBL1917251,C[C@]12CCC(=O)C=C1CC[C@@H]1[C@@H]2[C@@H](O)C[C@@]2(C)[C@H]1CC[C@]2(OC(=O)c1ccco1)C(=O)CSc1cnc2ccccc2n1
84,CHEMBL1917250,C[C@]12CCC(=O)C=C1CC[C@@H]1[C@@H]2[C@@H](O)C[C@@]2(C)[C@H]1CC[C@]2(OC(=O)c1ccco1)C(=O)CSc1ccc2ccccc2n1
85,CHEMBL1917416,Cc1ccnc(SCC(=O)[C@@]2(OC(=O)c3ccco3)CC[C@H]3[C@@H]4CCC5=CC(=O)C=C[C@]5(C)[C@H]4[C@@H](O)C[C@@]32C)n1
86,CHEMBL1917256,C[C@]12CCC(=O)C=C1CC[C@@H]1[C@@H]2[C@@H](O)C[C@@]2(C)[C@H]1CC[C@]2(OC(=O)c1ccco1)C(=O)CSc1ncccn1
87,CHEMBL1682426,Cc1cc(-c2cccc3cc[nH]c23)c(/C=N/OCc2ccccc2)c2c1NC(C)(C)[C@H](O)[C@H]2C
88,CHEMBL1093774,Cc1noc(C)c1-c1ccc(CNC(=O)c2cnc3c(c(C)nn3C)c2Cl)cc1
89,CHEMBL1676,C[C@@H]1C[C@H]2[C@@H]3C[C@H](F)C4=CC(=O)C=C[C@]4(C)[C@@]3(F)[C@@H](O)C[C@]2(C)[C@@]1(OC(=O)c1ccco1)C(=O)SCF
90,CHEMBL3945990,Cc1cc(C)c(S(=O)(=O)N[C@H]2CCN(c3cccc4c3cnn4-c3ccc(F)cc3)C2)c(C)c1
91,CHEMBL2022865,Cc1nc(SCC(=O)[C@@]2(O)CC[C@H]3[C@@H]4CCC5=Cc6c(cnn6C6CCCCC6)C[C@]5(C)[C@H]4[C@@H](O)C[C@@]32C)sc1C
92,CHEMBL312399,C[C@]12Cc3cnn(-c4ccc(F)cc4)c3C=C1CCC[C@@H]2[C@@H](O)CCC1CC1
93,CHEMBL363200,Cc1noc(=O)c2ccc(NC(=O)C(O)(Cc3ccccc3)CC(C)(C)c3ccccc3)cc12
94,CHEMBL195962,Cc1noc(=O)c2ccc(NC(=O)C(O)(CC3CCCCC3)CC(C)(C)c3cc(F)ccc3O)cc12
95,CHEMBL372102,Cc1noc(=O)c2ccc(NC(=O)C(O)(Cc3ccccc3)CC(C)(C)c3cc(F)ccc3O)cc12
96,CHEMBL194804,Cc1noc(=O)c2ccc(NC(=O)C(O)(CC3CCCCC3)CC(C)(C)c3ccccc3)cc12
97,CHEMBL210185,Cc1noc(=O)c2ccc(NC(=O)C(O)(CC3(C4CCC4)CCCc4ccccc43)C(F)(F)F)cc12
98,CHEMBL4762028,C[C@H](NC(=O)[C@H]1CCCO1)[C@H](Oc1ccc(C(=O)O[C@H]2CCCN(C(=O)[C@H]3COC(=O)C3)C2)cc1)c1ccc(C2CC2)cc1
99,CHEMBL4797614,C[C@H](NC(=O)[C@@H]1CCCO1)[C@H](Oc1ccc(C(=O)O[C@H]2CCCN(C(=O)[C@H]3COC(=O)C3)C2)cc1)c1ccc(C2CC2)cc1
100,CHEMBL182058,Cc1c(NS(C)(=O)=O)cccc1N(Cc1ccc(Oc2cccc(OC[C@@H]3C[C@@H](O)CC(=O)O3)c2)cc1)Cc1ccc(F)cc1F
101,CHEMBL3960682,Cc1nnc(C(=O)N[C@@H](C)[C@H](Oc2ccc3c(cnn3-c3ccc(F)cc3)c2)c2ccccc2)o1
102,CHEMBL3940724,Cc1nc(C(=O)N[C@@H](C)[C@H](Oc2ccc3c(cnn3-c3ccc(F)cc3)c2)c2ccccc2)no1
103,CHEMBL4217597,Cc1nnc(C(=O)N[C@@H]([C@H](C)O)[C@H](Oc2ccc3c(cnn3-c3ccc(F)cc3)c2)c2cc(F)cc(F)c2)o1
104,CHEMBL3895181,C=CCO[C@H]1C[C@@]2(C)[C@@H](CC[C@@]2(O)C#CC)[C@@H]2CCc3cc(C(=O)Nc4cccnc4C)ccc3[C@H]21
105,CHEMBL3927299,Cc1ncccc1NC(=O)c1ccc2c(c1)CC[C@@H]1[C@@H]2[C@@H](O)C[C@@]2(C)[C@H]1CC[C@@]2(O)C#CC(C)C
106,CHEMBL3982975,C=CCOC(=O)O[C@H]1C[C@@]2(C)[C@@H](CC[C@@]2(O)C#CC)[C@@H]2CCc3cc(C(=O)Nc4cccnc4C)ccc3[C@H]21
107,CHEMBL3956011,Cc1ccc(NC(=O)c2ccc3c(c2)CC[C@@H]2[C@@H]3[C@@H](O)C[C@]3(C)[C@@H](O)CC[C@@H]23)cn1
108,CHEMBL264841,Cc1c(NS(C)(=O)=O)cccc1N(Cc1ccccc1)Cc1ccc(Oc2cccc(OCC(=O)NCCO[C@H]3CC[C@@]4(C)[C@@H](C3)C[C@@H](O)[C@@H]3[C@@H]4C[C@H](O)[C@]4(C)[C@@H]([C@H](C)CCC(=O)O)CC[C@@H]34)c2)cc1
109,CHEMBL4216649,N#Cc1ccc(O[C@H](c2cnc(C3CC3)nc2)[C@@H](NC(=O)C(F)(F)F)C2CC2)c(Br)c1
110,CHEMBL4070346,C[C@H](NC(=O)C(C)(F)F)[C@H](Oc1ccc2c(cnn2-c2cccc(C(=O)N3CCC[C@@H]3C(N)=O)c2)c1)c1ccc2c(c1)OCCO2
111,CHEMBL4098641,C[C@H](NC(=O)C(C)(F)F)[C@H](Oc1ccc2c(cnn2-c2cccc(C(=O)N3CCC[C@@H]3C(N)=O)c2)c1)c1ccc2c(c1)OCOC2
112,CHEMBL4202668,C[C@H](NC(=O)C(C)(F)F)[C@H](Oc1ccc2c(cnn2-c2ccc(=O)n(CC3CC3)c2)c1)c1ccccc1
113,CHEMBL465919,CCN(CC(O)(CNC(=O)c1cnn(-c2ccc(F)cc2)c1N)C(F)(F)F)C(=O)c1ccc2[nH]ccc2c1
114,CHEMBL4098197,C[C@H](NC(=O)C(C)(F)F)[C@H](Oc1ccc2c(cnn2-c2cccc(C(=O)NC3CCS(=O)(=O)C3)c2)c1)c1ccccc1
115,CHEMBL4059755,C[C@H](NC(=O)C(C)(F)F)[C@H](Oc1ccc2c(cnn2-c2cccc(C(=O)N[C@@H]3CCOC3=O)c2)c1)c1ccccc1
116,CHEMBL3233275,COc1ccc(F)cc1C(C)(C)CC(O)(Cc1cc2ccncc2[nH]1)C1CCC1
117,CHEMBL383890,Cc1noc(=O)c2ccc(NC(=O)C(O)(CC3(C4CCCCC4)CCCc4ccccc43)C(F)(F)F)cc12
118,CHEMBL212059,Cc1noc(=O)c2ccc(NC(=O)C(O)(CC3(c4ccccc4)CCCc4ccccc43)C(F)(F)F)cc12
119,CHEMBL4756197,C[C@H](NC(=O)C(F)(F)F)[C@H](Oc1ccc(C(=O)O[C@H]2CCCN(C(=O)[C@H]3COC(=O)C3)C2)cc1)c1ccc(C2CC2)cc1
120,CHEMBL208996,Cc1noc(=O)c2ccc(NC(=O)[C@](O)(C[C@@]3(C4CCCC4)CCCc4ccccc43)C(F)(F)F)cc12
121,CHEMBL235365,Cc1noc(=O)c2ccc(NC(=O)C(O)(CC3(C4CCCC4)CCCc4ccccc43)C(F)(F)F)cc12
122,CHEMBL184771,Cc1c(NS(C)(=O)=O)cccc1N(Cc1ccccc1)Cc1ccc(Oc2ccc(CCC(=O)NCCCN3CCCC3=O)cc2)cc1
123,CHEMBL386448,Cc1noc(=O)c2ccc(NC(=O)C(O)(CC3(C4CC4)CCCc4ccccc43)C(F)(F)F)cc12
124,CHEMBL182016,Cc1c(NS(C)(=O)=O)cccc1N(Cc1ccccc1)Cc1ccc(Oc2cccc(OCCCN3CCOCC3)c2)cc1
125,CHEMBL4211936,COc1ccc([C@@H](Oc2ccc3c(cnn3-c3ccc(F)cc3)c2)[C@H](Cc2ccccc2)NC(=O)C(C)(F)F)cn1
126,CHEMBL4096557,C[C@H](NC(=O)C(C)(F)F)[C@H](Oc1ccc2c(cnn2-c2cccc(C(=O)N3CCC[C@@H]3C(N)=O)c2)c1)c1ccccc1
127,CHEMBL4078531,C[C@H](NC(=O)C(C)(F)F)[C@H](Oc1ccc2c(cnn2-c2cccc(C(=O)N3CCC[C@H]3C(N)=O)c2)c1)c1ccccc1
128,CHEMBL183510,Cc1c(NS(C)(=O)=O)cccc1N(Cc1ccccc1)Cc1ccc(Oc2ccc(OC[C@@H]3C[C@@H](O)CC(=O)O3)cc2)cc1
129,CHEMBL263506,Cc1c(NS(C)(=O)=O)cccc1N(Cc1ccc(Oc2ccccc2)cc1)Cc1cccc(CCCC(=O)NCCO[C@H]2CC[C@@]3(C)[C@@H](C2)C[C@@H](O)[C@@H]2[C@@H]3C[C@H](O)[C@]3(C)[C@@H]([C@H](C)CCC(=O)O)CC[C@@H]23)c1
130,CHEMBL235205,Nc1c(C(=O)NCC(O)(CC2(C3CCCC3)CCCc3ccccc32)C(F)(F)F)cnn1-c1ccc(F)cc1F
131,CHEMBL3899942,C[C@H](NC(=O)c1ccccc1)[C@H](Oc1ccc2c(cnn2-c2ccc(F)cc2)c1)c1ccccc1
132,CHEMBL1684342,C[C@H]1c2c(cc(F)c(-c3cccc4c(Cl)c[nH]c34)c2F)NC(C)(C)[C@@H]1OC(=O)NCc1ccccc1
133,CHEMBL3233276,COc1ccc(F)cc1C(C)(C)CC(O)(Cc1cc2ccncc2[nH]1)C1CCCC1
134,CHEMBL3138365,Cc1c(NS(C)(=O)=O)cccc1N(Cc1ccccc1)Cc1ccc(Oc2cccc(CCCC(=O)NCCO[C@@H]3CC[C@]4(C)[C@H](C3)C[C@H](O)[C@@H]3[C@@H]4C[C@@H](O)[C@]4(C)[C@H]3CC[C@H]4[C@@H](C)CCC(=O)O)c2)cc1
135,CHEMBL182961,CC#C[C@]1(O)CC[C@H]2[C@@H]3CCC4=CC(=O)CCC4=C3[C@@H](c3ccc(N(C)C[C@@H]4C[C@@H](O)CC(=O)O4)cc3)C[C@@]21C
136,CHEMBL298687,COc1cccc2c1-c1ccc3c(c1[C@H]([C@@H]1C=C(C)CCC1)O2)C(C)=CC(C)(C)N3
137,CHEMBL97206,COc1cccc2c1-c1ccc3c(c1C(c1cccc(OCSC)c1)O2)C(C)=CC(C)(C)N3
138,CHEMBL317578,COc1cccc2c1-c1ccc3c(c1C(c1cccc(OC(=O)N(C)C)c1)O2)C(C)=CC(C)(C)N3
139,CHEMBL46199,COc1cccc2c1-c1ccc3c(c1C(C1C=CCCC1)O2)C(C)=CC(C)(C)N3
140,CHEMBL48588,COc1cccc2c1-c1ccc3c(c1C(C1C=C(C)CCC1)O2)C(C)=CC(C)(C)N3
141,CHEMBL419158,COc1cccc2c1-c1ccc3c(c1C(c1cc(Cl)cc(Cl)c1)O2)C(C)=CC(C)(C)N3
142,CHEMBL330638,COc1cccc2c1-c1ccc3c(c1C(c1cc(C)cc(C)c1)O2)C(C)=CC(C)(C)N3
143,CHEMBL327757,COCOc1cccc(C2Oc3cccc(OC)c3-c3ccc4c(c32)C(C)=CC(C)(C)N4)c1
144,CHEMBL100219,COc1cccc2c1-c1ccc3c(c1C(c1cc(C)cc(Br)c1)O2)C(C)=CC(C)(C)N3
145,CHEMBL453579,CC1=C[C@@H]([C@@H]2Oc3c(F)cc(F)cc3-c3ccc4c(c32)C(C)=CC(C)(C)N4)CCC1
146,CHEMBL46325,COc1cccc2c1-c1ccc3c(c1[C@H]([C@H]1C=C(C)CCC1)O2)C(C)=CC(C)(C)N3
147,CHEMBL95644,COc1cccc2c1-c1ccc3c(c1C(c1cccc(C(F)(F)F)c1)O2)C(C)=CC(C)(C)N3
148,CHEMBL99046,COc1cccc2c1-c1ccc3c(c1C(c1ccccc1)O2)C(C)=CC(C)(C)N3
149,CHEMBL99123,COc1cccc2c1-c1ccc3c(c1C(c1cc(F)cc(F)c1)O2)C(C)=CC(C)(C)N3
150,CHEMBL317921,CC1=CC(C)(C)Nc2ccc3c(c21)C(c1ccc(Cl)c(Cl)c1)Oc1ccccc1-3
151,CHEMBL47463,COc1cccc2c1-c1ccc3c(c1C(C1C=CCC1)O2)C(C)=CC(C)(C)N3
152,CHEMBL220955,CC#C[C@]1(O)CC[C@H]2[C@@H]3CCC4=CC(=O)CCC4=C3[C@@H](c3ccc(-c4ccc(OC)cc4)cc3)C[C@@]21C
153,CHEMBL4545820,CC(C)(C)C#C[C@]1(O)CC[C@H]2[C@@H]3CCC4=CC(=O)CC[C@@H]4[C@H]3[C@@H](c3ccc(N4CCOCC4)cc3)C[C@@]21C
154,CHEMBL4483408,CC(C)(C)C#C[C@]1(O)CC[C@H]2[C@@H]3CCC4=CC(=O)CC[C@@H]4[C@H]3[C@@H](c3ccc(N4CCN(S(C)(=O)=O)CC4)cc3)C[C@@]21C
155,CHEMBL4171957,CC(C)(C)C#C[C@]1(O)CC[C@H]2[C@@H]3CCC4=CC(=O)CCC4=C3[C@@H](c3ccc(N4CCOCC4)cc3)C[C@@]21C
156,CHEMBL4173222,CC(C)(C)C#C[C@]1(O)CC[C@H]2[C@@H]3CCC4=CC(=O)CCC4=C3[C@@H](c3ccc(N4CCS(=O)(=O)CC4)cc3)C[C@@]21C
157,CHEMBL4591353,CN1CCN(c2ccc([C@H]3C[C@@]4(C)[C@@H](CC[C@@]4(O)C#CC(C)(C)C)[C@@H]4CCC5=CC(=O)CC[C@@H]5[C@H]43)cc2)CC1
158,CHEMBL232223,Cc1ccc(C#C[C@]2(O)CC[C@H]3[C@@H]4OCC5=CC(=O)CCC5=C4[C@@H](c4ccc(N(C)C)cc4)C[C@@]32C)cc1
159,CHEMBL390700,CN(C)c1ccc([C@H]2C[C@@]3(C)[C@@H](CC[C@@]3(O)C#Cc3ccc(Br)cc3)[C@@H]3OCC4=CC(=O)CCC4=C32)cc1
160,CHEMBL397239,CN(C)c1ccc([C@H]2C[C@@]3(C)[C@@H](CC[C@@]3(O)C#Cc3cc(F)cc(F)c3)[C@@H]3OCC4=CC(=O)CCC4=C32)cc1
161,CHEMBL395706,Cc1cccc(C#C[C@]2(O)CC[C@H]3[C@@H]4OCC5=CC(=O)CCC5=C4[C@@H](c4ccc(N(C)C)cc4)C[C@@]32C)c1
162,CHEMBL232219,CN(C)c1ccc([C@H]2C[C@@]3(C)[C@@H](CC[C@@]3(O)C#Cc3ccc(F)cc3)[C@@H]3OCC4=CC(=O)CCC4=C32)cc1
163,CHEMBL397212,CN(C)c1ccc([C@H]2C[C@@]3(C)[C@@H](CC[C@@]3(O)C#Cc3ccc(C#N)cc3)[C@@H]3OCC4=CC(=O)CCC4=C32)cc1
164,CHEMBL232428,CN(C)c1ccc([C@H]2C[C@@]3(C)[C@@H](CC[C@@]3(O)C#Cc3ccc(Cl)cc3)[C@@H]3OCC4=CC(=O)CCC4=C32)cc1
165,CHEMBL245134,CN(C)c1ccc([C@H]2C[C@@]3(C)[C@@H](CC[C@@]3(O)C#Cc3cccc(C(F)(F)F)c3)[C@@H]3OCC4=CC(=O)CCC4=C32)cc1
166,CHEMBL245131,CN(C)c1ccc([C@H]2C[C@@]3(C)[C@@H](CC[C@@]3(O)C#Cc3cccc(Cl)c3)[C@@H]3OCC4=CC(=O)CCC4=C32)cc1
167,CHEMBL396784,CN(C)c1ccc([C@H]2C[C@@]3(C)[C@@H](CC[C@@]3(O)C#Cc3ccccc3C(F)(F)F)[C@@H]3OCC4=CC(=O)CCC4=C32)cc1
168,CHEMBL244972,CN(C)c1ccc([C@H]2C[C@@]3(C)[C@@H](CC[C@@]3(O)C#Cc3cccc(F)c3)[C@@H]3OCC4=CC(=O)CCC4=C32)cc1
169,CHEMBL396451,CN(C)c1ccc([C@H]2C[C@@]3(C)[C@@H](CC[C@@]3(O)C#Cc3ccccc3Br)[C@@H]3OCC4=CC(=O)CCC4=C32)cc1
170,CHEMBL394860,CN(C)c1ccc([C@H]2C[C@@]3(C)[C@@H](CC[C@@]3(O)C#Cc3ccccc3Cl)[C@@H]3OCC4=CC(=O)CCC4=C32)cc1
171,CHEMBL233249,CN(C)c1ccc([C@H]2C[C@@]3(C)[C@@H](CC[C@@]3(O)C#Cc3ccccc3F)[C@@H]3OCC4=CC(=O)CCC4=C32)cc1
172,CHEMBL231798,CN(C)c1ccc([C@H]2C[C@@]3(C)[C@@H](CC[C@@]3(O)C#Cc3ccc(C(C)(C)C)cc3)[C@@H]3OCC4=CC(=O)CCC4=C32)cc1
173,CHEMBL396983,COc1ccc(C#C[C@]2(O)CC[C@H]3[C@@H]4OCC5=CC(=O)CCC5=C4[C@@H](c4ccc(N(C)C)cc4)C[C@@]32C)cc1
174,CHEMBL1950695,CC#C[C@]1(O)CC[C@H]2[C@@H]3CCC4=CC(=O)CCC4=C3[C@@H](c3ccc4oc(CC)nc4c3)C[C@@]21C
175,CHEMBL1950694,CC#C[C@]1(O)CC[C@H]2[C@@H]3CCC4=CC(=O)CCC4=C3[C@@H](c3ccc4oc(C)nc4c3)C[C@@]21C
176,CHEMBL1950693,CC#C[C@]1(O)CC[C@H]2[C@@H]3CCC4=CC(=O)CCC4=C3[C@@H](c3ccc4ocnc4c3)C[C@@]21C
177,CHEMBL1950698,CC#C[C@]1(NC=O)CC[C@H]2[C@@H]3CCC4=CC(=O)CCC4=C3[C@@H](c3ccc4ocnc4c3)C[C@@]21C
178,CHEMBL1950697,CC#C[C@]1(O)CC[C@H]2[C@@H]3CCC4=CC(=O)CCC4=C3[C@@H](c3ccc4oc(C(F)(F)F)nc4c3)C[C@@]21C
179,CHEMBL3706950,COc1c(O)ccc2c1-c1ccc3c(c1/C(=C/c1cccc(-c4cccnc4)c1)O2)C(C)=CC(C)(C)N3
180,CHEMBL3706945,COc1c(O)ccc2c1-c1ccc3c(c1/C(=C/c1cccc(-c4ccccc4)c1)O2)C(C)=CC(C)(C)N3
181,CHEMBL219684,CC#C[C@]1(O)CC[C@H]2[C@@H]3CCC4=CC(=O)CCC4=C3[C@@H](c3ccc(N(C)CCO[C@H]4CC[C@@]5(C)[C@@H](C4)C[C@@H](O)[C@@H]4[C@@H]5C[C@H](O)[C@]5(C)[C@@H]([C@H](C)CCC(=O)O)CC[C@@H]45)cc3)C[C@@]21C
182,CHEMBL374507,CC#C[C@]1(O)CC[C@H]2[C@@H]3CCC4=CC(=O)CCC4=C3[C@@H](c3ccc(OCCO[C@H]4CC[C@@]5(C)[C@@H](C4)C[C@@H](O)[C@@H]4[C@@H]5C[C@H](O)[C@]5(C)[C@@H]([C@H](C)CCC(=O)O)CC[C@@H]45)c(C)c3)C[C@@]21C
183,CHEMBL374732,CC#C[C@]1(O)CC[C@H]2[C@@H]3CCC4=CC(=O)CCC4=C3[C@@H](c3cc(C)c(OCCO[C@H]4CC[C@@]5(C)[C@@H](C4)C[C@@H](O)[C@@H]4[C@@H]5C[C@H](O)[C@]5(C)[C@@H]([C@H](C)CCC(=O)O)CC[C@@H]45)c(C)c3)C[C@@]21C
184,CHEMBL555872,CSc1ccc([C@H]2OC[C@@]3(C)[C@@H](CC[C@@]3(O)C(F)(F)C(F)(F)F)[C@@H]3CCC4=CC(=O)CCC4=C32)cc1
185,CHEMBL549896,CC#C[C@]1(O)CC[C@H]2[C@@H]3CCC4=CC(=O)CCC4=C3[C@@H](c3ccc(N(C)C)cc3)OC[C@@]21C
186,CHEMBL563544,CN(C)c1ccc([C@H]2OC[C@@]3(C)[C@@H](CC[C@@]3(O)C(F)(F)C(F)(F)F)[C@@H]3CCC4=CC(=O)CCC4=C32)cc1
187,CHEMBL564310,CC#C[C@]1(O)CC[C@H]2[C@@H]3CCC4=CC(=O)CCC4=C3[C@@H](c3ccc(OC)cc3)OC[C@@]21C
188,CHEMBL551259,C=C(C)[C@]1(O)CC[C@H]2[C@@H]3CCC4=CC(=O)CCC4=C3[C@@H](c3ccc(SC)cc3)OC[C@@]21C
189,CHEMBL564700,C#C[C@]1(O)CC[C@H]2[C@@H]3CCC4=CC(=O)CCC4=C3[C@@H](c3ccc(N(C)C)cc3)OC[C@@]21C
190,CHEMBL3582112,Cc1noc(C)c1-c1cc2c(c3c1CCC3)NC(C)(C)C(=O)C2(C)C
191,CHEMBL3582114,Cc1noc(C)c1-c1cc2c(c3c1OCO3)NC(C)(C)C(=O)C2(C)C
192,CHEMBL3706941,COc1c(O)ccc2c1-c1ccc3c(c1/C(=C/c1ccc(F)cc1/C=N/O)O2)C(C)=CC(C)(C)N3
193,CHEMBL3706943,COc1c(O)ccc2c1-c1ccc3c(c1/C(=C/c1cccc(C)c1)O2)C(C)=CC(C)(C)N3
194,CHEMBL3706956,COc1c(O)ccc2c1-c1ccc3c(c1/C(=C/c1ccc(O)cc1)O2)C(C)=CC(C)(C)N3
195,CHEMBL3706934,COc1c(O)ccc2c1-c1ccc3c(c1/C(=C/c1ccccc1C)O2)C(C)=CC(C)(C)N3
196,CHEMBL3706942,COCOCc1cc(F)ccc1/C=C1\Oc2ccc(O)c(OC)c2-c2ccc3c(c21)C(C)=CC(C)(C)N3
197,CHEMBL3706962,COc1c(O)ccc2c1-c1ccc3c(c1/C(=C/c1cccc(C)n1)O2)C(C)=CC(C)(C)N3
198,CHEMBL3706932,COc1c(O)ccc2c1-c1ccc3c(c1/C(=C/c1ccccc1F)O2)C(C)=CC(C)(C)N3
199,CHEMBL3706947,COc1c(O)ccc2c1-c1ccc3c(c1/C(=C/c1cccc(OC(F)(F)F)c1)O2)C(C)=CC(C)(C)N3
200,CHEMBL3706944,COc1c(O)ccc2c1-c1ccc3c(c1/C(=C/c1cccc(C(F)(F)F)c1)O2)C(C)=CC(C)(C)N3
201,CHEMBL3706959,COc1c(O)ccc2c1-c1ccc3c(c1/C(=C/c1cccc(C(F)(F)F)c1C)O2)C(C)=CC(C)(C)N3
202,CHEMBL3706946,COc1c(O)ccc2c1-c1ccc3c(c1/C(=C/c1cccc(O)c1)O2)C(C)=CC(C)(C)N3
203,CHEMBL3706957,COc1ccc(/C=C2\Oc3ccc(O)c(OC)c3-c3ccc4c(c32)C(C)=CC(C)(C)N4)cc1
204,CHEMBL3706936,COc1c(O)ccc2c1-c1ccc3c(c1/C(=C/c1ccc(F)cc1C(=O)N(C)C)O2)C(C)=CC(C)(C)N3
205,CHEMBL3706951,COc1c(O)ccc2c1-c1ccc3c(c1/C(=C/c1ccc(Cl)cc1)O2)C(C)=CC(C)(C)N3
206,CHEMBL3706952,COc1c(O)ccc2c1-c1ccc3c(c1/C(=C/c1ccc(C)cc1)O2)C(C)=CC(C)(C)N3
207,CHEMBL3706953,CCc1ccc(/C=C2\Oc3ccc(O)c(OC)c3-c3ccc4c(c32)C(C)=CC(C)(C)N4)cc1
208,CHEMBL3706933,COc1c(O)ccc2c1-c1ccc3c(c1/C(=C/c1ccccc1Cl)O2)C(C)=CC(C)(C)N3
209,CHEMBL415524,CCc1ccccc1/C=C1\Oc2ccc(F)cc2-c2ccc3c(c21)C(C)=CC(C)(C)N3
210,CHEMBL3706937,CCN(CC)Cc1cc(F)ccc1/C=C1\Oc2ccc(O)c(OC)c2-c2ccc3c(c21)C(C)=CC(C)(C)N3
211,CHEMBL3706940,COc1c(O)ccc2c1-c1ccc3c(c1/C(=C/c1ccc(F)cc1CO)O2)C(C)=CC(C)(C)N3
212,CHEMBL335996,COc1ccccc1/C=C1\Oc2ccc(F)cc2-c2ccc3c(c21)C(C)=CC(C)(C)N3
213,CHEMBL3706958,COc1c(O)ccc2c1-c1ccc3c(c1/C(=C/c1ccc(OC(F)(F)F)cc1)O2)C(C)=CC(C)(C)N3
214,CHEMBL222515,CC#C[C@]1(O)CC[C@H]2[C@@H]3CCC4=CC(=O)CCC4=C3[C@@H](c3ccc(Oc4ccccc4)cc3)C[C@@]21C
215,CHEMBL3706938,COc1c(O)ccc2c1-c1ccc3c(c1/C(=C/c1ccc(F)cc1C(=O)N1CCCCC1)O2)C(C)=CC(C)(C)N3
216,CHEMBL3706939,COc1c(O)ccc2c1-c1ccc3c(c1/C(=C/c1ccc(F)cc1S(=O)(=O)N1CCCCC1)O2)C(C)=CC(C)(C)N3
217,CHEMBL395716,COCc1ccsc1/C=C1\Oc2ccc(O)c(OC)c2-c2ccc3c(c21)C(C)=CC(C)(C)N3
218,CHEMBL397920,CO/N=C(\C)c1ccsc1/C=C1\Oc2ccc(O)c(OC)c2-c2ccc3c(c21)C(C)=CC(C)(C)N3
219,CHEMBL394369,COc1c(O)ccc2c1-c1ccc3c(c1/C(=C/c1sccc1CO)O2)C(C)=CC(C)(C)N3
220,CHEMBL244535,COc1c(O)ccc2c1-c1ccc3c(c1/C(=C/c1sccc1C(C)=O)O2)C(C)=CC(C)(C)N3
221,CHEMBL244714,CCO/N=C(\C)c1ccsc1/C=C1\Oc2ccc(O)c(OC)c2-c2ccc3c(c21)C(C)=CC(C)(C)N3
222,CHEMBL395717,COc1c(O)ccc2c1-c1ccc3c(c1/C(=C/c1sccc1C#N)O2)C(C)=CC(C)(C)N3
223,CHEMBL429466,COc1c(O)ccc2c1-c1ccc3c(c1/C(=C/c1sccc1CNCC(F)(F)F)O2)C(C)=CC(C)(C)N3
224,CHEMBL243469,COc1c(O)ccc2c1-c1ccc3c(c1/C(=C/c1sccc1COCCO)O2)C(C)=CC(C)(C)N3
225,CHEMBL397919,COc1c(O)ccc2c1-c1ccc3c(c1/C(=C/c1sccc1/C(C)=N/O)O2)C(C)=CC(C)(C)N3
226,CHEMBL244715,COC(=O)c1ccsc1/C=C1\Oc2ccc(O)c(OC)c2-c2ccc3c(c21)C(C)=CC(C)(C)N3
227,CHEMBL3706961,COc1c(O)ccc2c1-c1ccc3c(c1/C(=C/c1oc(C)cc1C(=O)N(C)C)O2)C(C)=CC(C)(C)N3
228,CHEMBL428922,CC/C=C(\C)c1ccsc1/C=C1\Oc2ccc(O)c(OC)c2-c2ccc3c(c21)C(C)=CC(C)(C)N3
229,CHEMBL134277,CC1=CC(C)(C)Nc2ccc3c(c21)/C(=C/c1ccsc1)Oc1ccc(F)cc1-3
230,CHEMBL3582125,CC1(C)Nc2c(cc(-c3ccnc4ncccc34)c3c2CCC3)C(C)(C)C1=O
231,CHEMBL363151,CC#C[C@]1(O)CC[C@H]2[C@@H]3CCC4=CC(=O)CC[C@]4(Cc4ccc(C)cc4)C3=CC[C@@]21C
232,CHEMBL293388,COc1cccc2c1-c1ccc(NS(C)(=O)=O)cc1C(c1cccs1)O2
233,CHEMBL65498,COc1cccc2c1-c1ccc(NS(C)(=O)=O)cc1C(c1ccsc1)O2
234,CHEMBL3706960,COc1c(O)ccc2c1-c1ccc3c(c1/C(=C/c1cc(F)cc4c1OCOC4)O2)C(C)=CC(C)(C)N3
235,CHEMBL66582,COc1cccc2c1-c1ccc(NS(C)(=O)=O)cc1C(c1cccc(Oc3ccccc3)c1)O2
236,CHEMBL3706949,COc1c(O)ccc2c1-c1ccc3c(c1/C(=C/c1cccc(-c4ccsc4)c1)O2)C(C)=CC(C)(C)N3
237,CHEMBL4534324,CC#C[C@]1(O)CC[C@H]2[C@@H]3CCC4=CC(=O)CC[C@]4(C)[C@H]3[C@@H](OCc3ccc(Cl)cc3)C[C@@]21C
238,CHEMBL3706948,COc1c(O)ccc2c1-c1ccc3c(c1/C(=C/c1cccc(Oc4ccccc4)c1)O2)C(C)=CC(C)(C)N3
239,CHEMBL3605927,COc1cc(F)ccc1-c1c(Cc2ccccc2)[nH]c2c(NS(C)(=O)=O)cc(C(C)C)cc12
240,CHEMBL61,COc1cc([C@@H]2c3cc4c(cc3[C@H](O)[C@H]3COC(=O)[C@H]23)OCO4)cc(OC)c1OC
241,CHEMBL4527872,CN(C)c1ccc([C@H]2C[C@@]3(C)[C@@H](CC[C@@]3(O)C#CC3CC3)[C@@H]3CCC4=CC(=O)CC[C@]4(C)[C@H]32)cc1
242,CHEMBL428011,CN(C)c1ccc([C@H]2C[C@@]3(C)[C@@H](CC[C@@]3(O)C#CC3CC3)[C@@H]3OCC4=CC(=O)CCC4=C32)cc1
243,CHEMBL384444,CC#C[C@]1(O)CC[C@H]2[C@@H]3CCC4=CC(=O)CCC4=C3[C@@H](c3ccc(-c4ccc(OCCO[C@H]5CC[C@@]6(C)[C@@H](C5)C[C@@H](O)[C@@H]5[C@@H]6C[C@H](O)[C@]6(C)[C@@H]([C@H](C)CCC(=O)O)CC[C@@H]56)cc4)cc3)C[C@@]21C
244,CHEMBL361245,CC(=O)O[C@]1(C(C)=O)CCC2C3C=C(Cl)C4=CC(=O)[C@@H]5CC5[C@]4(C)C3CC[C@@]21C
245,CHEMBL551863,C=C1CCO[C@]12CC[C@H]1[C@@H]3CCC4=CC(=O)CCC4=C3[C@@H](c3ccc(N(C)C)cc3)OC[C@@]12C
246,CHEMBL243455,COc1c(O)ccc2c1-c1ccc3c(c1/C(=C/c1sccc1C(=O)N1CCCCC1)O2)C(C)=CC(C)(C)N3
247,CHEMBL250425,C=C1OC(CC)=N[C@]12CC[C@H]1[C@@H]3CCC4=CC(=O)CCC4=C3[C@@H](c3ccc(N(C)C)cc3)C[C@@]12C
248,CHEMBL439234,C=C1OC(C)=N[C@]12CC[C@H]1[C@@H]3CCC4=CC(=O)CCC4=C3[C@@H](c3ccc(N(C)C)cc3)C[C@@]12C
249,CHEMBL3706935,COc1c(O)ccc2c1-c1ccc3c(c1/C(=C/c1ccccc1-c1ccccc1)O2)C(C)=CC(C)(C)N3
250,CHEMBL78124,CC#C[C@]1(O)CC[C@H]2[C@@H]3CCC4=CC(=O)CCC4=C3[C@@H](c3ccc(N(C)CCCC4OC(C(=O)O)C(O)C(O)C4O)cc3)C[C@@]21C
251,CHEMBL3706955,COc1c(O)ccc2c1-c1ccc3c(c1/C(=C/c1ccc(-c4ccccc4)cc1)O2)C(C)=CC(C)(C)N3
252,CHEMBL312041,CC(C)(O)[C@H]1CCCC2=Cc3c(cnn3-c3ccc(F)cc3)C[C@@]21C
253,CHEMBL309243,C=CC[C@H](O)[C@H]1CCCC2=Cc3c(cnn3-c3ccc(F)cc3)C[C@@]21C
254,CHEMBL79335,C=CCC[C@H](O)[C@H]1CCCC2=Cc3c(cnn3-c3ccc(F)cc3)C[C@@]21C
255,CHEMBL420767,C[C@H](O)[C@H]1CCCC2=Cc3c(cnn3-c3ccc(F)cc3)C[C@@]21C
256,CHEMBL312627,CC(C)(C)[C@H](O)[C@H]1CCCC2=Cc3c(cnn3-c3ccc(F)cc3)C[C@@]21C
257,CHEMBL1668084,CCCS(=O)(=O)N[C@@H](C)CNc1cc(C)cc2c1cnn2-c1cccc(C(=O)NC(C)C)c1
258,CHEMBL3605929,COc1cc(F)ccc1-c1c(C)[nH]c2c(NS(C)(=O)=O)cc(F)cc12
259,CHEMBL1668085,Cc1cc(NC[C@H](C)NS(=O)(=O)C(C)C)c2cnn(-c3cccc(C(=O)NC(C)C)c3)c2c1
260,CHEMBL313062,COc1cc([C@H](O)[C@H]2CCCC3=Cc4c(cnn4-c4ccc(F)cc4)C[C@@]32C)cc(F)c1F
261,CHEMBL79807,C[C@]12Cc3cnn(-c4ccc(F)cc4)c3C=C1CCC[C@@H]2[C@@H](O)c1ccc(F)cc1
262,CHEMBL83110,Cc1cc([C@H](O)[C@H]2CCCC3=Cc4c(cnn4-c4ccc(F)cc4)C[C@@]32C)ccc1F
263,CHEMBL310365,C[C@]12Cc3cnn(-c4ccc(F)cc4)c3C=C1CCC[C@@H]2[C@@H](O)c1ccccc1F
264,CHEMBL313400,COc1cc([C@H](O)[C@H]2CCCC3=Cc4c(cnn4-c4ccc(F)cc4)C[C@@]32C)ccc1F
265,CHEMBL81591,C[C@]12Cc3cnn(-c4ccc(F)cc4)c3C=C1CCC[C@@H]2[C@@H](O)c1ccccc1
266,CHEMBL81111,C[C@]12Cc3cnn(-c4ccc(F)cc4)c3C=C1CCC[C@@H]2[C@@H](O)c1ccc(Cl)cc1
267,CHEMBL364015,C[C@]12Cc3cnn(-c4ccc(F)cc4)c3C=C1CCC[C@@H]2[C@H](O)c1ccc(F)nc1
268,CHEMBL81397,C[C@]12Cc3cnn(-c4ccc(F)cc4)c3C=C1CCC[C@@H]2[C@@H](O)c1ccc(O)cc1
269,CHEMBL362914,C[C@]12Cc3cnn(-c4ccc(F)cc4)c3C=C1CCC[C@@H]2[C@@H](O)c1ccc(F)nc1
270,CHEMBL311034,C[C@]12Cc3cnn(-c4ccc(F)cc4)c3C=C1CCC[C@@H]2[C@H](O)c1ccc(F)cc1
271,CHEMBL311662,C[C@]12Cc3cnn(-c4ccc(F)cc4)c3C=C1CCC[C@@H]2[C@](C)(O)c1ccc(F)cc1
272,CHEMBL365818,C[C@]12Cc3cnn(-c4ccc(F)cc4)c3C=C1CCC[C@@H]2[C@@H](O)c1ccncc1
273,CHEMBL309909,C[C@]12Cc3cnn(-c4ccc(F)cc4)c3C=C1CCC[C@@H]2[C@@H](O)c1cccc(O)c1
274,CHEMBL3666807,C[C@H](NC(=O)C(C)(F)F)[C@H](Oc1ccc2c(cnn2-c2cccc(C(=O)N[C@@H]3CCOC3)c2)c1)c1ccc2c(c1)OCCO2
275,CHEMBL3666811,C[C@H](NC(=O)C(C)(F)F)[C@H](Oc1ccc2c(cnn2-c2cccc(C(=O)N[C@@H]3CCC[C@@H]3O)c2)c1)c1ccc2c(c1)OCCO2
276,CHEMBL3666819,C[C@H](NC(=O)C(C)(F)F)[C@H](Oc1ccc2c(cnn2-c2cccc(C(=O)NC3CCS(=O)(=O)C3)c2)c1)c1ccc2c(c1)OCCO2
277,CHEMBL3666809,C[C@H](NC(=O)C(C)(F)F)[C@H](Oc1ccc2c(cnn2-c2cccc(C(=O)NC3CCCC3)c2)c1)c1ccc2c(c1)OCOC2
278,CHEMBL3666806,C[C@H](NC(=O)C(C)(F)F)[C@H](Oc1ccc2c(cnn2-c2cccc(C(=O)N[C@H]3CCOC3)c2)c1)c1ccc2c(c1)OCCO2
279,CHEMBL3666810,C[C@H](NC(=O)C(C)(F)F)[C@H](Oc1ccc2c(cnn2-c2cccc(C(=O)N[C@H]3CCOC3)c2)c1)c1ccc2c(c1)OCOC2
280,CHEMBL3666808,C[C@H](NC(=O)C(C)(F)F)[C@H](Oc1ccc2c(cnn2-c2cccc(C(=O)NC3CCCC3)c2)c1)c1ccc2c(c1)OCCO2
281,CHEMBL3666804,C[C@H](NC(=O)C(C)(F)F)[C@H](Oc1ccc2c(cnn2-c2cccc(C(=O)N[C@H]3CCS(=O)(=O)C3)c2)c1)c1ccc2c(c1)OCCO2
282,CHEMBL3666805,C[C@H](NC(=O)C(C)(F)F)[C@H](Oc1ccc2c(cnn2-c2cccc(C(=O)N[C@@H]3CCS(=O)(=O)C3)c2)c1)c1ccc2c(c1)OCCO2
283,CHEMBL3666815,C[C@H](NC(=O)C(C)(F)F)[C@H](Oc1ccc2c(cnn2-c2cccc(C(=O)N[C@@H]3CCC[C@@H]3O)c2)c1)c1ccc2c(c1)OCOC2
284,CHEMBL3666820,C[C@H](NC(=O)C(C)(F)F)[C@H](Oc1ccc2c(cnn2-c2cccc(C(=O)N[C@@H]3CCOC3=O)c2)c1)c1ccc2c(c1)OCCO2
285,CHEMBL3666818,C[C@H](NC(=O)C(C)(F)F)[C@H](Oc1ccc2c(cnn2-c2cccc(C(=O)N[C@H]3CCC[C@@H]3O)c2)c1)c1ccc2c(c1)OCOC2
286,CHEMBL3666816,C[C@H](NC(=O)C(C)(F)F)[C@H](Oc1ccc2c(cnn2-c2cccc(C(=O)N[C@H]3CC[S+]([O-])C3)c2)c1)c1ccc2c(c1)OCOC2
287,CHEMBL4077898,C[C@H](NC(=O)C(C)(F)F)[C@@H](Oc1ccc2c(cnn2-c2cccc(C(=O)N[C@@H]3CCOC3)c2)c1)c1ccc2c(c1)OCCO2
288,CHEMBL4074521,C[C@H](NC(=O)C(C)(F)F)[C@@H](Oc1ccc2c(cnn2-c2cccc(C(=O)N[C@H]3CCOC3)c2)c1)c1ccc2c(c1)OCCO2
289,CHEMBL310570,C[C@]12Cc3cnn(-c4ccc(F)cc4)c3C=C1CCC[C@@H]2[C@](C)(O)c1ccsc1
290,CHEMBL371376,C[C@]12Cc3cnn(-c4ccc(F)cc4)c3C=C1CCC[C@@H]2[C@@H](O)c1ccoc1
291,CHEMBL196347,C[C@]12Cc3cnn(-c4ccc(F)cc4)c3C=C1CCC[C@@H]2[C@@H](O)c1cccs1
292,CHEMBL193404,C[C@]12Cc3cnn(-c4ccc(F)cc4)c3C=C1CCC[C@@H]2[C@@H](O)c1ccc(Cl)s1
293,CHEMBL194077,C[C@]12Cc3cnn(-c4ccc(F)cc4)c3C=C1CCC[C@@H]2[C@@H](O)c1cc(Cl)sc1Cl
294,CHEMBL195990,C[C@]12Cc3cnn(-c4ccc(F)cc4)c3C=C1CCC21O[C@H](c2ccccc2)[C@@H](c2ccccc2)O1
295,CHEMBL4104286,C[C@H](NC(=O)C(C)(F)F)[C@H](Oc1ccc2c(cnn2-c2ccc(F)cc2)c1)c1ccc2c(c1)OCCO2
296,CHEMBL4061359,C[C@H](NC(=O)C(F)(F)F)[C@H](Oc1ccc2c(cnn2-c2ccc(F)cc2)c1)c1ccc2c(c1)OCCO2
297,CHEMBL3973775,C[C@H](NC(=O)C(F)(F)F)[C@H](Oc1ccc2c(cnn2-c2ccc(F)cc2)c1)c1cnc2ccccc2c1
298,CHEMBL4094154,C[C@H](NC(=O)C(C)(F)F)[C@H](Oc1ccc2c(cnn2-c2ccc(F)cc2)c1)c1ccc2c(c1)OCOC2
299,CHEMBL4066614,C[C@H](NC(=O)C(C)(F)F)[C@H](Oc1ccc2c(cnn2-c2ccc(F)cc2)c1)c1ccc2c(c1)COCO2
300,CHEMBL3666812,CC[C@@H](O)CNC(=O)c1cccc(-n2ncc3cc(O[C@H](c4ccc5c(c4)OCOC5)[C@H](C)NC(=O)C(C)(F)F)ccc32)c1
301,CHEMBL3902818,C[C@H](NC(=O)C(F)(F)F)[C@H](Oc1ccc2c(cnn2-c2ccc(F)cc2)c1)c1ccc2ccccc2c1
302,CHEMBL3358935,COc1ccc(F)cc1C(C)(C)CC(O)(Cc1cc2cc(N3CCOCC3)ncc2[nH]1)C(F)(F)F
303,CHEMBL3358929,Cc1ccc(F)cc1C(C)(C)CC(O)(Cc1cc2cc(N3CCOCC3)ncc2[nH]1)C(F)(F)F
304,CHEMBL3126952,Cc1ccc(F)cc1C(C)(C)CC(O)(Cc1cc2cc(-c3ccccc3)nnc2[nH]1)C(F)(F)F
305,CHEMBL3126935,Cc1ccc(F)cc1C(C)(C)CC(O)(Cc1cc2nc(-c3ccccc3)ncc2[nH]1)C(F)(F)F
306,CHEMBL3358932,CC(C)(CC(O)(Cc1cc2cc(N3CCOCC3)ncc2[nH]1)C(F)(F)F)c1ccccc1
307,CHEMBL3358933,CC(C)(CC(O)(Cc1cc2cc(N3CCOCC3)ncc2[nH]1)C(F)(F)F)c1cccc(F)c1
308,CHEMBL3358937,CC(C)(CC(O)(Cc1cc2cc(N3CCOCC3)ncc2[nH]1)C(F)(F)F)c1ccccc1S(C)(=O)=O
309,CHEMBL3126933,Cc1ccc(F)cc1C(C)(C)CC(O)(Cc1cc2nc(-c3ccccc3)cnc2[nH]1)C(F)(F)F
310,CHEMBL3126936,Cc1ccc(F)cc1C(C)(C)CC(O)(Cc1cc2nc(-c3cccnc3)ncc2[nH]1)C(F)(F)F
311,CHEMBL3358934,CC(C)(CC(O)(Cc1cc2cc(N3CCOCC3)ncc2[nH]1)C(F)(F)F)c1ccc(F)cc1
312,CHEMBL3126938,Cc1ccc(F)cc1C(C)(C)CC(O)(Cc1cc2nc(N3CCOCC3)ncc2[nH]1)C(F)(F)F
313,CHEMBL3126939,Cc1ccc(F)cc1C(C)(C)CC(O)(Cc1cc2nc(N3CCS(=O)(=O)CC3)ncc2[nH]1)C(F)(F)F
314,CHEMBL3352882,CC(C)(CC(O)(Cc1cc2cc(N3CCOCC3)ncc2[nH]1)C(F)(F)F)c1ccccc1C(N)=O
315,CHEMBL3358938,CC(C)(CC(O)(Cc1cc2cc(N3CCOCC3)ncc2[nH]1)C(F)(F)F)c1ccccc1S(N)(=O)=O
316,CHEMBL3358936,CC(C)(CC(O)(Cc1cc2cc(N3CCOCC3)ncc2[nH]1)C(F)(F)F)c1cccc(O)c1
317,CHEMBL3358925,Cc1ccc(F)cc1C(C)(C)CC(O)(Cc1cc2cc(-c3ccccc3)ncc2[nH]1)C(F)(F)F
318,CHEMBL3358939,CC(C)(CC(O)(Cc1cc2cc(N3CCOCC3)ncc2[nH]1)C(F)(F)F)c1cccc(C(N)=O)c1
319,CHEMBL3358940,CC(C)(CC(O)(Cc1cc2cc(N3CCOCC3)ncc2[nH]1)C(F)(F)F)c1cccc(S(C)(=O)=O)c1
320,CHEMBL4086388,C[C@H](NC(=O)C(C)(F)F)[C@H](Oc1ccc2c(cnn2-c2ccc(F)cc2)c1)c1ccc2c(c1)OCC2
321,CHEMBL444286,C/C=C/[C@H]1OC2(CCC3=Cc4c(cnn4-c4ccc(F)cc4)C[C@@]32C)O[C@@H]1/C=C/C
322,CHEMBL194059,C=C[C@H]1CO[C@]2(CCC3=Cc4c(cnn4-c4ccc(F)cc4)C[C@@]32C)O1
323,CHEMBL194013,C=C[C@@H]1CO[C@]2(CCC3=Cc4c(cnn4-c4ccc(F)cc4)C[C@@]32C)O1
324,CHEMBL370194,CC[C@H]1OC2(CCC3=Cc4c(cnn4-c4ccc(F)cc4)C[C@@]32C)O[C@@H]1CC
325,CHEMBL195723,C=C[C@H]1OC2(CCC3=Cc4c(cnn4-c4ccc(F)cc4)C[C@@]32C)O[C@@H]1C=C
326,CHEMBL194012,C[C@H]1OC2(CCC3=Cc4c(cnn4-c4ccc(F)cc4)C[C@@]32C)O[C@@H]1C
327,CHEMBL193703,COC[C@H]1OC2(CCC3=Cc4c(cnn4-c4ccc(F)cc4)C[C@@]32C)O[C@@H]1COC
328,CHEMBL193704,C=C[C@@H]1CO[C@@]2(CCC3=Cc4c(cnn4-c4ccc(F)cc4)C[C@@]32C)O1
329,CHEMBL364031,C=C[C@H]1CO[C@@]2(CCC3=Cc4c(cnn4-c4ccc(F)cc4)C[C@@]32C)O1
330,CHEMBL371311,C[C@]12Cc3cnn(-c4ccc(F)cc4)c3C=C1CCC21OCCO1
331,CHEMBL193798,C[C@]12Cc3cnn(-c4ccc(F)cc4)c3C=C1CCCC21O[C@H](c2ccccc2)[C@@H](c2ccccc2)O1
332,CHEMBL1086484,O=S(=O)(Cc1ccccc1)Nc1ccc(-c2ccc3c(cnn3-c3ccc(F)cc3)c2)c(C(F)(F)F)c1
333,CHEMBL4534388,O[C@@]1(Cc2ccccc2)CCCCC[C@@]12C=Cc1c(cnn1-c1ccc(F)cc1)C2
334,CHEMBL382102,C=C[C@H]1OC2(CCCC3=Cc4c(cnn4-c4ccc(F)cc4)C[C@@]32C)O[C@@H]1C=C
335,CHEMBL196185,C/C=C/[C@H]1OC2(CCCC3=Cc4c(cnn4-c4ccc(F)cc4)C[C@@]32C)O[C@@H]1/C=C/C
336,CHEMBL197312,CC[C@H]1OC2(CCCC3=Cc4c(cnn4-c4ccc(F)cc4)C[C@@]32C)O[C@@H]1CC
337,CHEMBL193760,CCC[C@H]1OC2(CCCC3=Cc4c(cnn4-c4ccc(F)cc4)C[C@@]32C)O[C@@H]1CCC
338,CHEMBL371988,C[C@H]1OC2(CCCC3=Cc4c(cnn4-c4ccc(F)cc4)C[C@@]32C)O[C@@H]1C
339,CHEMBL196509,C[C@]12Cc3cnn(-c4ccc(F)cc4)c3C=C1CCCC21OCCO1
340,CHEMBL196975,CCCC[C@H]1OC2(CCCC3=Cc4c(cnn4-c4ccc(F)cc4)C[C@@]32C)O[C@@H]1CCCC
341,CHEMBL195967,C[C@@H]1CC(C)(C)O[C@@]2(CCC3=Cc4c(cnn4-c4ccc(F)cc4)C[C@@]32C)O1
342,CHEMBL195654,C[C@@H]1CC(C)(C)O[C@]2(CCC3=Cc4c(cnn4-c4ccc(F)cc4)C[C@@]32C)O1
343,CHEMBL362988,C[C@@H]1C[C@H](C)O[C@@]2(CCC3=Cc4c(cnn4-c4ccc(F)cc4)C[C@@]32C)O1
344,CHEMBL434183,C[C@H]1C[C@H](C)OC2(CCC3=Cc4c(cnn4-c4ccc(F)cc4)C[C@@]32C)O1
345,CHEMBL365546,C[C@@H]1C[C@@H](C)OC2(CCC3=Cc4c(cnn4-c4ccc(F)cc4)C[C@@]32C)O1
346,CHEMBL380790,C[C@@H]1CCO[C@@]2(CCC3=Cc4c(cnn4-c4ccc(F)cc4)C[C@@]32C)O1
347,CHEMBL193986,C[C@H]1CCO[C@]2(CCC3=Cc4c(cnn4-c4ccc(F)cc4)C[C@@]32C)O1
348,CHEMBL364511,CC1(C)COC2(CCC3=Cc4c(cnn4-c4ccc(F)cc4)C[C@@]32C)OC1
349,CHEMBL4467278,O[C@@]1(c2ccccc2)CCCCC[C@@]12C=Cc1c(cnn1-c1ccc(F)cc1)C2
350,CHEMBL4438320,O[C@]1(c2ccccc2)CCCCC[C@@]12C=Cc1c(cnn1-c1ccc(F)cc1)C2
351,CHEMBL4214847,C[C@H](NC(=O)C(C)(F)F)[C@H](Oc1ccc2c(cnn2-c2ccc(=O)n(C3CC3)c2)c1)c1ccccc1
352,CHEMBL1084360,CS(=O)(=O)Nc1ccc(-c2ccc3c(cnn3-c3ccc(F)cc3)c2)c(C(F)(F)F)c1
353,CHEMBL1085625,CCS(=O)(=O)Nc1ccc(-c2ccc3c(cnn3-c3ccc(F)cc3)c2)c(C(F)(F)F)c1
354,CHEMBL1082837,CC(C)NS(=O)(=O)c1ccc(-c2ccc3c(cnn3-c3ccc(F)cc3)c2)c(C(F)(F)F)c1
355,CHEMBL1083709,CC(C)S(=O)(=O)Nc1ccc(-c2ccc3c(cnn3-c3ccc(F)cc3)c2)c(C(F)(F)F)c1
356,CHEMBL1084632,CCCS(=O)(=O)Nc1ccc(-c2ccc3c(cnn3-c3ccc(F)cc3)c2)c(C(F)(F)F)c1
357,CHEMBL1086086,O=S(=O)(NCCO)c1ccc(-c2ccc3c(cnn3-c3ccc(F)cc3)c2)c(C(F)(F)F)c1
358,CHEMBL1085853,CCNS(=O)(=O)c1ccc(-c2ccc3c(cnn3-c3ccc(F)cc3)c2)c(C(F)(F)F)c1
359,CHEMBL1085380,CCCNS(=O)(=O)c1ccc(-c2ccc3c(cnn3-c3ccc(F)cc3)c2)c(C(F)(F)F)c1
360,CHEMBL1085381,CC(C)CNS(=O)(=O)c1ccc(-c2ccc3c(cnn3-c3ccc(F)cc3)c2)c(C(F)(F)F)c1
361,CHEMBL470783,CC[C@@]12C[C@H](O)[C@](O)(c3ccccc3)C[C@H]1CCc1cc(OCc3cccnc3C)ccc12
362,CHEMBL3421891,CC[C@@]12C[C@@](C)(O)[C@](O)(c3ccccc3)C[C@H]1CC(=O)c1cc(OC(=O)c3ccccc3)ccc12
363,CHEMBL506844,CC[C@@]12CC[C@](O)(c3ccccc3)C[C@H]1CCc1cc(OCc3cccnc3C)ccc12
364,CHEMBL195451,C[C@@H]1C[C@@H](C)OC2(CCCC3=Cc4c(cnn4-c4ccc(F)cc4)C[C@@]32C)O1
365,CHEMBL1082780,O=S(=O)(Nc1ccc(-c2ccc3c(cnn3-c3ccc(F)cc3)c2)c(C(F)(F)F)c1)c1ccsc1
366,CHEMBL2022858,C[C@]12Cc3cnn(-c4ccc(F)cc4)c3C=C1CC[C@@H]1[C@@H]2[C@@H](O)C[C@@]2(C)[C@H]1CC[C@]2(O)C(=O)CO
367,CHEMBL2022651,C[C@]12Cc3cnn(-c4ccccc4)c3C=C1CC[C@@H]1[C@@H]2[C@@H](O)C[C@@]2(C)[C@H]1CC[C@]2(O)C(=O)CO
368,CHEMBL2022652,C[C@]12Cc3cnn(C4CCCCC4)c3C=C1CC[C@@H]1[C@@H]2[C@@H](O)C[C@@]2(C)[C@H]1CC[C@]2(O)C(=O)CO
369,CHEMBL1684351,C[C@H]1c2c(cc(F)c(-c3cccc4cc[nH]c34)c2F)NC(C)(C)[C@@H]1OC(=O)Nc1ccc2c(c1)OCO2
370,CHEMBL4205353,CC(C)[C@H](NC(=O)C(C)(F)F)[C@H](Oc1ccc2c(cnn2-c2ccns2)c1)c1ccccc1
371,CHEMBL4212650,CC(C)[C@H](NC(=O)C(C)(F)F)[C@H](Oc1ccc2c(cnn2-c2cscn2)c1)c1ccccc1
372,CHEMBL4449031,O[C@@]1(c2ccccc2)CCCC[C@@]12C=Cc1c(cnn1-c1ccc(F)cc1)C2
373,CHEMBL4536521,Oc1ccc(C2=CCCC[C@]23C=Cc2c(cnn2-c2ccc(F)cc2)C3)cc1
374,CHEMBL4516396,Fc1ccc(-n2ncc3c2C=C[C@]2(CCCC=C2c2ccccc2)C3)cc1
375,CHEMBL132889,Cc1cc(C#N)sc1-c1ccc2c(c1)C(C)(C)C(=O)C(C)(C)N2
376,CHEMBL3582109,Cc1noc(C)c1-c1ccc2c(c1)C(C)(C)C(=O)C(C)(C)N2
377,CHEMBL134260,Cc1cc(C#N)sc1-c1ccc2c(c1)C(C)CC(C)(C)N2
378,CHEMBL404496,Cc1cc(-c2c[nH]c3ccccc23)c(Cl)c2c1NC(C)(C)CC2C
379,CHEMBL28157,N#Cc1cc(F)cc(-c2ccc3c(c2)C2(CCCCC2)C(S)=N3)c1
380,CHEMBL195972,C[C@]12Cc3cnn(-c4ccc(F)cc4)c3C=C1CCC[C@@H]2[C@@H](O)c1cc2ccccc2s1
381,CHEMBL3421892,Cc1noc(=O)c2ccc(NC(=O)C(O)(CC3(c4cc(F)ccc4Cl)CCC3)C(F)(F)F)cc12
382,CHEMBL239957,Cn1c(C#N)ccc1-c1ccc2[nH]c(=S)n(C3CCCC3)c2c1
383,CHEMBL3421879,CC[C@@]12C[C@@](C)(O)[C@](O)(c3nccs3)C[C@H]1CCc1cc(O)ccc12
384,CHEMBL392501,COc1ccc(F)cc1C(C)(C)CC(O)(Cc1cc(C)cc(C)c1C#N)C(F)(F)F
385,CHEMBL3094473,CCC(Cc1cccc(C)c1C)NS(=O)(=O)c1c(C)cc(C)cc1C
386,CHEMBL3094478,CCC(Cc1cc(Cl)cc(Cl)c1)NS(=O)(=O)c1c(C)cc(C)cc1C
387,CHEMBL216273,COc1ccc(F)cc1C(C)(C)CC(O)(CN1C[C@@H](C)C(=O)[C@@H](C)C1)C(F)(F)F
388,CHEMBL3094476,CCC(Cc1cc(C)cc(C)c1)NS(=O)(=O)c1c(C)cc(C)cc1C
389,CHEMBL236755,COc1ccc(F)cc1C(C)(C)CC(O)(Cc1cc(C)c(C#N)c(C)c1)C(F)(F)F
390,CHEMBL3094482,CCC(Cc1ccc(O)c(C)c1C)NS(=O)(=O)c1c(C)cc(C)cc1C
391,CHEMBL235063,COc1ccc(F)cc1C(C)(C)CC(O)(Cc1ccc(C#N)cc1Cl)C(F)(F)F
392,CHEMBL392289,COc1ccc(F)cc1C(C)(C)CC(O)(Cc1ccc(C=O)cc1Cl)C(F)(F)F
393,CHEMBL391917,COc1ccc(F)cc1C(C)(C)CC(O)(Cc1ccc(C=O)cc1)C(F)(F)F
394,CHEMBL400609,COc1ccc(F)cc1C(C)(C)CC(O)(Cc1ccc(C#N)cc1F)C(F)(F)F
395,CHEMBL3094468,CC[C@@H](Cc1ccc(O)c(C)c1C)NS(=O)(=O)c1c(C)cc(C)cc1C
396,CHEMBL3094467,CC[C@@H](Cc1ccc(O)c(C)c1)NS(=O)(=O)c1c(C)cc(C)cc1C
397,CHEMBL3094470,CCC(Cc1cccc(C)c1)NS(=O)(=O)c1c(C)cc(C)cc1C
398,CHEMBL3094475,CCC(Cc1cc(C)ccc1C)NS(=O)(=O)c1c(C)cc(C)cc1C
399,CHEMBL3094487,CC[C@@H](Cc1ccc(O)cc1C)NS(=O)(=O)c1c(C)cc(C)cc1C
400,CHEMBL235689,COc1ccc(F)cc1C(C)(C)CC(O)(Cc1cc(Cl)cc(C#N)c1)C(F)(F)F
401,CHEMBL429987,COc1ccc(F)cc1C(C)(C)CC(O)(Cc1ccc(C#N)cc1)C(F)(F)F
402,CHEMBL375348,COc1ccc(F)cc1C(C)(C)CC(O)(CN1C[C@@H](C)O[C@@H](C)C1)C(F)(F)F
403,CHEMBL237377,COc1ccc(F)cc1C(C)(C)CC(O)(Cc1cc(Cl)ccc1Cl)C(F)(F)F
404,CHEMBL392499,COc1ccc(F)cc1C(C)(C)CC(O)(Cc1cc(C)cc(Cl)c1)C(F)(F)F
405,CHEMBL3094477,CCC(Cc1cc(F)cc(F)c1)NS(=O)(=O)c1c(C)cc(C)cc1C
406,CHEMBL393392,COc1ccc(F)cc1C(C)(C)CC(O)(Cc1cc(C)cc(C)c1)C(F)(F)F
407,CHEMBL235480,COc1ccc(F)cc1C(C)(C)CC(O)(Cc1cc(Cl)cc(Cl)c1)C(F)(F)F
408,CHEMBL3094481,CCC(Cc1ccc(OC)c(C)c1C)NS(=O)(=O)c1c(C)cc(C)cc1C
409,CHEMBL392568,COc1ccc(F)cc1C(C)(C)CC(O)(Cc1ccc(Cl)cc1Cl)C(F)(F)F
410,CHEMBL237807,COc1ccc(F)cc1C(C)(C)CC(O)(Cc1cccc(Cl)c1Cl)C(F)(F)F
411,CHEMBL401219,COc1ccc(F)cc1C(C)(C)CC(O)(Cc1cccc(C#N)c1)C(F)(F)F
412,CHEMBL3094469,CCC(Cc1ccccc1C)NS(=O)(=O)c1c(C)cc(C)cc1C
413,CHEMBL3094484,CCC(Cc1cc(C)c(O)c(C)c1)NS(=O)(=O)c1c(C)cc(C)cc1C
414,CHEMBL203151,COc1ccc(F)cc1C(C)(C)C[C@@](O)(Cc1ccc(Cl)cc1)C(F)(F)F
415,CHEMBL1257572,Cc1ccc2c(NCC(O)(CC(C)(C)c3cc(F)ccc3O)C(F)(F)F)cccc2n1
416,CHEMBL4082878,CC(C)(CC(O)(CNc1cccc2c(=O)[nH]ccc12)C(F)(F)F)c1cccc(F)c1O
417,CHEMBL1257342,CC(C)(CC(O)(CNc1cccc2ccccc12)C(F)(F)F)c1cc(F)ccc1O
418,CHEMBL3261174,Cc1cc(C)c(S(=O)(=O)N[C@@H](C)CNc2ccc(C)c3ncccc23)c(C)c1
419,CHEMBL3261167,Cc1cc(C)c(S(=O)(=O)N[C@@H](C)COc2cccc3cnccc23)c(C)c1
420,CHEMBL1257453,CC(C)(CC(O)(CNc1cccc2ncccc12)C(F)(F)F)c1cc(F)ccc1O
421,CHEMBL1257343,COc1ccc(F)cc1C(C)(C)CC(O)(CNc1cccc2ncccc12)C(F)(F)F
422,CHEMBL1257454,COc1ccc(F)cc1C(C)(C)CC(O)(CNc1cccc2nc(C)ccc12)C(F)(F)F
423,CHEMBL3261171,Cc1cc(C)c(S(=O)(=O)N[C@@H](C)CNc2cccc3ncccc23)c(C)c1
424,CHEMBL3261177,C[C@@H](COc1cccc2ncccc12)NS(=O)(=O)c1c(Cl)cc(Cl)cc1Cl
425,CHEMBL4069357,CC[C@@H]1C[C@](O)(C(F)(F)F)[C@@H](Nc2cccc3nc(C)ccc23)c2ccc(F)c(O)c21
426,CHEMBL4085241,CC1(C)C[C@](O)(C(F)(F)F)[C@@H](Nc2cccc3c(=O)[nH]ccc23)c2ccc(F)c(O)c21
427,CHEMBL3962413,CC[C@@H]1C[C@](O)(C(F)(F)F)[C@@H](Nc2cccc3[nH]c(=O)ccc23)c2cc(F)c(F)c(O)c21
428,CHEMBL4090392,CC[C@@H]1C[C@](O)(C(F)(F)F)[C@@H](Nc2cc(F)cc3nc(C)ncc23)c2ccc(F)c(O)c21
429,CHEMBL4092066,CC1(C)C[C@](O)(C(F)(F)F)[C@@H](Nc2cccc3[nH]c(=O)ccc23)c2ccc(F)c(O)c21
430,CHEMBL4098118,Cc1ccc2c(N[C@H]3c4ccc(F)c(O)c4[C@H](C)C[C@]3(O)C(F)(F)F)cccc2n1
431,CHEMBL4064352,Cc1ncc2c(N[C@H]3c4ccc(F)c(O)c4C(C)(C)C[C@]3(O)C(F)(F)F)cc(F)cc2n1
432,CHEMBL219207,CC(C)(CC(O)(Cn1ccc(=O)c2ccccc21)C(F)(F)F)c1ccc(F)cc1O
433,CHEMBL219314,COc1ccc(F)cc1C(C)(C)CC(O)(CN1CCC(=O)c2ccccc21)C(F)(F)F
434,CHEMBL219973,CC(C)(CC(O)(Cn1ccc(=O)c2ccccc21)C(F)(F)F)c1cc(F)ccc1O
435,CHEMBL375838,CC(C)(CC(O)(Cn1ccc(=O)c2ccccc21)C(F)(F)F)c1ccccc1O
436,CHEMBL384081,Cc1ccc(O)c(C(C)(C)CC(O)(Cn2ccc(=O)c3ccccc32)C(F)(F)F)c1
437,CHEMBL386465,COc1ccc(F)cc1C(C)(C)CC(O)(Cn1ccc(=O)c2ccccc21)C(F)(F)F
438,CHEMBL216173,Cc1ccc(F)cc1C(C)(C)CC(O)(Cn1ccc(=O)c2ccccc21)C(F)(F)F
439,CHEMBL3094479,CCC(Cc1cccc2ccccc12)NS(=O)(=O)c1c(C)cc(C)cc1C
440,CHEMBL219561,COc1ccc(C)c(C(C)(C)CC(O)(Cn2ccc(=O)c3ccccc32)C(F)(F)F)c1
441,CHEMBL386915,COc1ccc(F)cc1C(C)(C)CC(O)(CN1CCOc2ccccc21)C(F)(F)F
442,CHEMBL392500,COc1ccc(F)cc1C(C)(C)CC(O)(Cc1ccc(C#N)c2ccccc12)C(F)(F)F
443,CHEMBL425970,Cc1ccccc1C(C)(C)CC(O)(Cn1ccc(=O)c2ccccc21)C(F)(F)F
444,CHEMBL3094485,CCC(Cc1ccc(O)c2ccccc12)NS(=O)(=O)c1c(C)cc(C)cc1C
445,CHEMBL219069,CC(C)(CC(O)(Cn1ccc(=O)c2ccccc21)C(F)(F)F)c1ccccc1
446,CHEMBL386916,COc1ccc(F)cc1C(C)(C)CC(O)(Cn1ccc(=O)c2cnccc21)C(F)(F)F
447,CHEMBL374327,Cc1ccc(F)cc1C(C)(C)CC(O)(Cn1ccc(=O)c2cnccc21)C(F)(F)F
448,CHEMBL235280,COc1ccc(F)cc1C(C)(C)CC(O)(Cc1ccc(C)c2ccccc12)C(F)(F)F
449,CHEMBL236754,COc1ccc(F)cc1C(C)(C)CC(O)(Cc1c(C)ccc2ccccc12)C(F)(F)F
450,CHEMBL219140,COc1ccc(F)cc1C(C)(C)CC(O)(Cn1ccc(=O)c2ncccc21)C(F)(F)F
451,CHEMBL564160,CCN(CC(O)(CNc1cc(C)cc2c1cnn2-c1ccc(F)cc1)C(F)(F)F)C(=O)c1ccccc1F
452,CHEMBL560797,CCN(CC(O)(CNc1cc(C)cc2c1cnn2-c1ccccc1)C(F)(F)F)C(=O)c1ccccc1F
453,CHEMBL563812,CCN(CC(O)(CNc1cccc2c1cnn2-c1ccc(F)cc1)C(F)(F)F)C(=O)c1ccccc1Cl
454,CHEMBL559115,CCN(CC(O)(CNc1cccc2c1cnn2-c1ccccc1)C(F)(F)F)C(=O)c1ccccc1F
455,CHEMBL550933,CCN(CC(O)(CNc1cccc2c1cnn2-c1ccc(F)cc1)C(F)(F)F)C(=O)c1ccccc1C
456,CHEMBL556231,CCN(CC(O)(CNc1cccc2c1cnn2-c1ccc(F)cc1)C(F)(F)F)C(=O)c1c(F)cccc1F
457,CHEMBL559942,CCN(CC(O)(CNc1cc(C)cc2c1cnn2-c1ccccc1)C(F)(F)F)C(=O)c1ccccc1
458,CHEMBL561475,CCN(CC(O)(CNc1cc(C)cc2c1cnn2-c1ccc(F)cc1)C(F)(F)F)C(=O)c1ccccc1
459,CHEMBL550258,CCN(CC(O)(CNc1cccc2c1cnn2-c1ccc(F)cc1)C(F)(F)F)C(=O)c1c(C)cccc1C
460,CHEMBL561276,CCN(CC(O)(CNc1cccc2c1cnn2-c1ccc(F)cc1)C(F)(F)F)C(=O)c1ccccc1
461,CHEMBL563595,CCN(CC(O)(CNc1cccc2c1cnn2-c1ccccc1)C(F)(F)F)C(=O)c1ccccc1
462,CHEMBL559547,CCN(CC(O)(CNc1cccc2c1cnn2-c1ccccc1)C(F)(F)F)S(=O)(=O)c1ccccc1
463,CHEMBL558716,CCCN(CC(O)(CNc1cccc2c1cnn2-c1ccccc1)C(F)(F)F)C(=O)c1ccccc1
464,CHEMBL559742,CN(CC(O)(CNc1cccc2c1cnn2-c1ccccc1)C(F)(F)F)C(=O)c1ccccc1
465,CHEMBL559546,CCN(CC(O)(CNc1cccc2c1cnn2-c1ccccc1)C(F)(F)F)S(=O)(=O)c1ccc(F)cc1
466,CHEMBL551816,CCN(CC(O)(CNc1cccc2c1cnn2-c1ccc(F)cc1)C(F)(F)F)C(=O)c1c(Cl)cccc1Cl
467,CHEMBL1668063,CCN(C[C@](O)(CNc1cccc2c1cnn2-c1ccc(F)cc1)C(F)(F)F)C(=O)c1c(Cl)cccc1Cl
468,CHEMBL562337,CCN(CC(O)(CNc1nc(C)nc2c1cnn2-c1ccccc1)C(F)(F)F)S(=O)(=O)c1ccc(F)cc1
469,CHEMBL550730,CCN(CC(O)(CNc1cccc2c1cnn2-c1ccc(F)cc1)C(F)(F)F)C(=O)c1ccccc1F
470,CHEMBL1254344,CC(C)(CC(O)(Cc1cc2ccncc2[nH]1)C(F)(F)F)c1cc(-c2cccnc2)ccc1O
471,CHEMBL1254264,COc1ccc(-c2cncnc2)cc1C(C)(C)C[C@@](O)(Cc1cc2ccncc2[nH]1)C(F)(F)F
472,CHEMBL1254173,COc1ccc(-c2ccncc2)cc1C(C)(C)CC(O)(Cc1cc2ccncc2[nH]1)C(F)(F)F
473,CHEMBL1254265,CC(C)(CC(O)(Cc1cc2ccncc2[nH]1)C(F)(F)F)c1cc(-c2ccccc2)ccc1O
474,CHEMBL1254080,COc1ccc(-c2ccccc2)cc1C(C)(C)CC(O)(Cc1cc2ccncc2[nH]1)C(F)(F)F
475,CHEMBL1254345,CC(C)(CC(O)(Cc1cc2ccncc2[nH]1)C(F)(F)F)c1cc(-c2cncnc2)ccc1O
476,CHEMBL1254174,COc1ccc(-c2cncnc2)cc1C(C)(C)CC(O)(Cc1cc2ccncc2[nH]1)C(F)(F)F
477,CHEMBL196374,Cc1noc(=O)c2ccc(NC(=O)C(O)(CC(C)(C)c3cc(F)ccc3O)C(F)(F)F)cc12
478,CHEMBL263091,COc1ccc(F)cc1C(C)(C)CC(O)(C(=O)Nc1ccc2c(=O)onc(C)c2c1)C(F)(F)F
479,CHEMBL1257221,COc1ccc(F)cc1C(C)(C)CC(O)(CNc1ccc2c(=O)onc(C)c2c1)C(F)(F)F
480,CHEMBL1917415,C[C@]12C=CC(=O)C=C1CC[C@@H]1[C@@H]2[C@@H](O)C[C@@]2(C)[C@H]1CC[C@]2(OC(=O)c1ccco1)C(=O)CSc1nccc2ccccc12
481,CHEMBL1917249,C[C@]12CCC(=O)C=C1CC[C@@H]1[C@@H]2[C@@H](O)C[C@@]2(C)[C@H]1CC[C@]2(OC(=O)c1ccco1)C(=O)CSc1nccc2ccccc12
482,CHEMBL2087287,COc1cc(C(=O)c2cccc(C)c2)c(Oc2c(Br)cc(CC(=O)O)cc2Br)cc1C(C)C
483,CHEMBL3261169,Cc1cc(C)c(S(=O)(=O)N[C@@H](C)COc2cccc3[nH]ccc23)c(C)c1
484,CHEMBL3261170,Cc1cc(C)c(S(=O)(=O)N[C@@H](C)CNc2cccc3[nH]ncc23)c(C)c1
485,CHEMBL373497,CC(C)(CC(O)(Cn1ccc(=O)c2ccccc21)C(F)(F)F)c1cccc2c1OCC2
486,CHEMBL82546,C[C@]12Cc3cnn(-c4ccc(F)cc4)c3C=C1CCC[C@@H]2[C@@H](O)Cc1ccc(F)cc1
487,CHEMBL419479,Cc1ccc(C[C@H](O)[C@H]2CCCC3=Cc4c(cnn4-c4ccc(F)cc4)C[C@@]32C)cc1
488,CHEMBL310420,C[C@]12Cc3cnn(-c4ccc(F)cc4)c3C=C1CCC[C@@H]2[C@@H](O)Cc1ccccc1
489,CHEMBL79378,COc1ccc(C[C@H](O)[C@H]2CCCC3=Cc4c(cnn4-c4ccc(F)cc4)C[C@@]32C)cc1
490,CHEMBL440877,CC(C)(C)c1ccc(C[C@H](O)[C@H]2CCCC3=Cc4c(cnn4-c4ccc(F)cc4)C[C@@]32C)cc1
491,CHEMBL1668073,Cc1cc(C)c(S(=O)(=O)N[C@@H](C)CNc2cc(C)cc3c2cnn3-c2ccc(NC3CC3)cc2)c(C)c1
492,CHEMBL393011,CCC1(CC(O)(CNC(=O)c2cnn(-c3ccc(F)cc3F)c2N)C(F)(F)F)CCCc2ccccc21
493,CHEMBL236947,CC1(CC(O)(CNC(=O)c2cnn(-c3ccccc3)c2N)C(F)(F)F)CCCc2ccccc21
494,CHEMBL394168,CCC1(CC(O)(CNC(=O)c2cnn(-c3ccccc3)c2N)C(F)(F)F)CCCc2ccccc21
495,CHEMBL392319,Cc1c(C(=O)NCC(O)(CC2(C)CCCc3ccccc32)C(F)(F)F)cnn1-c1ccccc1
496,CHEMBL237973,CCC1(CC(O)(CNC(=O)c2cnn(-c3ccc(F)cc3)c2N)C(F)(F)F)CCCc2ccccc21
497,CHEMBL391874,Cc1c(S(=O)(=O)NCC(O)(CC2(C)CCCc3ccccc32)C(F)(F)F)cnn1-c1ccccc1
498,CHEMBL3261405,Cc1nn(-c2ccccc2)c(C)c1S(=O)(=O)N[C@@H](C)COc1cccc2cnccc12
499,CHEMBL4209089,COc1ccc([C@@H](Oc2ccc(C#N)cc2Cl)[C@H](C)NC(=O)C(C)(F)F)cn1
500,CHEMBL4214015,COc1ccc([C@@H](Oc2ccc(C#N)c(Cl)c2)[C@H](C)NC(=O)C(C)(F)F)cn1
501,CHEMBL4203771,COc1ccc([C@@H](Oc2ccc(C#N)cc2)[C@H](C)NC(=O)C(C)(F)F)cn1
502,CHEMBL3261404,Cc1nn(C2CCCC2)c(C)c1S(=O)(=O)N[C@@H](C)COc1cccc2cnccc12
503,CHEMBL1233786,COc1ccc(F)cc1C(C)(C)C[C@@](O)(CNc1cc(C)cc2c1cnn2-c1cccc(C(=O)N2CCC[C@@H]2C(N)=O)c1)C(F)(F)F
504,CHEMBL391942,CCC1(CC(O)(Cc2[nH]c3ccccc3c2C#N)C(F)(F)F)CCCc2ccccc21
505,CHEMBL391943,CCC1(CC(O)(Cc2cc3ccncc3[nH]2)C(F)(F)F)CCCc2ccccc21
506,CHEMBL235800,CCC1(CC(O)(Cc2cc3ccccc3[nH]2)C(F)(F)F)CCCc2ccccc21
507,CHEMBL235799,CC1(CC(O)(Cc2cc3ccccc3[nH]2)C(F)(F)F)CCCc2ccccc21
508,CHEMBL236018,CCC1(CC(O)(Cc2cc3c(C)cc(C#N)cc3[nH]2)C(F)(F)F)CCCc2ccccc21
509,CHEMBL194745,CC(C)(CC(O)(C(=O)Nc1ccc2c(c1)COC2=O)C(F)(F)F)c1cc(F)ccc1O
510,CHEMBL196067,CC(C)(CC(O)(C(=O)Nc1ccc2c(c1)COC2=O)C(F)(F)F)c1ccccc1
511,CHEMBL393819,CCC1(CC(O)(Cn2ccc(=O)c3ccccc32)C(F)(F)F)CCCc2ccccc21
512,CHEMBL237496,CC1(CC(O)(Cc2ccnc3ccccc23)C(F)(F)F)CCCc2ccccc21
513,CHEMBL236853,CCC1(CC(O)(Cc2cc(Cl)nc3ccccc23)C(F)(F)F)CCCc2ccccc21
514,CHEMBL398572,CCC1(CC(O)(Cc2ccnc3ccccc23)C(F)(F)F)CCCc2ccccc21
515,CHEMBL235591,CC1(CC(O)(Cn2ccc(=O)c3ccccc32)C(F)(F)F)CCCc2ccccc21
516,CHEMBL4755015,Cc1ccc([C@@H](Oc2ccc(C(=O)NC3CCCCC3)nc2)[C@H](C)NC(=O)C(F)(F)F)cc1
517,CHEMBL4778549,Cc1ccc([C@@H](Oc2ccc(C(=O)Nc3ccccc3)nc2)[C@H](C)NC(=O)C(F)(F)F)cc1
518,CHEMBL3094480,CCC(Cc1ccc2ccccc2c1)NS(=O)(=O)c1c(C)cc(C)cc1C
519,CHEMBL3093460,Cc1cc(C)c(S(=O)(=O)NC(CSc2ccccc2)C(F)(F)F)c(C)c1
520,CHEMBL3261165,Cc1cc(C)c(S(=O)(=O)N[C@@H](C)CCc2ccccc2)c(C)c1
521,CHEMBL3261166,Cc1cc(C)c(S(=O)(=O)N[C@@H](C)COc2c(C)cccc2C)c(C)c1
522,CHEMBL3093458,Cc1cc(C)c(S(=O)(=O)NC(CNc2ccccc2)C(F)(F)F)c(C)c1
523,CHEMBL3233278,COc1ccc(F)cc1C(C)(C)CC(O)(Cc1cc2cnccc2[nH]1)C1CC1
524,CHEMBL3233280,Cc1ccc(F)cc1C(C)(C)CC(O)(Cc1cc2cnccc2[nH]1)C1CC1
525,CHEMBL3233274,COc1ccc(F)cc1C(C)(C)CC(O)(Cc1cc2ccncc2[nH]1)C1CC1
526,CHEMBL1762206,Cc1c[nH]c2c(-c3c(F)cc4c(c3F)/C(=N/OCc3ccccc3)CC(C)(C)N4)cccc12
527,CHEMBL379024,COc1ccc(F)cc1-c1ccc2c(c1)C(CSCCc1ccccc1)=CC(C)(C)N2
528,CHEMBL219084,Cc1cn(CC(O)(CC(C)(C)c2cccc3c2OCC3)C(F)(F)F)cc(C)c1=O
529,CHEMBL216272,Cc1noc(=O)c2ccc(NC(=O)C(O)(CC(C)(C)c3cccc4c3OCC4)C(F)(F)F)cc12
530,CHEMBL1668082,Cc1cc(C)c(S(=O)(=O)N[C@@H](C)CNc2cc(C)cc3c2cnn3-c2cccc(N3CCCC(CO)C3)c2)c(C)c1
531,CHEMBL236320,CCn1nc(C)c(Br)c1C(=O)NCC(O)(CC1(C)CCCc2ccccc21)C(F)(F)F
532,CHEMBL3126937,Cc1ccc(F)cc1C(C)(C)CC(O)(Cc1cc2nc(N3CCCC3)ncc2[nH]1)C(F)(F)F
533,CHEMBL1668078,Cc1cc(C)c(S(=O)(=O)N[C@@H](C)CNc2cc(C)cc3c2cnn3-c2cccc(NC3CC3)c2)c(C)c1
534,CHEMBL427554,CC(C)(CC(O)(CCc1ccccc1)C(=O)Nc1ccc2c(c1)COC2=O)c1ccccc1
535,CHEMBL208840,CCC1(CC(O)(C(=O)Nc2ccc3c(=O)onc(C)c3c2)C(F)(F)F)CCCCc2ccccc21
536,CHEMBL1762205,Cc1c[nH]c2c(-c3c(F)cc4c(c3F)/C(=N/Oc3ccccc3)CC(C)(C)N4)cccc12
537,CHEMBL235208,COc1ccc(F)cc1C(C)(C)CC(O)(CNC(=O)c1cnn(-c2ccc(F)cc2)c1N)C(F)(F)F
