0,C[C@H]1C[C@@H]2[C@H]3CCC4=CC(=O)C=C[C@@]4(C)[C@]3(F)[C@H](O)C[C@@]2(C)[C@]1(O)C(=O)CSCCNC(=S)NCCNC(=O)c1cc(NC(=O)c2cc(NC(=O)c3nccn3C)cn2C)cn1C,7.85
1,C[C@]12C=CC(=O)C=C1CC[C@@H]1[C@@H]2[C@@H](O)C[C@@]2(C)[C@H]1CC[C@]2(O)C(=O)CSc1nc2ccccc2s1,7.94
2,C[C@@H]1C[C@H]2[C@@H]3CCC4=CC(=O)C=C[C@]4(C)[C@H]3[C@@H](O)C[C@]2(C)[C@@]1(O)C(=O)CSc1nc2ccccc2o1,8.36
3,C[C@]12CCC(=O)C=C1CC[C@H]1[C@@H]3CC[C@](O)(C(=O)CSc4nc5ccccc5s4)[C@@]3(C)C[C@H](O)[C@@]12F,8.035
4,C[C@@H]1C[C@H]2[C@@H]3CCC4=CC(=O)C=C[C@]4(C)[C@H]3[C@@H](O)C[C@]2(C)[C@@]1(O)C(=O)CSc1nc2ccccc2s1,8.24
5,C[C@@H]1C[C@H]2[C@@H]3CCC4=CC(=O)C=C[C@]4(C)[C@H]3[C@@H](O)C[C@]2(C)[C@@]1(O)C(=O)CSc1nc2ncccc2o1,8.22
6,C[C@@H]1C[C@H]2[C@@H]3CCC4=CC(=O)C=C[C@]4(C)[C@H]3[C@@H](O)C[C@]2(C)[C@@]1(O)C(=O)CSc1nc2cccnc2s1,8.15
7,C[C@@H]1C[C@H]2[C@@H]3C[C@H](F)C4=CC(=O)C=C[C@]4(C)[C@@]3(F)[C@@H](O)C[C@]2(C)[C@@]1(O)C(=O)CSc1nc2ccccc2s1,8.305
8,C[C@]12C=CC(=O)C=C1CC[C@@H]1[C@@H]2[C@@H](O)C[C@@]2(C)[C@H]1CC[C@]2(O)C(=O)CSc1nc2ccccc2o1,7.87
9,C[C@@H]1C[C@H]2[C@@H]3CCC4=CC(=O)C=C[C@]4(C)[C@@]3(Cl)[C@@H](O)C[C@]2(C)[C@@]1(O)C(=O)CSc1nc2ccccc2s1,8.035
10,C[C@]12C=CC(=O)C=C1CC[C@@H]1[C@@H]2[C@@H](O)C[C@@]2(C)[C@H]1CC[C@]2(O)C(=O)CSc1nc2ncccc2o1,7.76
11,C[C@@H]1C[C@H]2[C@@H]3CCC4=CC(=O)C=C[C@]4(C)[C@@]3(F)[C@@H](O)C[C@]2(C)[C@@]1(O)C(=O)CSc1nc2ccccc2s1,8.055
12,C[C@H]1C[C@@H]2[C@H]([C@@H](O)C[C@@]3(C)[C@H]2CC[C@]3(O)C(=O)CSc2nc3ccccc3s2)[C@@]2(C)C=CC(=O)C=C12,7.58
13,C[C@]12CCC(=O)C=C1CC[C@@H]1[C@@H]2[C@@H](O)C[C@@]2(C)[C@H]1CC[C@]2(O)C(=O)CSc1nc2ccccc2o1,7.99
14,C[C@]12CCC(=O)C=C1CC[C@@H]1[C@@H]2[C@@H](O)C[C@@]2(C)[C@H]1CC[C@]2(O)C(=O)CSc1nc2ccccc2s1,7.88
15,C[C@@H]1C[C@H]2[C@@H]3CCC4=CC(=O)C=C[C@]4(C)[C@H]3[C@@H](O)C[C@]2(C)[C@@]1(O)C(=O)CSc1nc2ccccc2[nH]1,7.44
16,CCn1c(SCC(=O)[C@@]2(O)CC[C@H]3[C@@H]4CCC5=CC(=O)C=C[C@]5(C)[C@H]4[C@@H](O)C[C@@]32C)nc2ccccc21,7.38
17,Cn1c(SCC(=O)[C@@]2(O)CC[C@H]3[C@@H]4CCC5=CC(=O)C=C[C@]5(C)[C@H]4[C@@H](O)C[C@@]32C)nc2ccccc21,7.735
18,Cn1c(SCC(=O)[C@@]2(O)CC[C@@]3(C)[C@@H]4CCC5=CC(=O)CC[C@]5(C)[C@H]4[C@@H](O)C[C@@]32C)nc2ccccc21,7.65
19,C[C@]12C=CC(=O)C=C1CC[C@@H]1[C@@H]2[C@@H](O)C[C@@]2(C)[C@H]1CC[C@]2(O)C(=O)CSc1nc2ncccc2[nH]1,7.24
20,C[C@]12CCC(=O)C=C1CC[C@@H]1[C@@H]2[C@@H](O)C[C@@]2(C)[C@H]1CC[C@]2(O)C(=O)CSc1nc2ncccc2s1,7.78
21,C[C@]12CCC(=O)C=C1CC[C@@H]1[C@@H]2[C@@H](O)C[C@@]2(C)[C@H]1CC[C@]2(O)C(=O)CSc1nc2ncccc2o1,7.21
22,C[C@@H]1C[C@H]2[C@@H]3CCC4=CC(=O)C=C[C@]4(C)[C@H]3[C@@H](O)C[C@]2(C)[C@@]1(O)C(=O)CSc1nc2ccccc2n1C,7.16
23,CCC(=O)O[C@]1(C(=O)SCF)[C@H](C)C[C@H]2[C@@H]3C[C@H](F)C4=CC(=O)C=C[C@]4(C)[C@@]3(F)[C@@H](O)C[C@@]21C,9.846
24,CCC(C)NC(=O)O[C@]1(C(=O)CO)[C@@H](C)C[C@H]2[C@@H]3CCC4=CC(=O)C=C[C@]4(C)[C@@]3(F)[C@@H](O)C[C@@]21C,9.3
25,CCC(=O)O[C@]1(C(=O)CCl)[C@@H](C)C[C@H]2[C@@H]3CCC4=CC(=O)C=C[C@]4(C)[C@@]3(F)[C@@H](O)C[C@@]21C,8.84
26,C[C@@H]1C[C@H]2[C@@H]3CCC4=CC(=O)C=C[C@]4(C)[C@H]3[C@@H](O)C[C@]2(C)[C@@]1(O)C(=O)CO,8.3
27,CCCCCNC(=O)O[C@]1(C(=O)CO)[C@@H](C)C[C@H]2[C@@H]3CCC4=CC(=O)C=C[C@]4(C)[C@@]3(F)[C@@H](O)C[C@@]21C,8.68
28,C[C@]12C=CC(=O)C=C1CC[C@@H]1[C@@H]2[C@@H](O)C[C@@]2(C)[C@H]1CC[C@]2(O)C(=O)CO,8.07
29,C[C@H]1C[C@H]2[C@@H]3CCC4=CC(=O)C=C[C@]4(C)[C@@]3(F)[C@@H](O)C[C@]2(C)[C@@]1(OC(=O)NC(C)(C)C)C(=O)CO,8.62
30,C[C@@H]1C[C@H]2[C@@H]3CCC4=CC(=O)C=C[C@]4(C)[C@@]3(F)[C@@H](O)C[C@]2(C)[C@H]1C(=O)CO,8.59
31,CCCCNC(=O)O[C@]1(C(=O)CO)[C@@H](C)C[C@H]2[C@@H]3CCC4=CC(=O)C=C[C@]4(C)[C@@]3(F)[C@@H](O)C[C@@]21C,8.55
32,CC(=O)[C@@]1(O)CC[C@H]2[C@@H]3C[C@H](C)C4=CC(=O)C=C[C@]4(C)[C@@]3(F)[C@@H](O)C[C@@]21C,8.46
33,CCCNC(=O)O[C@]1(C(=O)CO)[C@@H](C)C[C@H]2[C@@H]3CCC4=CC(=O)C=C[C@]4(C)[C@@]3(F)[C@@H](O)C[C@@]21C,8.44
34,C[C@@H]1C[C@H]2C3CCC4=CC(=O)C=C[C@]4(C)[C@@]3(F)[C@@H](O)C[C@]2(C)[C@@]1(O)C(=O)O,8.3
35,CCNC(=O)O[C@]1(C(=O)CO)[C@@H](C)C[C@H]2[C@@H]3CCC4=CC(=O)C=C[C@]4(C)[C@@]3(F)[C@@H](O)C[C@@]21C,8.29
36,C[C@H]1C[C@H]2[C@@H]3CCC4=CC(=O)C=C[C@]4(C)[C@@]3(F)[C@@H](O)C[C@]2(C)[C@@]1(OC(=O)NC(C)(C)CC(C)(C)C)C(=O)CO,8.24
37,CC(=O)OCC(=O)[C@@]1(OC(C)=O)[C@@H](C)C[C@H]2[C@@H]3C[C@H](F)C4=CC(=O)C=C[C@]4(C)[C@@]3(F)[C@@H](O)C[C@@]21C,8.19
38,C[C@@H]1C[C@H]2[C@@H]3CCC4=CC(=O)C=C[C@]4(C)[C@@]3(F)[C@@H](O)C[C@]2(C)[C@@]1(O)C(=O)CO,8.449
39,C[C@H]1C[C@H]2[C@@H]3CCC4=CC(=O)C=C[C@]4(C)[C@@]3(F)[C@@H](O)C[C@]2(C)[C@@]1(O)C(=O)CO,8.11
40,C[C@H]1C[C@H]2[C@@H]3CCC4=CC(=O)C=C[C@]4(C)[C@@]3(F)[C@@H](O)C[C@]2(C)[C@@]1(O)C(=O)COP(=O)(O)O,8.09
41,C[C@H]1C[C@H]2[C@@H]3CCC4=CC(=O)C=C[C@]4(C)[C@@]3(Cl)[C@@H](O)C[C@]2(C)[C@@]1(O)C(=O)CO,8.08
42,CC(=O)NCCCN(C)CCCNC(=S)NCCSCC(=O)[C@@]1(O)[C@H](C)C[C@H]2[C@@H]3CCC4=CC(=O)C=C[C@]4(C)[C@@]3(F)[C@@H](O)C[C@@]21C,8.08
43,CC(=O)NCCC(=O)NCCCN(C)CCCNC(=S)NCCSCC(=O)[C@@]1(O)[C@H](C)C[C@H]2[C@@H]3CCC4=CC(=O)C=C[C@]4(C)[C@@]3(F)[C@@H](O)C[C@@]21C,8.03
44,CC(=O)NCCNC(=S)NCCSCC(=O)[C@@]1(O)[C@H](C)C[C@H]2[C@@H]3CCC4=CC(=O)C=C[C@]4(C)[C@@]3(F)[C@@H](O)C[C@@]21C,8.01
45,CC(=O)C[C@]1(C(C)=O)CC[C@H]2C3C[C@H](C)C4=CC(=O)CC[C@]4(C)[C@H]3CC[C@@]21C,8.0
46,CC(=O)O[C@]1(C(C)=O)CC[C@H]2[C@@H]3C[C@H](C)C4=CC(=O)CC[C@]4(C)[C@H]3CC[C@@]21C,7.86
47,C[C@H]1C[C@@H]2[C@H]([C@@H](O)C[C@@]3(C)[C@H]2CC[C@]3(O)C(=O)CO)[C@@]2(C)C=CC(=O)C=C12,7.96
48,C[C@H]1C[C@H]2[C@@H]3CCC4=CC(=O)C=C[C@]4(C)[C@@]3(F)[C@@H](O)C[C@]2(C)[C@@]1(OC(=O)NCCC(C)(C)C)C(=O)CO,7.91
49,CC(C)CNC(=S)NCCSCC(=O)[C@@]1(O)[C@H](C)C[C@H]2[C@@H]3CCC4=CC(=O)C=C[C@]4(C)[C@@]3(F)[C@@H](O)C[C@@]21C,7.82
50,C=CCNC(=O)O[C@]1(C(=O)CO)[C@@H](C)C[C@H]2[C@@H]3CCC4=CC(=O)C=C[C@]4(C)[C@@]3(F)[C@@H](O)C[C@@]21C,7.76
51,CC(=O)O[C@]1(C(C)=O)CC[C@H]2[C@@H]3C=C(C)C4=CC(=O)CC[C@]4(C)[C@H]3CC[C@@]21C,7.72
52,CC(=O)[C@@]1(O)CC[C@H]2[C@@H]3C[C@H](C)C4=CC(=O)CC[C@]4(C)[C@H]3CC[C@@]21C,7.72
53,CC(=O)OCC(=O)[C@@]1(O)CC[C@H]2[C@@H]3CCC4=CC(=O)CC[C@]4(C)[C@@]3(F)[C@@H](O)C[C@@]21C,7.7
54,CC(C)NC(=O)O[C@]1(C(=O)CO)[C@@H](C)C[C@H]2[C@@H]3CCC4=CC(=O)C=C[C@]4(C)[C@@]3(F)[C@@H](O)C[C@@]21C,7.67
55,C[C@]12CCC(=O)C=C1CC[C@@H]1[C@@H]2[C@@H](O)C[C@@]2(C)[C@H]1CC[C@]2(O)C(=O)CO,7.58
56,COC(=O)[C@H](C)NC(=O)O[C@]1(C(=O)CO)[C@@H](C)C[C@H]2[C@@H]3CCC4=CC(=O)C=C[C@]4(C)[C@@]3(F)[C@@H](O)C[C@@]21C,7.54
57,C[C@@H]1C[C@H]2[C@@H]3CCC4=CC(=O)C=C[C@]4(C)[C@@]3(F)[C@@H](O)C[C@]2(C)[C@@]1(O)C(=O)CSCCC(N)=O,7.44
58,CC(=O)O[C@]1(C(C)=O)CC[C@H]2[C@@H]3C=C(Cl)C4=CC(=O)CC[C@]4(C)[C@H]3CC[C@@]21C,7.42
59,CC(=O)[C@@]1(O)CC[C@H]2[C@@H]3CCC4=CC(=O)CC[C@]4(C)[C@H]3CC[C@@]21C,7.29
60,CCC(C)(C)NC(=O)O[C@]1(C(=O)CO)[C@@H](C)C[C@H]2[C@@H]3CCC4=CC(=O)C=C[C@]4(C)[C@@]3(F)[C@@H](O)C[C@@]21C,7.26
61,C[C@]12C=CC(=O)C=C1CC[C@H]1[C@@H]3C[C@@H](O)[C@](O)(C(=O)CO)[C@@]3(C)C[C@H](O)[C@@]12F,7.24
62,C[C@]12C=CC(=O)C=C1CC[C@@H]1[C@@H]2[C@@H](O)C[C@@]2(C)[C@H]1CC[C@]2(OC(=O)c1ccco1)C(=O)CSc1nc2ccccc2s1,9.12
63,C[C@]12CCC(=O)C=C1CC[C@@H]1[C@@H]2[C@@H](O)C[C@@]2(C)[C@H]1CC[C@]2(OC(=O)c1ccco1)C(=O)CSc1nc2ccccc2s1,8.7
64,C[C@]12CCC(=O)C=C1CC[C@@H]1[C@@H]2[C@@H](O)C[C@@]2(C)[C@H]1CC[C@]2(OC(=O)c1ccco1)C(=O)CSc1nc2ccccc2o1,8.66
65,Cn1c(SCC(=O)[C@@]2(OC(=O)c3ccco3)CC[C@H]3[C@@H]4CCC5=CC(=O)CC[C@]5(C)[C@H]4[C@@H](O)C[C@@]32C)nc2ccccc21,8.43
66,C[C@]12CCC(=O)C=C1CC[C@@H]1[C@@H]2[C@@H](O)C[C@@]2(C)[C@H]1CC[C@]2(OC(=O)c1ccco1)C(=O)CSc1nc2ncccc2s1,7.84
67,COc1cc(F)ccc1-c1c(CN(C)Cc2ccccc2)[nH]c2c(NS(C)(=O)=O)cc(C(C)C)cc12,8.56
68,COc1cc(F)ccc1-c1c(CN(C)Cc2ccccc2)[nH]c2c(NS(C)(=O)=O)cc(C(C)(C)C)cc12,8.35
69,C[C@]12Cc3cnn(-c4ccc(F)cc4)c3C=C1CC[C@@H]1[C@@H]2[C@@H](O)C[C@@]2(C)[C@H]1CC[C@]2(O)C(=O)CSc1nc2ncccc2o1,8.45
70,C[C@]12Cc3cnn(-c4ccccc4)c3C=C1CC[C@@H]1[C@@H]2[C@@H](O)C[C@@]2(C)[C@H]1CC[C@]2(O)C(=O)CSc1nc2ncccc2o1,8.21
71,Cn1c(SCC(=O)[C@@]2(O)CC[C@H]3[C@@H]4CCC5=Cc6c(cnn6-c6ccc(F)cc6)C[C@]5(C)[C@H]4[C@@H](O)C[C@@]32C)nc2ccccc21,8.005
72,C[C@]12Cc3cnn(-c4ccc(F)cc4)c3C=C1CC[C@@H]1[C@@H]2[C@@H](O)C[C@@]2(C)[C@H]1CC[C@]2(O)C(=O)CSc1nc2ccccc2s1,8.77
73,C[C@]12Cc3cnn(-c4ccc(F)cc4)c3C=C1CC[C@@H]1[C@@H]2[C@@H](O)C[C@@]2(C)[C@H]1CC[C@]2(O)C(=O)COc1nc2ccccc2s1,8.68
74,Cn1c(OCC(=O)[C@@]2(O)CC[C@H]3[C@@H]4CCC5=Cc6c(cnn6-c6ccc(F)cc6)C[C@]5(C)[C@H]4[C@@H](O)C[C@@]32C)nc2ccccc21,8.54
75,C[C@]12Cc3cnn(C4CCCCC4)c3C=C1CC[C@@H]1[C@@H]2[C@@H](O)C[C@@]2(C)[C@H]1CC[C@]2(O)C(=O)CSc1nc2ccccc2o1,7.706666666666665
76,C=CCn1c(SCC(=O)[C@@]2(O)CC[C@H]3[C@@H]4CCC5=Cc6c(cnn6-c6ccccc6)C[C@]5(C)[C@H]4[C@@H](O)C[C@@]32C)nc2ccccc21,8.0
77,Cn1c(SCC(=O)[C@@]2(O)CC[C@H]3[C@@H]4CCC5=Cc6c(cnn6-c6ccccc6)C[C@]5(C)[C@H]4[C@@H](O)C[C@@]32C)nc2ccccc21,7.743333333333333
78,Cn1c(SCC(=O)[C@@]2(O)CC[C@H]3[C@@H]4CCC5=Cc6c(cnn6C6CCCCC6)C[C@]5(C)[C@H]4[C@@H](O)C[C@@]32C)nc2ccccc21,8.18
79,C[C@]12Cc3cnn(C4CCCCC4)c3C=C1CC[C@@H]1[C@@H]2[C@@H](O)C[C@@]2(C)[C@H]1CC[C@]2(O)C(=O)CSc1nc2ccccc2s1,8.15
80,C[C@]12Cc3cnn(-c4ccccc4)c3C=C1CC[C@@H]1[C@@H]2[C@@H](O)C[C@@]2(C)[C@H]1CC[C@]2(O)C(=O)CSc1nc2ccccc2s1,7.775
81,C[C@]12Cc3cnn(C4CCOCC4)c3C=C1CC[C@@H]1[C@@H]2[C@@H](O)C[C@@]2(C)[C@H]1CC[C@]2(O)C(=O)CSc1nc2ccccc2s1,7.06
82,CC#C[C@]1(O)C[C@H]2CCc3cc(O)ccc3[C@]2(CC)C[C@@]1(C)O,8.77
83,CC#C[C@@]1(O)CC[C@@]2(CCC)c3ccc(O)cc3CC[C@@H]2C1,8.82
84,C/C=C/[C@]1(O)C[C@H]2CCc3cc(O)ccc3[C@]2(CC)C[C@@]1(C)O,8.45
85,CC#C[C@@]1(O)CC[C@@]2(/C=C/C)c3ccc(O)cc3CC[C@@H]2C1,8.46
86,CC#C[C@@]1(O)CC[C@@]2(CC)c3ccc(O)cc3CC[C@@H]2C1,8.05
87,C=CC[C@@]12CC[C@](O)(C#CC)C[C@H]1CCc1cc(O)ccc12,7.843333333333333
88,C=C[C@]1(O)C[C@H]2CCc3cc(O)ccc3[C@]2(CC)C[C@@]1(C)O,7.92
89,CC#C[C@@]1(O)CC[C@@]2(C)c3ccc(O)cc3CC[C@@H]2C1,7.77
90,CCC[C@]1(O)C[C@H]2CCc3cc(O)ccc3[C@]2(CC)C[C@@]1(C)O,7.7
91,CCCCCC1Oc2cccc(OC)c2-c2ccc(NS(C)(=O)=O)cc21,7.68
92,CC#C[C@]1(O)C[C@H]2CCc3cc(O)ccc3[C@]2(CC)C[C@@H]1O,7.33
93,C=CC[C@]1(O)C[C@H]2CCc3cc(O)ccc3[C@]2(CC)C[C@@]1(C)O,7.45
94,CC[C@@]12C[C@@](C)(O)[C@](O)(CC)C[C@H]1CCc1cc(O)ccc12,7.33
95,C[C@H]1c2c(cc(F)c(-c3cccc4c(Cl)c[nH]c34)c2F)NC(C)(C)[C@@H]1OC(=O)Nc1ccc(C#N)cc1,8.195
96,COc1ccc(NC(=O)O[C@@H]2[C@@H](C)c3c(cc(F)c(-c4cccc5c(Cl)c[nH]c45)c3F)NC2(C)C)cc1Cl,8.08
97,C[C@H]1c2c(cc(F)c(-c3cccc4cc[nH]c34)c2F)NC(C)(C)[C@@H]1OC(=O)Nc1ccc(C#N)cc1,7.9
98,COC(=O)c1ccc(NC(=O)O[C@@H]2[C@@H](C)c3c(cc(F)c(-c4cccc5cc[nH]c45)c3F)NC2(C)C)cc1,7.67
99,CC(=O)c1cccc(NC(=O)O[C@@H]2[C@@H](C)c3c(cc(F)c(-c4cccc5cc[nH]c45)c3F)NC2(C)C)c1,7.485
100,C[C@H]1c2c(cc(F)c(-c3cccc4c(Cl)c[nH]c34)c2F)NC(C)(C)[C@@H]1OC(=O)NC1CCCCC1,7.73
101,C[C@H]1c2c(cc(F)c(-c3cccc4cc[nH]c34)c2F)NC(C)(C)[C@@H]1OC(=O)Nc1ccc(Cl)cc1,7.45
102,CC(=O)c1ccc(NC(=O)O[C@@H]2[C@@H](C)c3c(cc(F)c(-c4cccc5cc[nH]c45)c3F)NC2(C)C)cc1,7.575
103,COc1ccc(NC(=O)O[C@@H]2[C@@H](C)c3c(cc(F)c(-c4cccc5cc[nH]c45)c3F)NC2(C)C)cc1Cl,7.815
104,C[C@H]1c2c(cc(F)c(-c3cccc4c(Cl)c[nH]c34)c2F)NC(C)(C)[C@@H]1OC(=O)Nc1ccccc1,7.76
105,C[C@H]1c2c(cc(F)c(-c3cccc4cc[nH]c34)c2F)NC(C)(C)[C@@H]1OC(=O)Nc1cccc(C#N)c1,7.655
106,C[C@H]1c2c(cc(F)c(-c3cccc4cc[nH]c34)c2F)NC(C)(C)[C@@H]1OC(=O)Nc1ccc(N(C)C)cc1,7.745
107,C[C@H]1c2c(cc(F)c(-c3cccc4cc[nH]c34)c2F)NC(C)(C)[C@@H]1OC(=O)Nc1ccccc1,7.4
108,CS(=O)(=O)Nc1ccc2c(c1)N(Cc1ccccc1)Cc1ccccc1-2,7.7
109,C[C@@H]1C[C@H]2[C@@H]3CCC4=CC(=O)C=C[C@]4(C)[C@@]3(F)[C@@H](O)C[C@]2(C)[C@@]1(O)C(=O)CSCCNC(=S)NCCCN(C)CCCNC(=O)CCNC(=O)c1cc(NC(=O)c2nccn2C)cn1C,8.07
110,Cc1cnc(NC(=O)c2ccc3c(c2)CC[C@@H]2C[C@@](O)(C(F)(F)F)CC[C@@]32Cc2ccccc2)c(C)n1,9.46
111,Cc1ncccc1NC(=O)c1ccc2c(c1)C(=O)C[C@@H]1C[C@@](O)(C(F)(F)F)CC[C@@]21Cc1ccccc1,8.93
112,Cc1ncccc1NC(=O)c1ccc2c(c1)CC[C@@H]1C[C@@](O)(CCC(F)(F)F)CC[C@@]21Cc1ccccc1,8.91
113,Cc1ncccc1NC(=O)c1ccc2c(c1)CC[C@@H]1C[C@@](O)(C(F)(F)F)CC[C@@]21Cc1ccccc1,8.3875
114,Cc1ncccc1NC(=O)c1ccc2c(c1)[C@H](O)C[C@@H]1C[C@@](O)(C(F)(F)F)CC[C@@]21Cc1ccccc1,8.72
115,Cc1ccncc1NC(=O)c1ccc2c(c1)CC[C@@H]1C[C@@](O)(C(F)(F)F)CC[C@@]21Cc1ccccc1,8.69
116,Cc1c(NC(=O)c2ccc3c(c2)CC[C@@H]2C[C@@](O)(C(F)(F)F)CC[C@@]32Cc2ccccc2)ccc[n+]1[O-],8.67
117,Cc1ncc(NC(=O)c2ccc3c(c2)CC[C@@H]2C[C@@](O)(CCC(F)(F)F)CC[C@@]32Cc2ccccc2)c(C)n1,8.34
118,Cc1ncccc1NC(=O)c1ccc2c(c1)CC[C@@H]1C[C@@](O)(C(F)F)CC[C@@]21Cc1ccccc1,8.1
119,Cc1ncccc1NC(=O)c1ccc2c(c1)C=C[C@@H]1C[C@@](O)(C(F)(F)F)CC[C@@]21Cc1ccccc1,8.04
120,Cc1ncccc1NC(=O)c1ccc2c(c1)CC[C@@H]1C[C@@](OP(=O)(O)O)(C(F)(F)F)CC[C@@]21Cc1ccccc1,7.24
121,C[C@H]1C[C@H]2[C@@H]3CCC4=CC(=O)C=C[C@]4(C)[C@@]3(F)[C@@H](O)C[C@]2(C)[C@@]1(OC(=O)NC12CC3CC(CC(C3)C1)C2)C(=O)CO,8.24
122,Cc1cccc(SCC(=O)[C@@]2(O)[C@H](C)C[C@H]3[C@@H]4CCC5=CC(=O)C=C[C@]5(C)[C@H]4[C@@H](O)C[C@@]32C)n1,8.77
123,C[C@H]1C[C@H]2[C@@H]3CCC4=CC(=O)C=C[C@]4(C)[C@@]3(F)[C@@H](O)C[C@]2(C)[C@@]1(OC(=O)NC1CCCCC1)C(=O)CO,8.46
124,Cc1ccnc(SCC(=O)[C@@]2(O)CC[C@H]3[C@@H]4CCC5=CC(=O)C=C[C@]5(C)[C@H]4[C@@H](O)C[C@@]32C)n1,7.94
125,C[C@]12CCC(=O)C=C1CC[C@@H]1[C@@H]2[C@@H](O)C[C@@]2(C)[C@H]1CC[C@]2(O)C(=O)CSc1ccccn1,7.725
126,C[C@]12CCC(=O)C=C1CC[C@@H]1[C@@H]2[C@@H](O)C[C@@]2(C)[C@H]1CC[C@]2(O)C(=O)CSc1ccc(Cl)c(Cl)c1,7.57
127,C[C@]12C=CC(=O)C=C1CC[C@@H]1[C@@H]2[C@@H](O)C[C@@]2(C)[C@H]1CC[C@]2(O)C(=O)CSc1ccccn1,7.36
128,CC1(C)O[C@@H]2CC3C4C[C@H](F)C5=CC(=O)C=C[C@]5(C)[C@@]4(F)[C@@H](O)C[C@]3(C)[C@]2(S[C@@H]2CCOC2=O)O1,8.85
129,CCC[C@@H]1O[C@@H]2CC3C4C[C@H](F)C5=CC(=O)CC[C@]5(C)[C@@]4(F)[C@@H](O)C[C@]3(C)[C@]2(S[C@@H]2CCOC2=O)O1,8.19
130,Cc1ncccc1CNC(=O)c1ccc2c(c1)CC[C@@H]1C[C@@](O)(CCC(F)(F)F)CC[C@@]21Cc1ccccc1,8.15
131,C[C@H]1C[C@@H]2[C@H]3CCC4=CC(=O)C=C[C@@]4(C)[C@]3(F)[C@H](O)C[C@@]2(C)[C@]1(O)C(=O)CSCCNC(=S)NCCNC(=O)c1cc(NC(=O)c2cncn2C)cn1C,8.24
132,C[C@H]1C[C@H]2[C@@H]3CCC4=CC(=O)C=C[C@]4(C)[C@@]3(F)[C@@H](O)C[C@]2(C)[C@@]1(OC(=O)NC1CCCC1)C(=O)CO,8.42
133,Cc1nc(SCC(=O)[C@@]2(O)CC[C@H]3[C@@H]4CCC5=CC(=O)CC[C@]5(C)[C@H]4[C@@H](O)C[C@@]32C)sc1C,8.015
134,C[C@]12Cc3cnn(-c4ccc(F)cc4)c3C=C1CC[C@@H]1[C@@H]2[C@@H](O)C[C@@]2(C)[C@H]1CC[C@]2(O)C(=O)CSc1ccc2ccccc2c1,8.33
135,C[C@]12Cc3cnn(-c4ccc(F)cc4)c3C=C1CC[C@@H]1[C@@H]2[C@@H](O)C[C@@]2(C)[C@H]1CC[C@]2(O)C(=O)COc1ccc2ccccc2c1,8.255
136,C[C@]12Cc3cnn(-c4ccc(F)cc4)c3C=C1CC[C@@H]1[C@@H]2[C@@H](O)C[C@@]2(C)[C@H]1CC[C@]2(O)C(=O)COc1ccc2ccccc2n1,8.74
137,C[C@]12Cc3cnn(-c4ccc(F)cc4)c3C=C1CC[C@@H]1[C@@H]2[C@@H](O)C[C@@]2(C)[C@H]1CC[C@]2(O)C(=O)COc1cnc2ccccc2n1,7.865
138,C[C@]12Cc3cnn(-c4ccc(F)cc4)c3C=C1CC[C@@H]1[C@@H]2[C@@H](O)C[C@@]2(C)[C@H]1CC[C@]2(O)C(=O)CSc1cnc2ccccc2n1,8.7
139,C[C@]12Cc3cnn(-c4ccc(F)cc4)c3C=C1CC[C@@H]1[C@@H]2[C@@H](O)C[C@@]2(C)[C@H]1CC[C@]2(O)C(=O)CSc1nc2ccccc2c(=O)[nH]1,7.775
140,C[C@]12Cc3cnn(-c4ccccc4)c3C=C1CC[C@@H]1[C@@H]2[C@@H](O)C[C@@]2(C)[C@H]1CC[C@]2(O)C(=O)COc1cnc2ccccc2n1,7.97
141,C[C@]12Cc3cnn(-c4ccc(F)cc4)c3C=C1CC[C@@H]1[C@@H]2[C@@H](O)C[C@@]2(C)[C@H]1CC[C@]2(O)C(=O)CSc1ccc2ccccc2n1,8.01
142,C[C@]12Cc3cnn(-c4ccccc4)c3C=C1CC[C@@H]1[C@@H]2[C@@H](O)C[C@@]2(C)[C@H]1CC[C@]2(O)C(=O)CSc1cnc2ccccc2n1,7.905
143,C[C@]12Cc3cnn(C4CCCCC4)c3C=C1CC[C@@H]1[C@@H]2[C@@H](O)C[C@@]2(C)[C@H]1CC[C@]2(O)C(=O)CSc1cnc2ccccc2n1,7.91
144,C[C@]12Cc3cnn(-c4ccccc4)c3C=C1CC[C@@H]1[C@@H]2[C@@H](O)C[C@@]2(C)[C@H]1CC[C@]2(O)C(=O)CSc1ccc2ccccc2n1,7.525
145,C[C@]12Cc3cnn(C4CCCCC4)c3C=C1CC[C@@H]1[C@@H]2[C@@H](O)C[C@@]2(C)[C@H]1CC[C@]2(O)C(=O)CSc1ccc2ccccc2n1,7.35
146,COc1ccc([C@H]2OC[C@@]3(C)[C@@H](CC[C@@]3(O)C#Cc3ccccc3)[C@@H]3CCC4=CC(=O)CCC4=C32)cc1,7.68
147,COc1ccc([C@H]2OC[C@@]3(C)[C@@H](CC[C@@]3(O)C#Cc3ccc(C(F)(F)F)cc3)[C@@H]3CCC4=CC(=O)CCC4=C32)cc1,7.58
148,C[C@]12Cc3cnn(-c4ccc(F)cc4)c3C=C1CC[C@@H]1[C@@H]2[C@@H](O)C[C@@]2(C)[C@H]1CC[C@]2(O)C(=O)CSc1ccccn1,8.815
149,C[C@]12Cc3cnn(-c4ccc(F)cc4)c3C=C1CC[C@@H]1[C@@H]2[C@@H](O)C[C@@]2(C)[C@H]1CC[C@]2(O)C(=O)CSc1ncccn1,8.32
150,C[C@]12Cc3cnn(-c4ccccc4)c3C=C1CC[C@@H]1[C@@H]2[C@@H](O)C[C@@]2(C)[C@H]1CC[C@]2(O)C(=O)CSc1ccccn1,8.45
151,C[C@]12Cc3cnn(C4CCCCC4)c3C=C1CC[C@@H]1[C@@H]2[C@@H](O)C[C@@]2(C)[C@H]1CC[C@]2(O)C(=O)CSc1ccccn1,7.86
152,C[C@]12Cc3cnn(C4CCCCC4)c3C=C1CC[C@@H]1[C@@H]2[C@@H](O)C[C@@]2(C)[C@H]1CC[C@]2(O)C(=O)CSc1ncccn1,8.14
153,C[C@H](NC(=O)C(F)(F)F)[C@H](Oc1ccc(C#N)cc1Br)c1cnc(C2CC2)nc1,8.61
154,C[C@H](NC(=O)C(C)(F)F)[C@H](Oc1ccc(C#N)cc1Br)c1cnc(C2CC2)nc1,8.79
155,C[C@H](NC(=O)C(C)(F)F)[C@H](Oc1ccc(C#N)cc1Cl)c1cnc(C2CC2)nc1,8.11
156,CC[C@H](NC(=O)C(F)(F)F)[C@H](Oc1ccc(C#N)cc1Br)c1cnc(C2CC2)nc1,8.025
157,N#Cc1ccc(O[C@H](c2cnc(C3CC3)nc2)[C@H](CO)NC(=O)C(F)(F)F)c(Br)c1,7.38
158,C[C@]12Cc3cnn(-c4ccc(F)cc4)c3C=C1CC[C@@H]1[C@@H]2[C@@H](O)C[C@@]2(C)[C@H]1CC[C@]2(O)C(=O)CSc1nccc2ccccc12,8.115
159,CCn1ncc2c(Cl)c(C(=O)NCc3ccc(Cl)c(C(F)(F)F)c3)cnc21,7.2
160,Cc1nn(C)c2ncc(C(=O)NCc3ccc(Cl)c(C(F)(F)F)c3)c(Cl)c12,7.2
161,C[C@H](NC(=O)C(C)(F)F)[C@H](Oc1ccc2c(cnn2-c2cccc(C(=O)NCc3cccnc3)c2)c1)c1ccc2c(c1)OCOC2,9.576666666666666
162,C[C@H](NC(=O)C(C)(F)F)[C@H](Oc1ccc2c(cnn2-c2cccc(C(=O)NCc3cccnc3)c2)c1)c1ccc2c(c1)OCCO2,9.58
163,C[C@H](NC(=O)C(C)(F)F)[C@H](Oc1ccc2c(cnn2-c2cccc(C(=O)NCc3ccccc3)c2)c1)c1ccc2c(c1)OCOC2,9.0
164,CC1(C)O[C@@H]2CC3C4C[C@H](F)C5=CC(=O)C=C[C@]5(C)[C@@]4(F)[C@@H](O)C[C@]3(C)[C@]2(C(=O)CSC2CCOC2=O)O1,8.325
165,C[C@]12CCC(=O)C=C1CC[C@@H]1[C@@H]2[C@@H](O)C[C@@]2(C)[C@H]1CC[C@]2(O)C(=O)CSc1cnc2ccccc2n1,7.66
166,C[C@@H]1C[C@H]2[C@@H]3CCC4=CC(=O)C=C[C@]4(C)[C@H]3[C@@H](O)C[C@]2(C)[C@@]1(O)C(=O)CSc1cnc2ccccc2n1,7.42
167,C[C@@H]1C[C@H]2[C@@H]3CCC4=CC(=O)C=C[C@]4(C)[C@H]3[C@@H](O)C[C@]2(C)[C@@]1(O)C(=O)CSc1ccc2ccccc2n1,7.33
168,C[C@]12C=CC(=O)C=C1CC[C@@H]1[C@@H]2[C@@H](O)C[C@@]2(C)[C@H]1CC[C@]2(O)C(=O)CSc1ncc2ccccc2n1,7.16
169,C[C@]12C=CC(=O)C=C1CC[C@@H]1[C@@H]2[C@@H](O)C[C@@]2(C)[C@H]1CC[C@]2(O)C(=O)CSc1ccc2ccccc2n1,7.15
170,C[C@]12CCC(=O)C=C1CC[C@@H]1[C@@H]2[C@@H](O)C[C@@]2(C)[C@H]1CC[C@]2(O)C(=O)CSc1ccc2ccccc2n1,7.615
171,C=CCC1Oc2cccc(OC)c2-c2ccc3c(c21)C(C)=CC(C)(C)N3,7.845
172,COc1cccc2c1-c1ccc3c(c1C(CC=C(C)C)O2)C(C)=CC(C)(C)N3,7.64
173,C/C=C/CC1Oc2cccc(OC)c2-c2ccc3c(c21)C(C)=CC(C)(C)N3,7.42
174,C/C=C\CC1Oc2cccc(OC)c2-c2ccc3c(c21)C(C)=CC(C)(C)N3,7.525
175,C=CC(C)C1Oc2cccc(OC)c2-c2ccc3c(c21)C(C)=CC(C)(C)N3,7.4
176,C=C(C)CC1Oc2cccc(OC)c2-c2ccc3c(c21)C(C)=CC(C)(C)N3,7.28
177,COc1cccc2c1-c1ccc3c(c1C(CC=C(F)F)O2)C(C)=CC(C)(C)N3,7.41
178,COC(=O)/C=C/CC1Oc2cccc(OC)c2-c2ccc3c(c21)C(C)=CC(C)(C)N3,7.06
179,CC/C=C\CC1Oc2cccc(OC)c2-c2ccc3c(c21)C(C)=CC(C)(C)N3,7.055
180,CC#C[C@@]1(O)CC[C@@]2(CC)c3ccc(OCc4cccnc4C)cc3CC[C@@H]2C1,8.42
181,CC#C[C@@]1(O)CC[C@@]2(CC)c3ccc(OCc4ccncc4)cc3CC[C@@H]2C1,8.015
182,CC#C[C@]1(O)C[C@H]2CCc3cc(OCc4cccnc4C)ccc3[C@]2(CC)C[C@@H]1O,8.15
183,C[C@@H]1C[C@H]2[C@@H]3CCC4=CC(=O)C=C[C@]4(C)[C@H]3[C@@H](O)C[C@]2(C)[C@@]1(O)C(=O)CSc1nnc(-c2ccccc2)o1,7.69
184,C[C@]12CCC(=O)C=C1CC[C@@H]1[C@@H]2[C@@H](O)C[C@@]2(C)[C@H]1CC[C@]2(O)C(=O)CSc1nnc(-c2ccccc2)o1,7.385
185,C[C@@H]1C[C@H]2[C@@H]3CCC4=CC(=O)C=C[C@]4(C)[C@H]3[C@@H](O)C[C@]2(C)[C@@]1(O)C(=O)CSc1nccc2ccccc12,7.75
186,C[C@@H]1C[C@H]2[C@@H]3CCC4=CC(=O)C=C[C@]4(C)[C@H]3[C@@H](O)C[C@]2(C)[C@@]1(O)C(=O)CSc1ncnc2ccccc12,7.63
187,C[C@H](NC(=O)O[C@]1(C(=O)CO)[C@@H](C)C[C@H]2[C@@H]3CCC4=CC(=O)C=C[C@]4(C)[C@@]3(F)[C@@H](O)C[C@@]21C)c1ccccc1,8.89
188,C[C@@H](NC(=O)O[C@]1(C(=O)CO)[C@@H](C)C[C@H]2[C@@H]3CCC4=CC(=O)C=C[C@]4(C)[C@@]3(F)[C@@H](O)C[C@@]21C)c1ccccc1,8.28
189,COc1cccc2c1-c1ccc(NS(=O)(=O)c3cccs3)cc1C(c1ccccc1)O2,7.39
190,COc1cccc2c1-c1ccc(NS(C)(=O)=O)cc1C(c1ccc(Oc3ccccc3)cc1)O2,7.2
191,Cc1nc(SCC(=O)[C@@]2(OC(=O)c3ccco3)CC[C@H]3[C@@H]4CCC5=CC(=O)CC[C@]5(C)[C@H]4[C@@H](O)C[C@@]32C)sc1C,9.05
192,Cc1cc(C)c(S(=O)(=O)N[C@@H](C)COc2ccc3c(cnn3-c3ccc(F)cc3)c2)c(C)c1,7.01
193,Cc1c(NS(C)(=O)=O)cccc1N(Cc1ccccc1)Cc1ccc(Oc2cccc(OCCCC(=O)NCCCC(=O)O)c2)cc1,8.145
194,Cc1c(NS(C)(=O)=O)cccc1N(Cc1ccccc1)Cc1ccc(Oc2ccc(CCCC(=O)NCCCC(=O)O)cc2)cc1,8.85
195,Cc1c(NS(C)(=O)=O)cccc1N(Cc1ccccc1)Cc1ccc(Oc2ccc(CCCC(=O)NCCC(=O)O)cc2)cc1,8.82
196,Cc1c(NS(C)(=O)=O)cccc1N(Cc1ccccc1)Cc1ccc(Oc2ccc(CCCC(=O)NCC(=O)O)cc2)cc1,8.8
197,Cc1c(NS(C)(=O)=O)cccc1N(Cc1ccc(Oc2ccc(Br)c(OCC(=O)O)c2)cc1)Cc1ccc(F)cc1F,8.74
198,Cc1c(NS(C)(=O)=O)cccc1N(Cc1ccccc1)Cc1ccc(Oc2ccc(OC[C@@H](O)C[C@@H](O)CC(=O)O)cc2)cc1,8.68
199,COCCOc1cccc(Oc2ccc(CN(Cc3ccccc3)c3cccc(NS(C)(=O)=O)c3C)cc2)c1,7.88
200,Cc1c(NS(C)(=O)=O)cccc1N(Cc1ccc(Oc2ccc(Cl)c(OCC(=O)O)c2)cc1)Cc1ccc(F)cc1F,8.59
201,Cc1c(NS(C)(=O)=O)cccc1N(Cc1ccccc1)Cc1ccc(Oc2ccccc2)cc1,8.57
202,CC(=O)NCCOc1cccc(Oc2ccc(CN(Cc3ccccc3)c3cccc(NS(C)(=O)=O)c3C)cc2)c1,8.54
203,Cc1c(NS(C)(=O)=O)cccc1N(Cc1ccccc1)Cc1ccc(Oc2ccc(OCCCC(=O)NCCCC(=O)O)cc2)cc1,8.41
204,O=C(O)Cc1cc(Br)c(N(Cc2ccc(Oc3ccc(F)cc3F)cc2)Cc2cc(F)cc(F)c2)c(Br)c1,8.35
205,Cc1c(NS(C)(=O)=O)cccc1N(Cc1ccc(Oc2ccc(F)c(OCC(=O)O)c2)cc1)Cc1cc(F)cc(F)c1,8.34
206,Cc1c(NS(C)(=O)=O)cccc1N(Cc1ccc(Oc2ccc(F)c(OCC(=O)O)c2)cc1)Cc1ccc(F)cc1F,8.32
207,CC(=O)NCCCOc1cccc(Oc2ccc(CN(Cc3ccccc3)c3cccc(NS(C)(=O)=O)c3C)cc2)c1,8.27
208,Cc1c(NS(C)(=O)=O)cccc1N(Cc1ccccc1)Cc1ccc(Oc2ccc(OCC(=O)O)cc2)cc1,8.27
209,Cc1c(NS(C)(=O)=O)cccc1N(Cc1ccccc1)Cc1ccc(Oc2cccc(CCNC(=O)CCCC(=O)O)c2)cc1,8.19
210,Cc1c(NS(C)(=O)=O)cccc1N(Cc1ccc(Oc2ccc(CCC(=O)O)cc2)cc1)Cc1ccc(F)cc1F,8.16
211,Cc1c(NS(C)(=O)=O)cccc1N(Cc1ccccc1)Cc1ccc(Oc2ccc(CCCC(=O)O)cc2)cc1,8.06
212,Cc1c(NS(C)(=O)=O)cccc1N(Cc1ccccc1)Cc1ccc(Oc2cccc(OCCCC(=O)O)c2)cc1,7.96
213,Cc1c(NS(C)(=O)=O)cccc1N(Cc1ccccc1)Cc1ccc(Oc2cccc(OCC(=O)NCCCC(=O)O)c2)cc1,7.96
214,Cc1c(NS(C)(=O)=O)cccc1N(Cc1ccccc1)Cc1ccc(Oc2cccc(CCNC(=O)CCC(=O)O)c2)cc1,7.96
215,Cc1c(NS(C)(=O)=O)cccc1N(Cc1ccccc1)Cc1ccc(C(=O)c2ccccc2)cc1,7.89
216,Cc1c(NS(C)(=O)=O)cccc1N(Cc1ccc(Oc2cccc(OC[C@@H](O)C[C@@H](O)CC(=O)O)c2)cc1)Cc1ccc(F)cc1F,7.82
217,Cc1c(NS(C)(=O)=O)cccc1N(Cc1ccc(Oc2ccccc2)cc1)Cc1ccc(F)cc1F,7.35
218,Cc1c(NS(C)(=O)=O)cccc1N(Cc1ccccc1)Cc1ccc(Oc2cccc(CCC(=O)O)c2)cc1,7.58
219,Cc1c(NS(C)(=O)=O)cccc1N(Cc1ccccc1)Cc1ccc(Oc2ccc(CCC(=O)O)cc2)cc1,7.47
220,O=C(O)Cc1cc(Br)c(N(Cc2ccc(Oc3ccccc3F)cc2)Cc2cc(F)cc(F)c2)c(Br)c1,7.34
221,Cc1c(NS(C)(=O)=O)cccc1N(Cc1ccc(Oc2ccccc2)cc1)Cc1cccc(CCCC(=O)O)c1,7.25
222,Cc1c(NS(C)(=O)=O)cccc1N(Cc1ccccc1)Cc1ccc(Oc2cccc(OCC(=O)O)c2)cc1,7.2
223,Cc1c(NS(C)(=O)=O)cccc1N(Cc1ccccc1)Cc1ccc(Oc2cccc(CCCC(=O)O)c2)cc1,7.12
224,O=C(O)Cc1cc(Br)c(N(Cc2ccc(Oc3ccc(Cl)cc3Cl)cc2)Cc2cc(F)cc(F)c2)c(Br)c1,7.02
225,Cc1c(NS(C)(=O)=O)cccc1N(Cc1ccccc1)Cc1ccc(Cl)cc1F,8.24
226,CCc1c(NS(C)(=O)=O)cccc1N(Cc1ccccc1)Cc1ccccc1,7.92
227,C=CCOc1ccc(CN(Cc2ccccc2)c2cccc(NS(C)(=O)=O)c2C)cc1,7.89
228,Cc1c(NS(C)(=O)=O)cccc1N(Cc1ccccc1)Cc1ccccc1F,7.85
229,Cc1c(NS(C)(=O)=O)cccc1N(Cc1ccccc1)Cc1ccc(Cl)cc1,7.77
230,Cc1c(NS(C)(=O)=O)cccc1N(Cc1ccccc1)Cc1ccccc1,7.55
231,Cc1c(NS(C)(=O)=O)cccc1N(Cc1ccccc1)Cc1ccccc1Cl,7.44
232,Cc1c(NS(C)(=O)=O)cccc1N(Cc1ccccc1)Cc1cccc(F)c1,7.38
233,Cc1c(NS(C)(=O)=O)cccc1N(Cc1ccccc1)Cc1ccc(F)cc1,7.33
234,Cc1ccccc1CN(Cc1ccccc1)c1cccc(NS(C)(=O)=O)c1C,7.32
235,CS(=O)(=O)Nc1cccc(N(Cc2ccccc2)Cc2ccccc2)c1CO,7.25
236,Cc1ccc(CN(Cc2ccccc2)c2cccc(NS(C)(=O)=O)c2C)cc1,7.24
237,Cc1c(NS(C)(=O)=O)cccc1N(Cc1ccccc1)Cc1ccccc1C#N,7.22
238,Cc1c(NS(C)(=O)=O)cccc1N(Cc1ccccc1)C(C)c1ccccc1,7.15
239,Cc1c(NS(C)(=O)=O)cccc1N(Cc1ccccc1)Cc1ccccc1Br,7.02
240,Cc1c(NS(C)(=O)=O)cccc1N(Cc1ccccc1)Cc1ccc(F)cc1F,7.41
241,COc1ccc(CN(Cc2ccccc2)c2cccc(NS(C)(=O)=O)c2C)cc1,7.0
242,CC(C)(CC(O)(CC1CCCCC1)C(=O)Nc1ccc2c(c1)COC2=O)c1ccccc1,8.05
243,CC(C)(CC(O)(Cc1ccccc1)C(=O)Nc1ccc2c(c1)COC2=O)c1ccccc1,7.89
244,CC(C)(CC(O)(CC1CCCCC1)C(=O)Nc1ccc2c(c1)COC2=O)c1cc(F)ccc1O,7.7
245,Cc1ccccc1CC(O)(CC(C)(C)c1cc(F)ccc1O)C(=O)Nc1ccc2c(c1)COC2=O,7.32
246,Cc1cccc(CC(O)(CC(C)(C)c2cc(F)ccc2O)C(=O)Nc2ccc3c(c2)COC3=O)c1,7.28
247,COc1ccc(F)cc1C(C)(C)CC(O)(Cc1ccccc1)C(=O)Nc1ccc2c(c1)COC2=O,7.28
248,CC(C)(CC(O)(Cc1ccccc1)C(=O)Nc1ccc2c(c1)COC2=O)c1cc(F)ccc1O,7.22
249,CC(C)(CC(O)(Cc1ccccc1O)C(=O)Nc1ccc2c(c1)COC2=O)c1ccccc1,7.21
250,CC(C)(C)c1ccc(CC(O)(CC(C)(C)c2ccccc2)C(=O)Nc2ccc3c(c2)COC3=O)cc1,7.14
251,COc1ccc(F)cc1C(C)(C)CC(O)(CNc1ccc2c(c1)COC2=O)Cc1ccccc1,7.09
252,Cc1ccc([C@@H](Oc2ccc(C(=O)O[C@H]3CCCN(C(=O)[C@H]4COC(=O)C4)C3)cc2)[C@H](C)NC(=O)C(F)(F)F)cc1,8.7
253,Cc1ccc([C@@H](Oc2ccc(C(=O)N[C@H]3CCCN(C(=O)[C@H]4COC(=O)C4)C3)nc2)[C@H](C)NC(=O)C(F)(F)F)cc1,8.15
254,Cc1ccc([C@@H](Oc2ccc(C(=O)N[C@H]3CCCN(C(=O)[C@H]4CCC(=O)O4)C3)nc2)[C@H](C)NC(=O)C(F)(F)F)cc1,8.15
255,Cc1ccc([C@@H](Oc2ccc(C(=O)N[C@H]3CCCN(C(=O)[C@@H]4COC(=O)C4)C3)nc2)[C@H](C)NC(=O)C(F)(F)F)cc1,8.1
256,Cc1ccc([C@@H](Oc2ccc(C(=O)N[C@@H]3CCCN(C(=O)[C@H]4COC(=O)C4)C3)nc2)[C@H](C)NC(=O)C(F)(F)F)cc1,7.68
257,Cc1ccc([C@@H](Oc2ccc(C(=O)N[C@@H]3CCCN(C(=O)[C@@H]4COC(=O)C4)C3)nc2)[C@H](C)NC(=O)C(F)(F)F)cc1,7.47
258,Cc1ccc([C@@H](Oc2ccc(C(=O)N[C@H]3CCCN(C(=O)[C@@H]4CCC(=O)O4)C3)nc2)[C@H](C)NC(=O)C(F)(F)F)cc1,7.14
259,Cc1ccc([C@@H](Oc2ccc(C(=O)N[C@H]3CCCN(C(=O)[C@H]4COC(=O)C4)C3)cc2)[C@H](C)NC(=O)C(F)(F)F)cc1,7.1
260,Cc1ccc([C@@H](Oc2ccc(C(=O)N[C@@H]3CCCN(C(=O)[C@H]4CCC(=O)O4)C3)nc2)[C@H](C)NC(=O)C(F)(F)F)cc1,7.05
261,C[C@H](NC(=O)C1CC1)[C@H](Oc1ccc2c(cnn2-c2ccc(F)cc2)c1)c1ccccc1,9.21
262,COc1cccc([C@@H](Oc2ccc3c(cnn3-c3ccc(F)cc3)c2)[C@H](C)NS(=O)(=O)C2CC2)c1,9.21
263,C[C@H](NS(=O)(=O)C1CC1)[C@H](Oc1ccc2c(cnn2-c2ccc(F)cc2)c1)c1ccc(S(C)(=O)=O)cc1,8.725
264,COc1ccc([C@@H](Oc2ccc3c(cnn3-c3ccc(F)cc3)c2)[C@H](C)NC(=O)C2CC2)cn1,8.622
265,C[C@H](NS(=O)(=O)C1CC1)[C@H](Oc1ccc2c(cnn2-c2ccc(F)cc2)c1)c1ccccc1,8.63
266,C[C@H](NC(=O)C1CC1)[C@H](Oc1ccc2c(cnn2-c2ccc(F)cc2)c1)c1cccnc1,8.05
267,CSc1ccc([C@@H](Oc2ccc3c(cnn3-c3ccc(F)cc3)c2)[C@H](C)NS(=O)(=O)C2CC2)cc1,8.395
268,Cc1c(NS(C)(=O)=O)cccc1N(Cc1ccccc1)Cc1ccc(Oc2ccc(CCC(=O)NCCO[C@@H]3CC[C@]4(C)[C@H](C3)C[C@H](O)[C@@H]3[C@@H]4C[C@@H](O)[C@]4(C)[C@H]3CC[C@H]4[C@@H](C)CCC(=O)O)cc2)cc1,7.77
269,Cc1c(NS(C)(=O)=O)cccc1N(Cc1ccccc1)Cc1ccc(Oc2ccc(CCCC(=O)NCCO[C@H]3CC[C@@]4(C)[C@@H](C3)C[C@@H](O)[C@@H]3[C@@H]4C[C@H](O)[C@]4(C)[C@@H]([C@H](C)CCC(=O)O)CC[C@@H]34)cc2)cc1,7.3
270,Cc1noc(=O)c2ccc(NC(=O)C(O)(Cc3ccccc3)CC(C)(C)c3ccccc3)cc12,8.15
271,Cc1noc(=O)c2ccc(NC(=O)C(O)(CC3CCCCC3)CC(C)(C)c3cc(F)ccc3O)cc12,8.15
272,Cc1noc(=O)c2ccc(NC(=O)C(O)(Cc3ccccc3)CC(C)(C)c3cc(F)ccc3O)cc12,8.1
273,Cc1noc(=O)c2ccc(NC(=O)C(O)(CC3CCCCC3)CC(C)(C)c3ccccc3)cc12,8.05
274,Cc1noc(=O)c2ccc(NC(=O)C(O)(CC3(C4CCC4)CCCc4ccccc43)C(F)(F)F)cc12,8.165
275,C[C@H](NC(=O)[C@H]1CCCO1)[C@H](Oc1ccc(C(=O)O[C@H]2CCCN(C(=O)[C@H]3COC(=O)C3)C2)cc1)c1ccc(C2CC2)cc1,8.7
276,C[C@H](NC(=O)[C@@H]1CCCO1)[C@H](Oc1ccc(C(=O)O[C@H]2CCCN(C(=O)[C@H]3COC(=O)C3)C2)cc1)c1ccc(C2CC2)cc1,7.66
277,Cc1c(NS(C)(=O)=O)cccc1N(Cc1ccc(Oc2cccc(OC[C@@H]3C[C@@H](O)CC(=O)O3)c2)cc1)Cc1ccc(F)cc1F,7.6
278,Cc1nnc(C(=O)N[C@@H](C)[C@H](Oc2ccc3c(cnn3-c3ccc(F)cc3)c2)c2ccccc2)o1,10.05
279,Cc1nc(C(=O)N[C@@H](C)[C@H](Oc2ccc3c(cnn3-c3ccc(F)cc3)c2)c2ccccc2)no1,10.05
280,Cc1nnc(C(=O)N[C@@H]([C@H](C)O)[C@H](Oc2ccc3c(cnn3-c3ccc(F)cc3)c2)c2cc(F)cc(F)c2)o1,8.3
281,C=CCO[C@H]1C[C@@]2(C)[C@@H](CC[C@@]2(O)C#CC)[C@@H]2CCc3cc(C(=O)Nc4cccnc4C)ccc3[C@H]21,10.52
282,Cc1ncccc1NC(=O)c1ccc2c(c1)CC[C@@H]1[C@@H]2[C@@H](O)C[C@@]2(C)[C@H]1CC[C@@]2(O)C#CC(C)C,7.43
283,C=CCOC(=O)O[C@H]1C[C@@]2(C)[C@@H](CC[C@@]2(O)C#CC)[C@@H]2CCc3cc(C(=O)Nc4cccnc4C)ccc3[C@H]21,7.08
284,Cc1ccc(NC(=O)c2ccc3c(c2)CC[C@@H]2[C@@H]3[C@@H](O)C[C@]3(C)[C@@H](O)CC[C@@H]23)cn1,7.04
285,Cc1c(NS(C)(=O)=O)cccc1N(Cc1ccccc1)Cc1ccc(Oc2cccc(OCC(=O)NCCO[C@H]3CC[C@@]4(C)[C@@H](C3)C[C@@H](O)[C@@H]3[C@@H]4C[C@H](O)[C@]4(C)[C@@H]([C@H](C)CCC(=O)O)CC[C@@H]34)c2)cc1,7.24
286,N#Cc1ccc(O[C@H](c2cnc(C3CC3)nc2)[C@@H](NC(=O)C(F)(F)F)C2CC2)c(Br)c1,7.765
287,C[C@H](NC(=O)C(C)(F)F)[C@H](Oc1ccc2c(cnn2-c2cccc(C(=O)N3CCC[C@@H]3C(N)=O)c2)c1)c1ccc2c(c1)OCCO2,9.76
288,C[C@H](NC(=O)C(C)(F)F)[C@H](Oc1ccc2c(cnn2-c2cccc(C(=O)N3CCC[C@@H]3C(N)=O)c2)c1)c1ccc2c(c1)OCOC2,9.515
289,C[C@H](NC(=O)C(C)(F)F)[C@H](Oc1ccc2c(cnn2-c2ccc(=O)n(CC3CC3)c2)c1)c1ccccc1,8.36
290,CCN(CC(O)(CNC(=O)c1cnn(-c2ccc(F)cc2)c1N)C(F)(F)F)C(=O)c1ccc2[nH]ccc2c1,8.2
291,C[C@H](NC(=O)C(C)(F)F)[C@H](Oc1ccc2c(cnn2-c2cccc(C(=O)NC3CCS(=O)(=O)C3)c2)c1)c1ccccc1,8.46
292,C[C@H](NC(=O)C(C)(F)F)[C@H](Oc1ccc2c(cnn2-c2cccc(C(=O)N[C@@H]3CCOC3=O)c2)c1)c1ccccc1,7.81
293,COc1ccc(F)cc1C(C)(C)CC(O)(Cc1cc2ccncc2[nH]1)C1CCC1,7.77
294,Cc1noc(=O)c2ccc(NC(=O)C(O)(CC3(C4CCCCC4)CCCc4ccccc43)C(F)(F)F)cc12,8.275
295,Cc1noc(=O)c2ccc(NC(=O)C(O)(CC3(c4ccccc4)CCCc4ccccc43)C(F)(F)F)cc12,7.84
296,C[C@H](NC(=O)C(F)(F)F)[C@H](Oc1ccc(C(=O)O[C@H]2CCCN(C(=O)[C@H]3COC(=O)C3)C2)cc1)c1ccc(C2CC2)cc1,9.0
297,Cc1noc(=O)c2ccc(NC(=O)[C@](O)(C[C@@]3(C4CCCC4)CCCc4ccccc43)C(F)(F)F)cc12,8.016666666666666
298,Cc1noc(=O)c2ccc(NC(=O)C(O)(CC3(C4CCCC4)CCCc4ccccc43)C(F)(F)F)cc12,8.016666666666666
299,Cc1c(NS(C)(=O)=O)cccc1N(Cc1ccccc1)Cc1ccc(Oc2ccc(CCC(=O)NCCCN3CCCC3=O)cc2)cc1,8.66
300,Cc1noc(=O)c2ccc(NC(=O)C(O)(CC3(C4CC4)CCCc4ccccc43)C(F)(F)F)cc12,8.175
301,Cc1c(NS(C)(=O)=O)cccc1N(Cc1ccccc1)Cc1ccc(Oc2cccc(OCCCN3CCOCC3)c2)cc1,7.72
302,COc1ccc([C@@H](Oc2ccc3c(cnn3-c3ccc(F)cc3)c2)[C@H](Cc2ccccc2)NC(=O)C(C)(F)F)cn1,7.746666666666665
303,C[C@H](NC(=O)C(C)(F)F)[C@H](Oc1ccc2c(cnn2-c2cccc(C(=O)N3CCC[C@@H]3C(N)=O)c2)c1)c1ccccc1,9.32
304,C[C@H](NC(=O)C(C)(F)F)[C@H](Oc1ccc2c(cnn2-c2cccc(C(=O)N3CCC[C@H]3C(N)=O)c2)c1)c1ccccc1,7.77
305,C[C@]12Cc3cnn(-c4ccc(F)cc4)c3C=C1CCC[C@@H]2[C@H](O)c1csc2ccccc12,8.82
306,C[C@]12Cc3cnn(-c4ccc(F)cc4)c3C=C1CCC[C@@H]2[C@@H](O)c1csc2ccccc12,8.29
307,CC1(C)Nc2c(cc(-c3cccc4nccn34)c3c2CCC3)C(C)(C)C1=O,7.68
308,CC1(C)Nc2c(cc(-c3cccn4nccc34)c3c2CCC3)C(C)(C)C1=O,7.08
309,CC1(C)Nc2c(cc(-c3cccc4nncn34)c3c2CCC3)C(C)(C)C1=O,7.04
310,CC1(C)Nc2c(cc(-c3cncc4nccn34)c3c2CCC3)C(C)(C)C1=O,7.03
311,CC#C[C@]1(O)CC[C@H]2[C@@H]3CCC4=CC(=O)CCC4=C3[C@@H](c3ccc(OC)c(C)c3)C[C@@]21C,9.48
312,C=CCOc1ccc([C@H]2C[C@@]3(C)[C@@H](CC[C@@]3(O)C#CC)[C@@H]3CCC4=CC(=O)CCC4=C32)cc1Cl,8.865
313,CC#C[C@]1(O)CC[C@H]2[C@@H]3CCC4=CC(=O)CCC4=C3[C@@H](c3cc(C)c(OC)c(C)c3)C[C@@]21C,8.975
314,CC#C[C@]1(O)CC[C@H]2[C@@H]3CCC4=CC(=O)CCC4=C3[C@@H](c3ccc(SC)cc3)C[C@@]21C,8.98
315,CC#C[C@]1(O)CC[C@H]2[C@@H]3CCC4=CC(=O)CCC4=C3[C@@H](c3c(F)cc(OC)cc3F)C[C@@]21C,8.575
316,CC#C[C@]1(O)CC[C@H]2[C@@H]3CCC4=CC(=O)CCC4=C3[C@@H](c3ccc(OC)cc3)C[C@@]21C,8.585
317,CC#C[C@]1(O)CC[C@H]2[C@@H]3CCC4=CC(=O)CCC4=C3[C@@H](c3ccc(N(C)C)cc3)C[C@@]21C,8.450416666666666
318,C=CCOc1c(C)cc([C@H]2C[C@@]3(C)[C@@H](CC[C@@]3(O)C#CC)[C@@H]3CCC4=CC(=O)CCC4=C32)cc1Cl,8.25
319,CC#C[C@]1(O)CC[C@H]2[C@@H]3CCC4=CC(=O)CCC4=C3[C@@H](c3ccc(C(C)C)cc3)C[C@@]21C,8.71
320,CC#C[C@]1(O)CC[C@H]2[C@@H]3CCC4=CC(=O)CCC4=C3[C@@H](c3cc(F)c(OC)cc3F)C[C@@]21C,8.155
321,CC#C[C@]1(O)CC[C@H]2[C@@H]3CCC4=CC(=O)CCC4=C3[C@@H](c3ccc(O)c(C)c3)C[C@@]21C,7.945
322,CC#C[C@]1(O)CCC2C3CCC4CC(=O)CCC4=C3C(c3ccc(N(C)C)cc3)C[C@@]21C,8.3
323,CN(C)c1ccc([C@H]2C[C@@]3(C)[C@@H](CC[C@@]3(O)C#CC(C)(C)C)[C@@H]3CCC4=CC(=O)CC[C@@H]4[C@H]32)cc1,8.25
324,CC(C)N(C)c1ccc([C@H]2C[C@@]3(C)[C@@H](CC[C@@]3(O)C#CC(C)(C)C)[C@@H]3CCC4=CC(=O)CC[C@@H]4[C@H]32)cc1,7.798
325,CC#C[C@]1(O)CC[C@H]2[C@@H]3CCC4=CC(=O)CCC4=C3[C@@H](c3c(F)cc(OC)cc3OC)C[C@@]21C,7.79
326,CC#C[C@]1(O)CC[C@H]2[C@@H]3CCC4=CC(=O)CCC4=C3[C@@H](c3ccc(N(C)C[C@@H](O)C[C@@H](O)CC(=O)O)cc3)C[C@@]21C,7.96
327,CCC#C[C@]1(O)CC[C@H]2[C@@H]3CCC4=CC(=O)CCC4=C3[C@@H](c3ccc(N(C)C)cc3)C[C@@]21C,8.07
328,CC#C[C@]1(O)CC[C@H]2[C@@H]3CCC4=CC(=O)CCC4=C3[C@@H](c3ccc(OC)cc3C)C[C@@]21C,7.775
329,CC#C[C@]1(O)CC[C@H]2[C@@H]3CCC4=CC(=O)CCC4=C3[C@@H](c3ccc(OC[C@@H](O)C[C@@H](O)CC(=O)O)cc3)C[C@@]21C,8.04
330,CC#C[C@]1(O)CC[C@H]2[C@@H]3CCC4=CC(=O)CCC4=C3[C@@H](c3ccc(P(C)(C)=O)cc3)C[C@@]21C,8.0
331,CN(C)c1ccc([C@H]2C[C@@]3(C)[C@@H](CC[C@@]3(O)C#CC(F)(F)F)[C@@H]3CCC4=CC(=O)CCC4=C32)cc1,7.95
332,CN(C)c1cc(F)c([C@H]2C[C@@]3(C)[C@@H](CC[C@@]3(O)C#CC(C)(C)C)[C@@H]3CCC4=CC(=O)CCC4=C32)c(F)c1,7.91
333,CCC(C)(C)C#C[C@]1(O)CC[C@H]2[C@@H]3CCC4=CC(=O)CC[C@@H]4[C@H]3[C@@H](c3ccc(N(C)C)cc3)C[C@@]21C,7.9
334,CCN(CC)c1ccc([C@H]2C[C@@]3(C)[C@@H](CC[C@@]3(O)C#CC(C)(C)C)[C@@H]3CCC4=CC(=O)CC[C@@H]4[C@H]32)cc1,7.86
335,CC#C[C@]1(O)CC[C@H]2[C@@H]3CCC4=CC(=O)CCC4=C3[C@@H](c3ccccc3)C[C@@]21C,7.85
336,CN(C)c1ccc([C@H]2C[C@@]3(C)[C@@H](CC[C@@]3(O)C#CC(C)(C)C)[C@@H]3CCC4=CC(=O)CCC4=C32)cc1,8.02
337,COC(C)(C)C#C[C@]1(O)CC[C@H]2[C@@H]3CCC4=CC(=O)CC[C@@H]4[C@H]3[C@@H](c3ccc(N(C)C)cc3)C[C@@]21C,7.84
338,CC(C)c1ccc([C@H]2C[C@@]3(C)[C@@H](CC[C@@]3(O)C#CC(C)(C)C)[C@@H]3CCC4=CC(=O)CCC4=C32)cc1,7.8
339,Cc1ccc([C@H]2C[C@@]3(C)[C@@H](CC[C@@]3(O)C#CC(C)(C)C)[C@@H]3CCC4=CC(=O)CCC4=C32)cc1,7.79
340,COc1ccc([C@H]2C[C@@]3(C)[C@@H](CC[C@@]3(O)C#CC(C)(C)C)[C@@H]3CCC4=CC(=O)CCC4=C32)cc1,7.78
341,CCc1ccc([C@H]2C[C@@]3(C)[C@@H](CC[C@@]3(O)C#CC(C)(C)C)[C@@H]3CCC4=CC(=O)CCC4=C32)cc1,7.76
342,CC#C[C@]1(O)CC[C@H]2[C@@H]3CCC4=CC(=O)CCC4=C3[C@@H](C3CCCCC3)C[C@@]21C,7.74
343,CC#C[C@]1(O)CC[C@H]2[C@@H]3CCC4=CC(=O)CC[C@]4(C)[C@H]3[C@@H](c3ccc(N(C)C(C)C)cc3)C[C@@]21C,7.69
344,CC(C)C#C[C@]1(O)CC[C@H]2[C@@H]3CCC4=CC(=O)CCC4=C3[C@@H](c3ccc(N(C)C)cc3)C[C@@]21C,7.58
345,CN(C)c1ccc([C@H]2C[C@]3(C)[C@@H](CC[C@]3(O)CCCO)[C@@H]3CCC4=CC(=O)CCC4=C32)cc1,7.57
346,Cc1cc([C@H]2C[C@@]3(C)[C@@H](CC[C@@]3(O)C#CC(C)(C)C)[C@@H]3CCC4=CC(=O)CCC4=C32)ccc1N(C)C,7.55
347,CC#C[C@]1(O)CC[C@H]2[C@@H]3CCC4=CC(=O)CC[C@]4(C)[C@H]3[C@@H](c3ccc(N(C)C)cc3)C[C@@]21C,7.803333333333333
348,CCCC[C@]1(O)CC[C@H]2[C@@H]3CCC4=CC(=O)CCC4=C3[C@@H](c3ccc(N(C)C)cc3)C[C@@]21C,7.5
349,CN(C)c1ccc([C@H]2C[C@@]3(C)[C@@H](CC[C@@]3(O)C#CC(C)(C)C)[C@@H]3CCC4=CC(=O)CC[C@]4(C)[C@H]32)cc1,7.47
350,CC#C[C@]1(O)CC[C@H]2[C@@H]3CCC4=CC(=O)CCC4=C3[C@@H](c3ccc(N(C)C[C@@H](O)CC(=O)O)cc3)C[C@@]21C,7.275
351,CN(C)c1c(F)cc([C@H]2C[C@@]3(C)[C@@H](CC[C@@]3(O)C#CC(C)(C)C)[C@@H]3CCC4=CC(=O)CCC4=C32)cc1F,7.37
352,CC(C)N(C)c1ccc([C@H]2C[C@@]3(C)[C@@H](CC[C@@]3(O)C#CC(C)(C)C)[C@@H]3CCC4=CC(=O)CCC4=C32)cc1,7.37
353,CN(C)c1ccc([C@H]2C[C@@]3(C)[C@@H](CC[C@@]3(O)C#CC(F)(F)F)[C@@H]3CCC4=CC(=O)CC[C@]4(C)[C@H]32)cc1,7.33
354,COc1cc([C@H]2C[C@@]3(C)[C@@H](CC[C@@]3(O)C#CC(C)(C)C)[C@@H]3CCC4=CC(=O)CCC4=C32)ccc1N(C)C,7.32
355,CC#C[C@]1(O)CC[C@H]2[C@@H]3CCC4=CC(=O)CC[C@]4(C)[C@H]3[C@@H](c3ccc(N(C)CCOC)cc3)C[C@@]21C,7.28
356,CN(C)c1ccc([C@H]2C[C@@]3(C)[C@@H](CC[C@@]3(O)C#CC(F)(F)F)[C@@H]3OCC4=CC(=O)CCC4=C32)cc1,7.26
357,CC#C[C@]1(O)CC[C@H]2[C@@H]3CCC4=CC(=O)CC[C@]4(C)[C@H]3[C@@H](c3ccc(OC)cc3)C[C@@]21C,7.23
358,CC#C[C@]1(O)CC[C@H]2[C@@H]3CCC4=CC(=O)CCC4=C3[C@@H](c3cc(OC)c(OC)c(OC)c3)C[C@@]21C,7.22
359,CC(C)C#C[C@]1(O)CC[C@H]2[C@@H]3CCC4=CC(=O)CC[C@]4(C)[C@H]3[C@@H](c3ccc(N(C)C)cc3)C[C@@]21C,7.21
360,CC#C[C@]1(O)CC[C@H]2[C@@H]3CCC4=CC(=O)CCC4=C3[C@@H](c3cccc(N(C)C)c3)C[C@@]21C,7.19
361,CCC#C[C@]1(O)CC[C@H]2[C@@H]3CCC4=CC(=O)CC[C@]4(C)[C@H]3[C@@H](c3ccc(N(C)C)cc3)C[C@@]21C,7.13
362,COC[C@]1(OC)CC[C@H]2[C@@H]3CCC4=CC(=O)CCC4=C3[C@@H](c3ccc(/C=N/O)cc3)C[C@@]21C,7.07
363,CC#C[C@]1(O)CC[C@H]2[C@@H]3OCC4=CC(=O)CCC4=C3[C@@H](c3ccc(N(C)C)cc3)C[C@@]21C,7.06
364,CC(C)(C)C#C[C@]1(O)CC[C@H]2[C@@H]3CCC4=CC(=O)CCC4=C3[C@@H](c3ccc(N4CCCC4)cc3)C[C@@]21C,7.71
365,CC#C[C@]1(O)CC[C@H]2[C@@H]3CCC4=CC(=O)CC[C@]4(C)[C@H]3[C@@H](c3ccc(-n4cccc4)cc3)C[C@@]21C,7.28
366,CC#C[C@]1(O)CC[C@H]2[C@@H]3CCC4=CC(=O)CC[C@]4(C)[C@H]3[C@@H](c3ccc(N4CCCC4)cc3)C[C@@]21C,7.24
367,CC(C)(C)C#C[C@]1(O)CC[C@H]2[C@@H]3CCC4=CC(=O)CCC4=C3[C@@H](c3ccc(C4(C)COC4)cc3)C[C@@]21C,8.02
368,CC1(C)O[C@@H]2C[C@H]3[C@@H]4CCC5=CC(=O)CC[C@]5(C)[C@@]4(F)[C@@H](O)C[C@]3(C)[C@]2(C(=O)CCl)O1,8.79
369,CC1(C)O[C@@H]2C[C@H]3[C@@H]4C[C@H](F)C5=CC(=O)C=C[C@]5(C)[C@@]4(F)[C@@H](O)C[C@]3(C)[C@]2(C(=O)CO)O1,8.5
370,CC1(C)O[C@@H]2C[C@H]3[C@@H]4CCC5=CC(=O)C=C[C@]5(C)[C@@]4(F)[C@@H](O)C[C@]3(C)[C@]2(C(=O)CO)O1,8.36
371,CC1(C)O[C@@H]2C[C@H]3[C@@H]4C[C@H](F)C5=CC(=O)CC[C@]5(C)[C@H]4[C@@H](O)C[C@]3(C)[C@]2(C(=O)CO)O1,8.35
372,CCCC1O[C@@H]2C[C@H]3[C@@H]4CCC5=CC(=O)C=C[C@]5(C)[C@H]4[C@@H](O)C[C@]3(C)[C@]2(C(=O)CO)O1,8.7175
373,CC(=O)OCC(=O)[C@@]12OC(C)(C)O[C@@H]1C[C@H]1[C@@H]3C[C@H](F)C4=CC(=O)C=C[C@]4(C)[C@@]3(F)[C@@H](O)C[C@@]12C,8.28
374,CC1(C)O[C@@H]2C[C@H]3[C@@H]4C[C@H](F)C5=CC(=O)C=C[C@]5(C)[C@H]4[C@@H](O)C[C@]3(C)[C@]2(C(=O)CO)O1,8.27
375,CC#C[C@]1(O)CC[C@H]2[C@@H]3CCc4cc(C(=O)Nc5cccnc5C)ccc4[C@H]3[C@@H](OCc3ccc(Cl)cc3)C[C@@]21C,10.15
376,CC#C[C@]1(O)CC[C@H]2[C@@H]3CCc4cc(C(=O)Nc5cccnc5C)ccc4[C@H]3[C@@H](OCc3ccccc3)C[C@@]21C,9.4
377,CC#C[C@]1(O)CC[C@H]2[C@@H]3CCc4cc(C(=O)Nc5cccnc5C)ccc4[C@H]3[C@@H](OCc3cccc(Cl)c3)C[C@@]21C,9.05
378,CC#C[C@]1(O)CC[C@H]2[C@@H]3CCc4cc(C(=O)Nc5cccnc5C)ccc4[C@H]3[C@@H](OCc3ccccc3Cl)C[C@@]21C,8.85
379,CS(=O)(=O)Nc1ccc2c(c1)C(c1ccccc1)Oc1cccc(OC(F)F)c1-2,7.97
380,COc1cccc2c1-c1ccc(NS(C)(=O)=O)cc1C(c1cccc(Cl)c1)O2,8.52
381,COc1cccc2c1-c1ccc(NS(C)(=O)=O)cc1C(c1cccc(F)c1)O2,7.82
382,COc1cccc2c1-c1ccc(NS(C)(=O)=O)cc1C(c1ccc(Cl)c(Cl)c1)O2,8.52
383,COc1cccc(C2Oc3cccc(OC)c3-c3ccc(NS(C)(=O)=O)cc32)c1,8.22
384,COc1cccc2c1-c1ccc(NS(C)(=O)=O)cc1C(c1ccc(C)cc1)O2,8.15
385,COc1cccc2c1-c1ccc(NS(C)(=O)=O)cc1C(c1ccc(Cl)cc1)O2,8.0
386,COc1cccc2c1-c1ccc(NS(C)(=O)=O)cc1C(c1ccccc1)O2,7.39
387,COc1cccc2c1-c1ccc(NS(C)(=O)=O)cc1C(c1cccc(C)c1)O2,8.34
388,CNc1cccc(C2Oc3cccc(OC)c3-c3ccc(NS(C)(=O)=O)cc32)c1,7.64
389,COc1cccc2c1-c1ccc(NS(C)(=O)=O)cc1C(c1ccc(F)cc1)O2,7.54
390,CCOC(=O)c1cccc(C2Oc3cccc(OC)c3-c3ccc(NS(C)(=O)=O)cc32)c1,7.51
391,COc1cccc2c1-c1ccc(NS(=O)(=O)N(C)C)cc1C(c1ccccc1)O2,7.39
392,COc1cccc2c1-c1ccc(NS(C)(=O)=O)cc1C(C1CCCCC1)O2,7.33
393,CCOC(=O)c1ccc(C2Oc3cccc(OC)c3-c3ccc(NS(C)(=O)=O)cc32)cc1,7.21
394,CCS(=O)(=O)Nc1ccc2c(c1)C(c1ccccc1)Oc1cccc(OC)c1-2,7.21
395,COc1cccc2c1-c1ccc(NC(C)=O)cc1C(c1ccccc1)O2,7.16
396,COc1cccc2c1-c1ccc(NS(C)(=O)=O)cc1C(c1cc(C)cc(C)c1)O2,7.905
397,CCOc1cccc2c1-c1ccc(NS(C)(=O)=O)cc1C(c1ccccc1)O2,7.09
398,CN(C)c1ccc([C@H]2C[C@@]3(C)[C@@H](CC[C@@]3(O)C#Cc3ccsc3)[C@@H]3OCC4=CC(=O)CCC4=C32)cc1,7.25
399,CC#C[C@]1(O)CC[C@H]2[C@@H]3CCC4=CC(=O)CCC4=C3[C@@H](c3ccc(N(C)C[C@@H]4C[C@@H](O)CC(=O)O4)cc3)C[C@@]21C,8.14
400,COc1cccc2c1-c1ccc3c(c1[C@H]([C@@H]1C=C(C)CCC1)O2)C(C)=CC(C)(C)N3,8.24
401,COc1cccc2c1-c1ccc3c(c1C(c1cccc(OCSC)c1)O2)C(C)=CC(C)(C)N3,8.083333333333332
402,COc1cccc2c1-c1ccc3c(c1C(c1cccc(OC(=O)N(C)C)c1)O2)C(C)=CC(C)(C)N3,7.906666666666665
403,COc1cccc2c1-c1ccc3c(c1C(C1C=CCCC1)O2)C(C)=CC(C)(C)N3,7.785
404,COc1cccc2c1-c1ccc3c(c1C(C1C=C(C)CCC1)O2)C(C)=CC(C)(C)N3,7.985
405,COc1cccc2c1-c1ccc3c(c1C(c1cc(Cl)cc(Cl)c1)O2)C(C)=CC(C)(C)N3,7.953333333333333
406,COc1cccc2c1-c1ccc3c(c1C(c1cc(C)cc(C)c1)O2)C(C)=CC(C)(C)N3,7.803333333333333
407,COCOc1cccc(C2Oc3cccc(OC)c3-c3ccc4c(c32)C(C)=CC(C)(C)N4)c1,7.5
408,COc1cccc2c1-c1ccc3c(c1C(c1cc(C)cc(Br)c1)O2)C(C)=CC(C)(C)N3,7.7366666666666655
409,CC1=C[C@@H]([C@@H]2Oc3c(F)cc(F)cc3-c3ccc4c(c32)C(C)=CC(C)(C)N4)CCC1,7.47
410,COc1cccc2c1-c1ccc3c(c1[C@H]([C@H]1C=C(C)CCC1)O2)C(C)=CC(C)(C)N3,7.56
411,COc1cccc2c1-c1ccc3c(c1C(c1cccc(C(F)(F)F)c1)O2)C(C)=CC(C)(C)N3,7.366666666666665
412,COc1cccc2c1-c1ccc3c(c1C(c1ccccc1)O2)C(C)=CC(C)(C)N3,7.405
413,COc1cccc2c1-c1ccc3c(c1C(c1cc(F)cc(F)c1)O2)C(C)=CC(C)(C)N3,7.815
414,CC1=CC(C)(C)Nc2ccc3c(c21)C(c1ccc(Cl)c(Cl)c1)Oc1ccccc1-3,7.1
415,COc1cccc2c1-c1ccc3c(c1C(C1C=CCC1)O2)C(C)=CC(C)(C)N3,7.92
416,CC#C[C@]1(O)CC[C@H]2[C@@H]3CCC4=CC(=O)CCC4=C3[C@@H](c3ccc(-c4ccc(OC)cc4)cc3)C[C@@]21C,8.765
417,CC(C)(C)C#C[C@]1(O)CC[C@H]2[C@@H]3CCC4=CC(=O)CC[C@@H]4[C@H]3[C@@H](c3ccc(N4CCOCC4)cc3)C[C@@]21C,7.99
418,CC(C)(C)C#C[C@]1(O)CC[C@H]2[C@@H]3CCC4=CC(=O)CC[C@@H]4[C@H]3[C@@H](c3ccc(N4CCN(S(C)(=O)=O)CC4)cc3)C[C@@]21C,7.91
419,CC(C)(C)C#C[C@]1(O)CC[C@H]2[C@@H]3CCC4=CC(=O)CCC4=C3[C@@H](c3ccc(N4CCOCC4)cc3)C[C@@]21C,7.88
420,CC(C)(C)C#C[C@]1(O)CC[C@H]2[C@@H]3CCC4=CC(=O)CCC4=C3[C@@H](c3ccc(N4CCS(=O)(=O)CC4)cc3)C[C@@]21C,7.78
421,CN1CCN(c2ccc([C@H]3C[C@@]4(C)[C@@H](CC[C@@]4(O)C#CC(C)(C)C)[C@@H]4CCC5=CC(=O)CC[C@@H]5[C@H]43)cc2)CC1,7.45
422,Cc1ccc(C#C[C@]2(O)CC[C@H]3[C@@H]4OCC5=CC(=O)CCC5=C4[C@@H](c4ccc(N(C)C)cc4)C[C@@]32C)cc1,7.66
423,CN(C)c1ccc([C@H]2C[C@@]3(C)[C@@H](CC[C@@]3(O)C#Cc3ccc(Br)cc3)[C@@H]3OCC4=CC(=O)CCC4=C32)cc1,7.5
424,CN(C)c1ccc([C@H]2C[C@@]3(C)[C@@H](CC[C@@]3(O)C#Cc3cc(F)cc(F)c3)[C@@H]3OCC4=CC(=O)CCC4=C32)cc1,7.46
425,Cc1cccc(C#C[C@]2(O)CC[C@H]3[C@@H]4OCC5=CC(=O)CCC5=C4[C@@H](c4ccc(N(C)C)cc4)C[C@@]32C)c1,7.44
426,CN(C)c1ccc([C@H]2C[C@@]3(C)[C@@H](CC[C@@]3(O)C#Cc3ccc(F)cc3)[C@@H]3OCC4=CC(=O)CCC4=C32)cc1,7.42
427,CN(C)c1ccc([C@H]2C[C@@]3(C)[C@@H](CC[C@@]3(O)C#Cc3ccc(C#N)cc3)[C@@H]3OCC4=CC(=O)CCC4=C32)cc1,7.38
428,CN(C)c1ccc([C@H]2C[C@@]3(C)[C@@H](CC[C@@]3(O)C#Cc3ccc(Cl)cc3)[C@@H]3OCC4=CC(=O)CCC4=C32)cc1,7.36
429,CN(C)c1ccc([C@H]2C[C@@]3(C)[C@@H](CC[C@@]3(O)C#Cc3cccc(C(F)(F)F)c3)[C@@H]3OCC4=CC(=O)CCC4=C32)cc1,7.34
430,CN(C)c1ccc([C@H]2C[C@@]3(C)[C@@H](CC[C@@]3(O)C#Cc3cccc(Cl)c3)[C@@H]3OCC4=CC(=O)CCC4=C32)cc1,7.31
431,CN(C)c1ccc([C@H]2C[C@@]3(C)[C@@H](CC[C@@]3(O)C#Cc3ccccc3C(F)(F)F)[C@@H]3OCC4=CC(=O)CCC4=C32)cc1,7.29
432,CN(C)c1ccc([C@H]2C[C@@]3(C)[C@@H](CC[C@@]3(O)C#Cc3cccc(F)c3)[C@@H]3OCC4=CC(=O)CCC4=C32)cc1,7.25
433,CN(C)c1ccc([C@H]2C[C@@]3(C)[C@@H](CC[C@@]3(O)C#Cc3ccccc3Br)[C@@H]3OCC4=CC(=O)CCC4=C32)cc1,7.2
434,CN(C)c1ccc([C@H]2C[C@@]3(C)[C@@H](CC[C@@]3(O)C#Cc3ccccc3Cl)[C@@H]3OCC4=CC(=O)CCC4=C32)cc1,7.19
435,CN(C)c1ccc([C@H]2C[C@@]3(C)[C@@H](CC[C@@]3(O)C#Cc3ccccc3F)[C@@H]3OCC4=CC(=O)CCC4=C32)cc1,7.19
436,CN(C)c1ccc([C@H]2C[C@@]3(C)[C@@H](CC[C@@]3(O)C#Cc3ccc(C(C)(C)C)cc3)[C@@H]3OCC4=CC(=O)CCC4=C32)cc1,7.18
437,COc1ccc(C#C[C@]2(O)CC[C@H]3[C@@H]4OCC5=CC(=O)CCC5=C4[C@@H](c4ccc(N(C)C)cc4)C[C@@]32C)cc1,7.09
438,CC#C[C@]1(O)CC[C@H]2[C@@H]3CCC4=CC(=O)CCC4=C3[C@@H](c3ccc4oc(CC)nc4c3)C[C@@]21C,7.89
439,CC#C[C@]1(O)CC[C@H]2[C@@H]3CCC4=CC(=O)CCC4=C3[C@@H](c3ccc4oc(C)nc4c3)C[C@@]21C,7.64
440,CC#C[C@]1(O)CC[C@H]2[C@@H]3CCC4=CC(=O)CCC4=C3[C@@H](c3ccc4ocnc4c3)C[C@@]21C,7.35
441,CC#C[C@]1(NC=O)CC[C@H]2[C@@H]3CCC4=CC(=O)CCC4=C3[C@@H](c3ccc4ocnc4c3)C[C@@]21C,7.22
442,CC#C[C@]1(O)CC[C@H]2[C@@H]3CCC4=CC(=O)CCC4=C3[C@@H](c3ccc4oc(C(F)(F)F)nc4c3)C[C@@]21C,7.21
443,COc1c(O)ccc2c1-c1ccc3c(c1/C(=C/c1cccc(-c4cccnc4)c1)O2)C(C)=CC(C)(C)N3,8.795
444,COc1c(O)ccc2c1-c1ccc3c(c1/C(=C/c1cccc(-c4ccccc4)c1)O2)C(C)=CC(C)(C)N3,8.28
445,CC#C[C@]1(O)CC[C@H]2[C@@H]3CCC4=CC(=O)CCC4=C3[C@@H](c3ccc(N(C)CCO[C@H]4CC[C@@]5(C)[C@@H](C4)C[C@@H](O)[C@@H]4[C@@H]5C[C@H](O)[C@]5(C)[C@@H]([C@H](C)CCC(=O)O)CC[C@@H]45)cc3)C[C@@]21C,8.46
446,CC#C[C@]1(O)CC[C@H]2[C@@H]3CCC4=CC(=O)CCC4=C3[C@@H](c3ccc(OCCO[C@H]4CC[C@@]5(C)[C@@H](C4)C[C@@H](O)[C@@H]4[C@@H]5C[C@H](O)[C@]5(C)[C@@H]([C@H](C)CCC(=O)O)CC[C@@H]45)c(C)c3)C[C@@]21C,8.01
447,CC#C[C@]1(O)CC[C@H]2[C@@H]3CCC4=CC(=O)CCC4=C3[C@@H](c3cc(C)c(OCCO[C@H]4CC[C@@]5(C)[C@@H](C4)C[C@@H](O)[C@@H]4[C@@H]5C[C@H](O)[C@]5(C)[C@@H]([C@H](C)CCC(=O)O)CC[C@@H]45)c(C)c3)C[C@@]21C,8.31
448,CSc1ccc([C@H]2OC[C@@]3(C)[C@@H](CC[C@@]3(O)C(F)(F)C(F)(F)F)[C@@H]3CCC4=CC(=O)CCC4=C32)cc1,8.15
449,CC#C[C@]1(O)CC[C@H]2[C@@H]3CCC4=CC(=O)CCC4=C3[C@@H](c3ccc(N(C)C)cc3)OC[C@@]21C,7.77
450,CN(C)c1ccc([C@H]2OC[C@@]3(C)[C@@H](CC[C@@]3(O)C(F)(F)C(F)(F)F)[C@@H]3CCC4=CC(=O)CCC4=C32)cc1,7.7
451,CC#C[C@]1(O)CC[C@H]2[C@@H]3CCC4=CC(=O)CCC4=C3[C@@H](c3ccc(OC)cc3)OC[C@@]21C,7.39
452,C=C(C)[C@]1(O)CC[C@H]2[C@@H]3CCC4=CC(=O)CCC4=C3[C@@H](c3ccc(SC)cc3)OC[C@@]21C,7.24
453,C#C[C@]1(O)CC[C@H]2[C@@H]3CCC4=CC(=O)CCC4=C3[C@@H](c3ccc(N(C)C)cc3)OC[C@@]21C,7.17
454,Cc1noc(C)c1-c1cc2c(c3c1CCC3)NC(C)(C)C(=O)C2(C)C,7.52
455,Cc1noc(C)c1-c1cc2c(c3c1OCO3)NC(C)(C)C(=O)C2(C)C,7.11
456,COc1c(O)ccc2c1-c1ccc3c(c1/C(=C/c1ccc(F)cc1/C=N/O)O2)C(C)=CC(C)(C)N3,8.885
457,COc1c(O)ccc2c1-c1ccc3c(c1/C(=C/c1cccc(C)c1)O2)C(C)=CC(C)(C)N3,9.375
458,COc1c(O)ccc2c1-c1ccc3c(c1/C(=C/c1ccc(O)cc1)O2)C(C)=CC(C)(C)N3,9.2
459,COc1c(O)ccc2c1-c1ccc3c(c1/C(=C/c1ccccc1C)O2)C(C)=CC(C)(C)N3,9.2
460,COCOCc1cc(F)ccc1/C=C1\Oc2ccc(O)c(OC)c2-c2ccc3c(c21)C(C)=CC(C)(C)N3,8.895
461,COc1c(O)ccc2c1-c1ccc3c(c1/C(=C/c1cccc(C)n1)O2)C(C)=CC(C)(C)N3,8.635
462,COc1c(O)ccc2c1-c1ccc3c(c1/C(=C/c1ccccc1F)O2)C(C)=CC(C)(C)N3,8.87
463,COc1c(O)ccc2c1-c1ccc3c(c1/C(=C/c1cccc(OC(F)(F)F)c1)O2)C(C)=CC(C)(C)N3,8.525
464,COc1c(O)ccc2c1-c1ccc3c(c1/C(=C/c1cccc(C(F)(F)F)c1)O2)C(C)=CC(C)(C)N3,8.495
465,COc1c(O)ccc2c1-c1ccc3c(c1/C(=C/c1cccc(C(F)(F)F)c1C)O2)C(C)=CC(C)(C)N3,8.205
466,COc1c(O)ccc2c1-c1ccc3c(c1/C(=C/c1cccc(O)c1)O2)C(C)=CC(C)(C)N3,8.645
467,COc1ccc(/C=C2\Oc3ccc(O)c(OC)c3-c3ccc4c(c32)C(C)=CC(C)(C)N4)cc1,8.0
468,COc1c(O)ccc2c1-c1ccc3c(c1/C(=C/c1ccc(F)cc1C(=O)N(C)C)O2)C(C)=CC(C)(C)N3,8.215
469,COc1c(O)ccc2c1-c1ccc3c(c1/C(=C/c1ccc(Cl)cc1)O2)C(C)=CC(C)(C)N3,7.92
470,COc1c(O)ccc2c1-c1ccc3c(c1/C(=C/c1ccc(C)cc1)O2)C(C)=CC(C)(C)N3,7.87
471,CCc1ccc(/C=C2\Oc3ccc(O)c(OC)c3-c3ccc4c(c32)C(C)=CC(C)(C)N4)cc1,7.77
472,COc1c(O)ccc2c1-c1ccc3c(c1/C(=C/c1ccccc1Cl)O2)C(C)=CC(C)(C)N3,7.685
473,CCc1ccccc1/C=C1\Oc2ccc(F)cc2-c2ccc3c(c21)C(C)=CC(C)(C)N3,7.11
474,CCN(CC)Cc1cc(F)ccc1/C=C1\Oc2ccc(O)c(OC)c2-c2ccc3c(c21)C(C)=CC(C)(C)N3,7.32
475,COc1c(O)ccc2c1-c1ccc3c(c1/C(=C/c1ccc(F)cc1CO)O2)C(C)=CC(C)(C)N3,8.025
476,COc1ccccc1/C=C1\Oc2ccc(F)cc2-c2ccc3c(c21)C(C)=CC(C)(C)N3,7.05
477,COc1c(O)ccc2c1-c1ccc3c(c1/C(=C/c1ccc(OC(F)(F)F)cc1)O2)C(C)=CC(C)(C)N3,7.04
478,CC#C[C@]1(O)CC[C@H]2[C@@H]3CCC4=CC(=O)CCC4=C3[C@@H](c3ccc(Oc4ccccc4)cc3)C[C@@]21C,8.275
479,COc1c(O)ccc2c1-c1ccc3c(c1/C(=C/c1ccc(F)cc1C(=O)N1CCCCC1)O2)C(C)=CC(C)(C)N3,8.72
480,COc1c(O)ccc2c1-c1ccc3c(c1/C(=C/c1ccc(F)cc1S(=O)(=O)N1CCCCC1)O2)C(C)=CC(C)(C)N3,7.92
481,COCc1ccsc1/C=C1\Oc2ccc(O)c(OC)c2-c2ccc3c(c21)C(C)=CC(C)(C)N3,9.7
482,CO/N=C(\C)c1ccsc1/C=C1\Oc2ccc(O)c(OC)c2-c2ccc3c(c21)C(C)=CC(C)(C)N3,9.7
483,COc1c(O)ccc2c1-c1ccc3c(c1/C(=C/c1sccc1CO)O2)C(C)=CC(C)(C)N3,9.7
484,COc1c(O)ccc2c1-c1ccc3c(c1/C(=C/c1sccc1C(C)=O)O2)C(C)=CC(C)(C)N3,9.52
485,CCO/N=C(\C)c1ccsc1/C=C1\Oc2ccc(O)c(OC)c2-c2ccc3c(c21)C(C)=CC(C)(C)N3,9.3
486,COc1c(O)ccc2c1-c1ccc3c(c1/C(=C/c1sccc1C#N)O2)C(C)=CC(C)(C)N3,9.1
487,COc1c(O)ccc2c1-c1ccc3c(c1/C(=C/c1sccc1CNCC(F)(F)F)O2)C(C)=CC(C)(C)N3,9.05
488,COc1c(O)ccc2c1-c1ccc3c(c1/C(=C/c1sccc1COCCO)O2)C(C)=CC(C)(C)N3,9.0
489,COc1c(O)ccc2c1-c1ccc3c(c1/C(=C/c1sccc1/C(C)=N/O)O2)C(C)=CC(C)(C)N3,8.96
490,COC(=O)c1ccsc1/C=C1\Oc2ccc(O)c(OC)c2-c2ccc3c(c21)C(C)=CC(C)(C)N3,8.74
491,COc1c(O)ccc2c1-c1ccc3c(c1/C(=C/c1oc(C)cc1C(=O)N(C)C)O2)C(C)=CC(C)(C)N3,8.465
492,CC/C=C(\C)c1ccsc1/C=C1\Oc2ccc(O)c(OC)c2-c2ccc3c(c21)C(C)=CC(C)(C)N3,8.21
493,CC1=CC(C)(C)Nc2ccc3c(c21)/C(=C/c1ccsc1)Oc1ccc(F)cc1-3,7.0
494,CC1(C)Nc2c(cc(-c3ccnc4ncccc34)c3c2CCC3)C(C)(C)C1=O,7.28
495,CC#C[C@]1(O)CC[C@H]2[C@@H]3CCC4=CC(=O)CC[C@]4(Cc4ccc(C)cc4)C3=CC[C@@]21C,7.995
496,COc1cccc2c1-c1ccc(NS(C)(=O)=O)cc1C(c1cccs1)O2,7.665
497,COc1cccc2c1-c1ccc(NS(C)(=O)=O)cc1C(c1ccsc1)O2,7.665
498,COc1c(O)ccc2c1-c1ccc3c(c1/C(=C/c1cc(F)cc4c1OCOC4)O2)C(C)=CC(C)(C)N3,9.125
499,COc1cccc2c1-c1ccc(NS(C)(=O)=O)cc1C(c1cccc(Oc3ccccc3)c1)O2,7.32
500,COc1c(O)ccc2c1-c1ccc3c(c1/C(=C/c1cccc(-c4ccsc4)c1)O2)C(C)=CC(C)(C)N3,9.075
501,CC#C[C@]1(O)CC[C@H]2[C@@H]3CCC4=CC(=O)CC[C@]4(C)[C@H]3[C@@H](OCc3ccc(Cl)cc3)C[C@@]21C,7.75
502,COc1c(O)ccc2c1-c1ccc3c(c1/C(=C/c1cccc(Oc4ccccc4)c1)O2)C(C)=CC(C)(C)N3,7.925
503,COc1cc(F)ccc1-c1c(Cc2ccccc2)[nH]c2c(NS(C)(=O)=O)cc(C(C)C)cc12,8.12
504,COc1cc([C@@H]2c3cc4c(cc3[C@H](O)[C@H]3COC(=O)[C@H]23)OCO4)cc(OC)c1OC,7.85
505,CN(C)c1ccc([C@H]2C[C@@]3(C)[C@@H](CC[C@@]3(O)C#CC3CC3)[C@@H]3CCC4=CC(=O)CC[C@]4(C)[C@H]32)cc1,7.54
506,CN(C)c1ccc([C@H]2C[C@@]3(C)[C@@H](CC[C@@]3(O)C#CC3CC3)[C@@H]3OCC4=CC(=O)CCC4=C32)cc1,7.48
507,CC[C@@]12C[C@@](C)(O)[C@](O)(c3ccccc3)C[C@H]1C=Cc1cc(O)ccc12,8.96
508,CC[C@@]12C[C@@](C)(O)[C@](O)(c3ccccc3)C[C@H]1CCc1cc(O)ccc12,8.84
509,CC[C@@]12C[C@@](C)(O)[C@](O)(c3ccccc3)C[C@H]1C=C(C)c1cc(O)ccc12,8.586666666666666
510,CC[C@@]12C[C@](O)(CC)[C@](O)(c3ccccc3)C[C@H]1CCc1cc(O)ccc12,8.57
511,CC[C@@]12C[C@H](O)[C@H](c3ccccc3)C[C@H]1CCc1cc(O)ccc12,8.89
512,CC[C@@]12C[C@@](C)(O)[C@](O)(c3ccc(C)cc3)C[C@H]1CCc1cc(O)ccc12,8.405
513,CC[C@@]12C[C@@](C)(O)[C@](O)(c3ccccn3)C[C@H]1CCc1cc(O)ccc12,8.82
514,CC[C@@]12C[C@@](C)(O)[C@](O)(c3ccccc3)C[C@H]1CC(=O)c1cc(O)ccc12,8.013333333333334
515,CC[C@@]12C[C@H](O)[C@](O)(c3ccccc3)C[C@H]1CCc1cc(O)ccc12,8.6
516,CC[C@@]12C[C@@H](O)[C@](O)(c3ccccc3)C[C@H]1CCc1cc(O)ccc12,8.42
517,C=C[C@@]1(O)C[C@@]2(CC)c3ccc(O)cc3CC[C@@H]2C[C@@]1(O)c1ccccc1,8.28
518,CC[C@@]12C[C@@](C)(O)[C@](O)(c3ccncc3)C[C@H]1CCc1cc(O)ccc12,7.52
519,CC[C@@]12CC[C@](O)(c3ccccc3)C[C@H]1CCc1cc(O)ccc12,7.68
520,CC[C@@]12C[C@@](C)(O)[C@](O)(c3cccnc3)C[C@H]1CCc1cc(O)ccc12,7.38
521,CC[C@@]12C[C@](C)(O)[C@](O)(c3ccccc3)C[C@H]1CCc1cc(O)ccc12,7.42
522,CC[C@@]12C[C@@](C)(O)[C@](O)(c3ccccc3)C[C@H]1CC(O)c1cc(O)ccc12,7.1
523,C=CCOC(C)C1=CC(C)(C)Nc2ccc(-c3cc(F)ccc3OC)cc21,7.4350000000000005
524,OC(c1ccnc(Cl)c1)(c1ccc2c(cnn2-c2ccc(F)cc2)c1)C(F)(F)F,7.85
525,OC(c1ccc2c(cnn2-c2ccc(F)cc2)c1)(c1ccccc1Cl)C(F)(F)F,7.46
526,OC(c1ccc(F)c(Cl)c1)(c1ccc2c(cnn2-c2ccc(F)cc2)c1)C(F)(F)F,7.31
527,Cc1cccc(C(O)(c2ccc3c(cnn3-c3ccc(F)cc3)c2)C(F)(F)F)c1,7.28
528,N#Cc1cc(C(O)(c2ccc3c(cnn3-c3ccc(F)cc3)c2)C(F)(F)F)ccc1F,7.395
529,OC(c1ccc2c(cnn2-c2ccc(F)cc2)c1)(c1ccccc1F)C(F)(F)F,7.27
530,Cc1cc(C(O)(c2ccc3c(cnn3-c3ccc(F)cc3)c2)C(F)(F)F)ccc1F,7.23
531,OC(c1cccc(Cl)c1)(c1ccc2c(cnn2-c2ccc(F)cc2)c1)C(F)(F)F,7.14
532,OC(c1ccc(F)cc1)(c1ccc2c(cnn2-c2ccc(F)cc2)c1)C(F)(F)F,7.07
533,OC(c1ccc2c(cnn2-c2ccc(F)cc2)c1)(c1cccc(Cl)c1Cl)C(F)(F)F,7.265
534,N#Cc1cccc(C(O)(c2ccc3c(cnn3-c3ccc(F)cc3)c2)C(F)(F)F)c1,7.0
535,CN(c1ccccc1)S(=O)(=O)c1ccc(-c2ccc3c(cnn3-c3ccc(F)cc3)c2)c(C(F)(F)F)c1,7.9
536,COc1cccc(S(=O)(=O)Nc2ccc(-c3ccc4c(cnn4-c4ccc(F)cc4)c3)c(C(F)(F)F)c2)c1,7.45
537,CC(C)N(c1ccccc1)S(=O)(=O)c1ccc(-c2ccc3c(cnn3-c3ccc(F)cc3)c2)c(C(F)(F)F)c1,7.55
538,O=S(=O)(Nc1ccc(-c2ccc3c(cnn3-c3ccc(F)cc3)c2)c(C(F)(F)F)c1)c1ccccc1,7.8
539,CCCN(c1ccccc1)S(=O)(=O)c1ccc(-c2ccc3c(cnn3-c3ccc(F)cc3)c2)c(C(F)(F)F)c1,7.8
540,CCN(c1ccccc1)S(=O)(=O)c1ccc(-c2ccc3c(cnn3-c3ccc(F)cc3)c2)c(C(F)(F)F)c1,7.8
541,O=S(=O)(Nc1ccccc1)c1ccc(-c2ccc3c(cnn3-c3ccc(F)cc3)c2)c(C(F)(F)F)c1,7.6
542,CCCCN(c1ccccc1)S(=O)(=O)c1ccc(-c2ccc3c(cnn3-c3ccc(F)cc3)c2)c(C(F)(F)F)c1,7.6
543,O=S(=O)(Nc1ccc(-c2ccc3c(cnn3-c3ccc(F)cc3)c2)c(C(F)(F)F)c1)c1cccc(OC(F)(F)F)c1,7.25
544,CC(C)(C)c1ccc(S(=O)(=O)Nc2ccc(-c3ccc4c(cnn4-c4ccc(F)cc4)c3)c(C(F)(F)F)c2)cc1,7.3
545,O=S(=O)(Nc1ccc(-c2ccc3c(cnn3-c3ccc(F)cc3)c2)c(C(F)(F)F)c1)c1cccc(C(F)(F)F)c1,7.25
546,Cc1cc(-c2cccc3cc[nH]c23)c(Cl)c2c1NC(C)(C)C(O)C2C,8.5
547,CCO/N=C/c1c(-c2cccc3cc[nH]c23)cc(C)c2c1[C@H](C)[C@@H](O)C(C)(C)N2,8.76
548,C[C@H]1c2c(cc(F)c(-c3cccc4cc[nH]c34)c2F)NC(C)(C)[C@@H]1O,8.39
549,Cc1c(F)c(-c2cccc3cc[nH]c23)cc2c1NC(C)(C)[C@H](O)[C@H]2C,8.58
550,CO/N=C/c1c(-c2cccc3cc[nH]c23)cc(C)c2c1[C@H](C)[C@@H](O)C(C)(C)N2,8.575
551,Cc1cc(-c2cccc3[nH]ccc23)c(Cl)c2c1NC(C)(C)CC2C,8.74
552,C=CCC1(C)C(=O)C(C)(C)Nc2c(C)cc(-c3cccc4cc[nH]c34)c(Cl)c21,8.06
553,CCO/N=C1/c2c(cc(F)c(-c3cccc4c(C)c[nH]c34)c2F)NC(C)(C)C1O,8.435
554,Cc1cc(-c2cc(F)cc3cc[nH]c23)c(Cl)c2c1NC(C)(C)CC2C,8.51
555,CO/N=C1/c2c(cc(F)c(-c3cccc4c(C)c[nH]c34)c2F)NC(C)(C)C1O,8.12
556,CC1(C)C/C(=N\OC(C)(C)C)c2c(cc(F)c(-c3cccc4cc[nH]c34)c2F)N1,7.93
557,C[C@H]1c2c(F)c(-c3cccc4cc[nH]c34)c(F)c(F)c2NC(C)(C)[C@@H]1O,8.07
558,C[C@H]1c2c(F)c(-c3cccc4cc[nH]c34)c(F)c(Cl)c2NC(C)(C)[C@@H]1O,8.105
559,CC1(C)C/C(=N\OC(C)(C)C)c2c(cc(F)c(-c3cccc4c(Cl)c[nH]c34)c2F)N1,8.06
560,Cc1cc(-c2cccc3cc[nH]c23)c(C)c2c1NC(C)(C)[C@H](O)[C@H]2C,8.18
561,Cc1cc(-c2cccc3cc[nH]c23)c(Cl)c2c1NC(C)(C)C(=O)C2(C)C,8.33
562,Cc1c[nH]c2c(-c3c(F)cc4c(c3F)/C(=N/OC(C)C)CC(C)(C)N4)cccc12,8.135
563,Cc1cc(-c2ccc(F)c3cc[nH]c23)c(Cl)c2c1NC(C)(C)CC2C,8.3
564,Cc1cc(-c2cccc3c(C)c[nH]c23)c(Cl)c2c1NC(C)(C)CC2C,8.28
565,Cc1cc(-c2cccc3cc[nH]c23)c(C#N)c2c1NC(C)(C)[C@H](O)[C@H]2C,8.04
566,Cc1cc(-c2cccc3cc[nH]c23)c(/C=N/OC(C)(C)C)c2c1NC(C)(C)[C@H](O)[C@H]2C,8.34
567,Cc1c[nH]c2c(-c3c(F)cc4c(c3F)/C(=N/OC(C)(C)C)CC(C)(C)N4)cccc12,8.07
568,Cc1cc(-c2cccc3cc[nH]c23)c(F)c2c1NC(C)(C)[C@H](O)[C@H]2C,8.19
569,Cc1cc(-c2cccc3cc[nH]c23)c(/C=C/C#N)c2c1NC(C)(C)[C@H](O)[C@H]2C,7.995
570,CCO/N=C1\CC(C)(C)Nc2cc(F)c(-c3cccc4cc[nH]c34)c(F)c21,8.16
571,C[C@H]1c2cc(-c3cccc4cc[nH]c34)c(F)c(F)c2NC(C)(C)[C@@H]1O,7.905
572,CC(=O)/C=C/c1c(-c2cccc3cc[nH]c23)cc(C)c2c1[C@H](C)[C@@H](O)C(C)(C)N2,8.11
573,CNC(=O)O[C@@H]1[C@@H](C)c2c(cc(F)c(-c3cccc4cc[nH]c34)c2F)NC1(C)C,8.0
574,Cc1cc(-c2cccc3cc[nH]c23)c(/C=N/O)c2c1NC(C)(C)[C@H](O)[C@H]2C,7.96
575,Cc1cc(-c2cc(F)c(F)c3cc[nH]c23)c(Cl)c2c1NC(C)(C)CC2C,7.96
576,Cc1cc(-c2ccc(Cl)c3cc[nH]c23)c(Cl)c2c1NC(C)(C)CC2C,7.92
577,Cc1cc(-c2cccc3cc[nH]c23)c(Cl)c2c1NC(C)(C)CC2C,7.795
578,Cc1c[nH]c2c(-c3c(F)cc4c(c3F)/C(=N/OC(C)(C)CO)CC(C)(C)N4)cccc12,7.555
579,Cc1cc(-c2cccc3cc[nH]c23)c(Cl)c2c1NC(C)(C)C(=O)C2C,7.89
580,C=Cc1c(-c2cccc3cc[nH]c23)cc2c(c1C)NC(C)(C)[C@H](O)[C@H]2C,7.89
581,Cc1cc(-c2cccc3cc[nH]c23)c(Cl)c2c1NC(C)(C)C(O)C2(C)C,7.64
582,CO/N=C1/c2c(cc(F)c(-c3cccc4c(Cl)c[nH]c34)c2F)NC(C)(C)C1O,7.755
583,CCc1c(-c2cccc3cc[nH]c23)cc(C)c2c1[C@H](C)[C@@H](O)C(C)(C)N2,7.82
584,Cc1cc(-c2cccc3cc[nH]c23)c(Cl)c2c1NC(C)(C)[C@H](O)[C@H]2C,8.29
585,CC(C)NC(=O)O[C@@H]1[C@@H](C)c2c(cc(F)c(-c3cccc4c(Cl)c[nH]c34)c2F)NC1(C)C,7.56
586,C[C@H]1c2c(Cl)c(-c3cccc4cc[nH]c34)cc(F)c2NC(C)(C)[C@@H]1O,7.81
587,CC(C)=CCC1(C)C(=O)C(C)(C)Nc2c(C)cc(-c3cccc4cc[nH]c34)c(Cl)c21,7.47
588,Cc1c(Cl)c(-c2cccc3cc[nH]c23)cc2c1NC(C)(C)[C@H](O)[C@H]2C,7.63
589,Cc1cc(-c2cccc3cc[nH]c23)cc2c1NC(C)(C)[C@H](O)[C@H]2C,7.68
590,COC(=O)C(C)(C)O/N=C1\CC(C)(C)Nc2cc(F)c(-c3cccc4c(C)c[nH]c34)c(F)c21,7.66
591,Cc1cc(-c2cccc3cc[nH]c23)c(Cl)c2c1NC(C)(C)[C@@H](O)[C@H]2C,7.62
592,COc1ccc2cc[nH]c2c1-c1cc(C)c2c(c1Cl)C(C)CC(C)(C)N2,7.48
593,CO/N=C1\CC(C)(C)Nc2cc(F)c(-c3cccc4cc[nH]c34)c(F)c21,7.38
594,Cc1c(-c2cccc3cc[nH]c23)cc2c(c1C)NC(C)(C)[C@H](O)[C@H]2C,7.38
595,CNC(=O)O[C@@H]1[C@@H](C)c2c(cc(F)c(-c3cccc4c(Cl)c[nH]c34)c2F)NC1(C)C,7.6
596,Cc1cc(-c2cc(Cl)cc3cc[nH]c23)c(Cl)c2c1NC(C)(C)CC2C,7.28
597,COc1ccc(-c2cc(C)c3c(c2Cl)C(C)CC(C)(C)N3)c2[nH]ccc12,7.17
598,Cc1cc(-c2cccc3ccn(C)c23)c(Cl)c2c1NC(C)(C)CC2C,7.08
599,CSc1ccc([C@@H](Oc2ccc3c(cnn3-c3ccc(F)cc3)c2)[C@H](C)NC(=O)C(F)(F)F)cc1,10.52
600,COc1cccc([C@@H](Oc2ccc3c(cnn3-c3ccc(F)cc3)c2)[C@H](C)NC(=O)C(F)(F)F)c1,9.72
601,CCc1ccc([C@@H](Oc2ccc3c(cnn3-c3ccc(F)cc3)c2)[C@H](C)NC(=O)C(C)(C)C)cc1,10.3
602,COc1cccc([C@@H](Oc2ccc3c(cnn3-c3ccc(F)cc3)c2)[C@H](C)NC(=O)C(C)(C)C)c1,10.1
603,CCc1ccc([C@@H](Oc2ccc3c(cnn3-c3ccc(F)cc3)c2)[C@H](C)NC(=O)CO)cc1,9.68
604,COc1ccc([C@@H](Oc2ccc3c(cnn3-c3ccc(F)cc3)c2)[C@H](C)NC(=O)C(C)(C)C)cc1,9.6
605,C[C@H](NC(=O)C(C)(C)C)[C@H](Oc1ccc2c(cnn2-c2ccc(F)cc2)c1)c1ccccc1,9.18
606,C[C@H](NC(=O)C(C)(F)F)[C@H](Oc1ccc2c(cnn2-c2ccc(=O)n(C)c2)c1)c1ccccc1,8.8
607,Cc1ccc([C@@H](Oc2ccc3c(cnn3-c3ccc(F)cc3)c2)[C@H](C)NC(=O)C(F)(F)F)cc1,8.7
608,CCn1cc(-n2ncc3cc(O[C@H](c4ccccc4)[C@H](C)NC(=O)C(C)(F)F)ccc32)ccc1=O,8.465
609,CC(C)[C@H](NC(=O)C(C)(F)F)[C@H](Oc1ccc2c(cnn2-c2ccc(=O)n(C)c2)c1)c1cccc(Cl)c1,8.68
610,C[C@H](NC(=O)C(F)(F)F)[C@H](Oc1ccc2c(cnn2-c2ccc(F)cc2)c1)c1ccccc1,9.253333333333332
611,CC(C)S(=O)(=O)N[C@@H](C)[C@H](Oc1ccc2c(cnn2-c2ccc(F)cc2)c1)c1ccccc1,8.55
612,C[C@H](NC(=O)CO)[C@H](Oc1ccc2c(cnn2-c2ccc(F)cc2)c1)c1ccc(S(C)(=O)=O)cc1,8.81
613,CC(C)[C@H](NC(=O)C(F)(F)F)[C@H](Oc1ccc2c(cnn2-c2ccc(=O)n(C)c2)c1)c1cccc(Cl)c1,8.52
614,CC(=O)N[C@@H](C)[C@H](Oc1ccc2c(cnn2-c2ccc(F)cc2)c1)c1ccccc1,8.51
615,CC(C)[C@H](NC(=O)C(C)(F)F)[C@H](Oc1ccc2c(cnn2-c2ccc(=O)n(C)c2)c1)c1ccccc1,8.285
616,CCCn1cc(-n2ncc3cc(O[C@H](c4ccccc4)[C@H](C)NC(=O)C(C)(F)F)ccc32)ccc1=O,7.915
617,CC(C)[C@H](NC(=O)C(C)(F)F)[C@H](Oc1ccc2c(cnn2-c2ccc(=O)n(C)c2)c1)c1cc(F)cc(F)c1,8.21
618,COCCC(=O)N[C@@H](C)[C@H](Oc1ccc2c(cnn2-c2ccc(F)cc2)c1)c1ccccc1,8.29
619,CC(C)[C@H](NC(=O)C(C)(F)F)[C@H](Oc1ccc2c(cnn2-c2cc(F)c(=O)n(C)c2)c1)c1ccccc1,8.25
620,CC(C)[C@H](NC(=O)C(C)(F)F)[C@H](Oc1ccc2c(cnn2-c2cccn(C)c2=O)c1)c1ccccc1,8.085
621,CCC(C)S(=O)(=O)N[C@@H](C)[C@H](Oc1ccc2c(cnn2-c2ccc(F)cc2)c1)c1ccccc1,8.18
622,COc1ccc([C@@H](Oc2ccc3c(cnn3-c3ccc(F)cc3)c2)[C@@H](NC(=O)C(C)(F)F)OC(C)(C)C)cn1,8.15
623,CC(C)[C@H](NC(=O)C(C)(F)F)[C@H](Oc1ccc2c(cnn2-c2cc(C#N)c(=O)n(C)c2)c1)c1ccccc1,7.855
624,C[C@H](NS(C)(=O)=O)[C@H](Oc1ccc2c(cnn2-c2ccc(F)cc2)c1)c1ccccc1,8.13
625,C[C@H](NC(=O)C(F)(F)F)[C@H](Oc1ccc2c(cnn2-c2ccc(F)cc2)c1)c1cccc(O)c1,8.22
626,CC(O)n1cc(-n2ncc3cc(O[C@H](c4ccccc4)[C@H](C)NC(=O)C(C)(F)F)ccc32)ccc1=O,7.54
627,CCCS(=O)(=O)N[C@@H](C)[C@H](Oc1ccc2c(cnn2-c2ccc(F)cc2)c1)c1ccccc1,7.89
628,CC(C)[C@H](NC(=O)C(C)(F)F)[C@H](Oc1ccc2c(cnn2-c2ccc(F)cc2)c1)c1ccccc1,7.89
629,CC(C)[C@H](NC(=O)C(F)(F)F)[C@H](Oc1ccc2c(cnn2-c2ccc(F)cc2)c1)c1ccccc1,7.7
630,COc1ccc([C@@H](Oc2ccc3c(cnn3-c3ccc(F)cc3)c2)[C@@H](NC(=O)C(C)(F)F)C(C)C)cn1,8.05
631,C[C@H](NS(=O)(=O)C(F)(F)F)[C@H](Oc1ccc2c(cnn2-c2ccc(F)cc2)c1)c1ccccc1,7.43
632,CC(C)CS(=O)(=O)N[C@@H](C)[C@H](Oc1ccc2c(cnn2-c2ccc(F)cc2)c1)c1ccccc1,7.36
633,CC(C)[C@H](NC(=O)C(C)(F)F)[C@H](Oc1ccc2c(cnn2-c2cnc(=O)n(C)c2)c1)c1ccccc1,7.29
634,COc1ccc(-n2ncc3cc(O[C@H](c4ccccc4)[C@@H](NC(=O)C(C)(F)F)C(C)C)ccc32)cn1,7.24
635,CCCCCS(=O)(=O)N[C@@H](C)[C@H](Oc1ccc2c(cnn2-c2ccc(F)cc2)c1)c1ccccc1,7.0
636,C[C@]12Cc3cnn(-c4ccc(F)cc4)c3C=C1CC[C@]21OC[C@@H](c2ccccc2)O1,8.07
637,C[C@]12Cc3cnn(-c4ccc(F)cc4)c3C=C1CC[C@]21OC[C@H](c2ccccc2)O1,7.92
638,C[C@]12Cc3cnn(-c4ccc(F)cc4)c3C=C1CC[C@@]21OC[C@@H](c2ccccc2)O1,7.58
639,C[C@]12Cc3cnn(-c4ccc(F)cc4)c3C=C1CC[C@@]21OC[C@H](c2ccccc2)O1,7.19
640,Nc1c(C(=O)NCC(O)(CC2(c3cc(F)ccc3Cl)CCC2)C(F)(F)F)cnn1-c1ccccc1,8.25
641,CC(C)(O)[C@H]1CCCC2=Cc3c(cnn3-c3ccc(F)cc3)C[C@@]21C,8.72
642,C=CC[C@H](O)[C@H]1CCCC2=Cc3c(cnn3-c3ccc(F)cc3)C[C@@]21C,8.41
643,C=CCC[C@H](O)[C@H]1CCCC2=Cc3c(cnn3-c3ccc(F)cc3)C[C@@]21C,8.67
644,C[C@H](O)[C@H]1CCCC2=Cc3c(cnn3-c3ccc(F)cc3)C[C@@]21C,8.06
645,CC(C)(C)[C@H](O)[C@H]1CCCC2=Cc3c(cnn3-c3ccc(F)cc3)C[C@@]21C,7.11
646,CCCS(=O)(=O)N[C@@H](C)CNc1cc(C)cc2c1cnn2-c1cccc(C(=O)NC(C)C)c1,7.5666666666666655
647,COc1cc(F)ccc1-c1c(C)[nH]c2c(NS(C)(=O)=O)cc(F)cc12,7.66
648,Cc1cc(NC[C@H](C)NS(=O)(=O)C(C)C)c2cnn(-c3cccc(C(=O)NC(C)C)c3)c2c1,7.6
649,COc1cc([C@H](O)[C@H]2CCCC3=Cc4c(cnn4-c4ccc(F)cc4)C[C@@]32C)cc(F)c1F,8.72
650,C[C@]12Cc3cnn(-c4ccc(F)cc4)c3C=C1CCC[C@@H]2[C@@H](O)c1ccc(F)cc1,8.233333333333333
651,Cc1cc([C@H](O)[C@H]2CCCC3=Cc4c(cnn4-c4ccc(F)cc4)C[C@@]32C)ccc1F,8.17
652,C[C@]12Cc3cnn(-c4ccc(F)cc4)c3C=C1CCC[C@@H]2[C@@H](O)c1ccccc1F,8.14
653,COc1cc([C@H](O)[C@H]2CCCC3=Cc4c(cnn4-c4ccc(F)cc4)C[C@@]32C)ccc1F,8.1
654,C[C@]12Cc3cnn(-c4ccc(F)cc4)c3C=C1CCC[C@@H]2[C@@H](O)c1ccccc1,8.08
655,C[C@]12Cc3cnn(-c4ccc(F)cc4)c3C=C1CCC[C@@H]2[C@@H](O)c1ccc(Cl)cc1,8.05
656,C[C@]12Cc3cnn(-c4ccc(F)cc4)c3C=C1CCC[C@@H]2[C@H](O)c1ccc(F)nc1,8.04
657,C[C@]12Cc3cnn(-c4ccc(F)cc4)c3C=C1CCC[C@@H]2[C@@H](O)c1ccc(O)cc1,8.02
658,C[C@]12Cc3cnn(-c4ccc(F)cc4)c3C=C1CCC[C@@H]2[C@@H](O)c1ccc(F)nc1,7.87
659,C[C@]12Cc3cnn(-c4ccc(F)cc4)c3C=C1CCC[C@@H]2[C@H](O)c1ccc(F)cc1,7.695
660,C[C@]12Cc3cnn(-c4ccc(F)cc4)c3C=C1CCC[C@@H]2[C@](C)(O)c1ccc(F)cc1,8.15
661,C[C@]12Cc3cnn(-c4ccc(F)cc4)c3C=C1CCC[C@@H]2[C@@H](O)c1ccncc1,7.63
662,C[C@]12Cc3cnn(-c4ccc(F)cc4)c3C=C1CCC[C@@H]2[C@@H](O)c1cccc(O)c1,7.6
663,C[C@H](NC(=O)C(C)(F)F)[C@H](Oc1ccc2c(cnn2-c2cccc(C(=O)N[C@@H]3CCOC3)c2)c1)c1ccc2c(c1)OCCO2,9.556666666666665
664,C[C@H](NC(=O)C(C)(F)F)[C@H](Oc1ccc2c(cnn2-c2cccc(C(=O)N[C@@H]3CCC[C@@H]3O)c2)c1)c1ccc2c(c1)OCCO2,9.19
665,C[C@H](NC(=O)C(C)(F)F)[C@H](Oc1ccc2c(cnn2-c2cccc(C(=O)NC3CCS(=O)(=O)C3)c2)c1)c1ccc2c(c1)OCCO2,9.18
666,C[C@H](NC(=O)C(C)(F)F)[C@H](Oc1ccc2c(cnn2-c2cccc(C(=O)NC3CCCC3)c2)c1)c1ccc2c(c1)OCOC2,9.1
667,C[C@H](NC(=O)C(C)(F)F)[C@H](Oc1ccc2c(cnn2-c2cccc(C(=O)N[C@H]3CCOC3)c2)c1)c1ccc2c(c1)OCCO2,9.48
668,C[C@H](NC(=O)C(C)(F)F)[C@H](Oc1ccc2c(cnn2-c2cccc(C(=O)N[C@H]3CCOC3)c2)c1)c1ccc2c(c1)OCOC2,9.293333333333331
669,C[C@H](NC(=O)C(C)(F)F)[C@H](Oc1ccc2c(cnn2-c2cccc(C(=O)NC3CCCC3)c2)c1)c1ccc2c(c1)OCCO2,8.89
670,C[C@H](NC(=O)C(C)(F)F)[C@H](Oc1ccc2c(cnn2-c2cccc(C(=O)N[C@H]3CCS(=O)(=O)C3)c2)c1)c1ccc2c(c1)OCCO2,9.136666666666665
671,C[C@H](NC(=O)C(C)(F)F)[C@H](Oc1ccc2c(cnn2-c2cccc(C(=O)N[C@@H]3CCS(=O)(=O)C3)c2)c1)c1ccc2c(c1)OCCO2,9.106
672,C[C@H](NC(=O)C(C)(F)F)[C@H](Oc1ccc2c(cnn2-c2cccc(C(=O)N[C@@H]3CCC[C@@H]3O)c2)c1)c1ccc2c(c1)OCOC2,8.76
673,C[C@H](NC(=O)C(C)(F)F)[C@H](Oc1ccc2c(cnn2-c2cccc(C(=O)N[C@@H]3CCOC3=O)c2)c1)c1ccc2c(c1)OCCO2,8.926666666666666
674,C[C@H](NC(=O)C(C)(F)F)[C@H](Oc1ccc2c(cnn2-c2cccc(C(=O)N[C@H]3CCC[C@@H]3O)c2)c1)c1ccc2c(c1)OCOC2,8.46
675,C[C@H](NC(=O)C(C)(F)F)[C@H](Oc1ccc2c(cnn2-c2cccc(C(=O)N[C@H]3CC[S+]([O-])C3)c2)c1)c1ccc2c(c1)OCOC2,8.405
676,C[C@H](NC(=O)C(C)(F)F)[C@@H](Oc1ccc2c(cnn2-c2cccc(C(=O)N[C@@H]3CCOC3)c2)c1)c1ccc2c(c1)OCCO2,7.9
677,C[C@H](NC(=O)C(C)(F)F)[C@@H](Oc1ccc2c(cnn2-c2cccc(C(=O)N[C@H]3CCOC3)c2)c1)c1ccc2c(c1)OCCO2,7.61
678,C[C@]12Cc3cnn(-c4ccc(F)cc4)c3C=C1CCC[C@@H]2[C@](C)(O)c1ccsc1,9.1
679,C[C@]12Cc3cnn(-c4ccc(F)cc4)c3C=C1CCC[C@@H]2[C@@H](O)c1ccoc1,8.54
680,C[C@]12Cc3cnn(-c4ccc(F)cc4)c3C=C1CCC[C@@H]2[C@@H](O)c1cccs1,8.15
681,C[C@]12Cc3cnn(-c4ccc(F)cc4)c3C=C1CCC[C@@H]2[C@@H](O)c1ccc(Cl)s1,8.12
682,C[C@]12Cc3cnn(-c4ccc(F)cc4)c3C=C1CCC[C@@H]2[C@@H](O)c1cc(Cl)sc1Cl,7.99
683,C[C@]12Cc3cnn(-c4ccc(F)cc4)c3C=C1CCC21O[C@H](c2ccccc2)[C@@H](c2ccccc2)O1,8.0
684,C[C@H](NC(=O)C(C)(F)F)[C@H](Oc1ccc2c(cnn2-c2ccc(F)cc2)c1)c1ccc2c(c1)OCCO2,10.4
685,C[C@H](NC(=O)C(F)(F)F)[C@H](Oc1ccc2c(cnn2-c2ccc(F)cc2)c1)c1ccc2c(c1)OCCO2,10.34
686,C[C@H](NC(=O)C(F)(F)F)[C@H](Oc1ccc2c(cnn2-c2ccc(F)cc2)c1)c1cnc2ccccc2c1,10.4
687,C[C@H](NC(=O)C(C)(F)F)[C@H](Oc1ccc2c(cnn2-c2ccc(F)cc2)c1)c1ccc2c(c1)OCOC2,10.03
688,C[C@H](NC(=O)C(C)(F)F)[C@H](Oc1ccc2c(cnn2-c2ccc(F)cc2)c1)c1ccc2c(c1)COCO2,9.65
689,CC[C@@H](O)CNC(=O)c1cccc(-n2ncc3cc(O[C@H](c4ccc5c(c4)OCOC5)[C@H](C)NC(=O)C(C)(F)F)ccc32)c1,8.67
690,C[C@H](NC(=O)C(F)(F)F)[C@H](Oc1ccc2c(cnn2-c2ccc(F)cc2)c1)c1ccc2ccccc2c1,9.225
691,COc1ccc(F)cc1C(C)(C)CC(O)(Cc1cc2cc(N3CCOCC3)ncc2[nH]1)C(F)(F)F,8.7
692,Cc1ccc(F)cc1C(C)(C)CC(O)(Cc1cc2cc(N3CCOCC3)ncc2[nH]1)C(F)(F)F,8.52
693,Cc1ccc(F)cc1C(C)(C)CC(O)(Cc1cc2cc(-c3ccccc3)nnc2[nH]1)C(F)(F)F,8.055
694,Cc1ccc(F)cc1C(C)(C)CC(O)(Cc1cc2nc(-c3ccccc3)ncc2[nH]1)C(F)(F)F,8.2
695,CC(C)(CC(O)(Cc1cc2cc(N3CCOCC3)ncc2[nH]1)C(F)(F)F)c1ccccc1,7.935
696,CC(C)(CC(O)(Cc1cc2cc(N3CCOCC3)ncc2[nH]1)C(F)(F)F)c1cccc(F)c1,7.9
697,CC(C)(CC(O)(Cc1cc2cc(N3CCOCC3)ncc2[nH]1)C(F)(F)F)c1ccccc1S(C)(=O)=O,8.35
698,Cc1ccc(F)cc1C(C)(C)CC(O)(Cc1cc2nc(-c3ccccc3)cnc2[nH]1)C(F)(F)F,7.96
699,Cc1ccc(F)cc1C(C)(C)CC(O)(Cc1cc2nc(-c3cccnc3)ncc2[nH]1)C(F)(F)F,8.11
700,CC(C)(CC(O)(Cc1cc2cc(N3CCOCC3)ncc2[nH]1)C(F)(F)F)c1ccc(F)cc1,7.585
701,Cc1ccc(F)cc1C(C)(C)CC(O)(Cc1cc2nc(N3CCOCC3)ncc2[nH]1)C(F)(F)F,8.06
702,Cc1ccc(F)cc1C(C)(C)CC(O)(Cc1cc2nc(N3CCS(=O)(=O)CC3)ncc2[nH]1)C(F)(F)F,7.91
703,CC(C)(CC(O)(Cc1cc2cc(N3CCOCC3)ncc2[nH]1)C(F)(F)F)c1ccccc1C(N)=O,8.06
704,CC(C)(CC(O)(Cc1cc2cc(N3CCOCC3)ncc2[nH]1)C(F)(F)F)c1ccccc1S(N)(=O)=O,7.915
705,CC(C)(CC(O)(Cc1cc2cc(N3CCOCC3)ncc2[nH]1)C(F)(F)F)c1cccc(O)c1,7.45
706,Cc1ccc(F)cc1C(C)(C)CC(O)(Cc1cc2cc(-c3ccccc3)ncc2[nH]1)C(F)(F)F,8.14
707,CC(C)(CC(O)(Cc1cc2cc(N3CCOCC3)ncc2[nH]1)C(F)(F)F)c1cccc(C(N)=O)c1,7.295
708,CC(C)(CC(O)(Cc1cc2cc(N3CCOCC3)ncc2[nH]1)C(F)(F)F)c1cccc(S(C)(=O)=O)c1,7.215
709,C[C@H](NC(=O)C(C)(F)F)[C@H](Oc1ccc2c(cnn2-c2ccc(F)cc2)c1)c1ccc2c(c1)OCC2,10.245
710,C/C=C/[C@H]1OC2(CCC3=Cc4c(cnn4-c4ccc(F)cc4)C[C@@]32C)O[C@@H]1/C=C/C,8.57
711,C=C[C@H]1CO[C@]2(CCC3=Cc4c(cnn4-c4ccc(F)cc4)C[C@@]32C)O1,8.25
712,C=C[C@@H]1CO[C@]2(CCC3=Cc4c(cnn4-c4ccc(F)cc4)C[C@@]32C)O1,8.24
713,CC[C@H]1OC2(CCC3=Cc4c(cnn4-c4ccc(F)cc4)C[C@@]32C)O[C@@H]1CC,8.18
714,C=C[C@H]1OC2(CCC3=Cc4c(cnn4-c4ccc(F)cc4)C[C@@]32C)O[C@@H]1C=C,8.1
715,C[C@H]1OC2(CCC3=Cc4c(cnn4-c4ccc(F)cc4)C[C@@]32C)O[C@@H]1C,7.62
716,COC[C@H]1OC2(CCC3=Cc4c(cnn4-c4ccc(F)cc4)C[C@@]32C)O[C@@H]1COC,7.58
717,C=C[C@@H]1CO[C@@]2(CCC3=Cc4c(cnn4-c4ccc(F)cc4)C[C@@]32C)O1,7.42
718,C=C[C@H]1CO[C@@]2(CCC3=Cc4c(cnn4-c4ccc(F)cc4)C[C@@]32C)O1,7.31
719,C[C@]12Cc3cnn(-c4ccc(F)cc4)c3C=C1CCC21OCCO1,7.38
720,C[C@]12Cc3cnn(-c4ccc(F)cc4)c3C=C1CCCC21O[C@H](c2ccccc2)[C@@H](c2ccccc2)O1,8.0
721,O=S(=O)(Cc1ccccc1)Nc1ccc(-c2ccc3c(cnn3-c3ccc(F)cc3)c2)c(C(F)(F)F)c1,8.0
722,O[C@@]1(Cc2ccccc2)CCCCC[C@@]12C=Cc1c(cnn1-c1ccc(F)cc1)C2,7.05
723,C=C[C@H]1OC2(CCCC3=Cc4c(cnn4-c4ccc(F)cc4)C[C@@]32C)O[C@@H]1C=C,8.92
724,C/C=C/[C@H]1OC2(CCCC3=Cc4c(cnn4-c4ccc(F)cc4)C[C@@]32C)O[C@@H]1/C=C/C,8.6
725,CC[C@H]1OC2(CCCC3=Cc4c(cnn4-c4ccc(F)cc4)C[C@@]32C)O[C@@H]1CC,8.26
726,CCC[C@H]1OC2(CCCC3=Cc4c(cnn4-c4ccc(F)cc4)C[C@@]32C)O[C@@H]1CCC,8.05
727,C[C@H]1OC2(CCCC3=Cc4c(cnn4-c4ccc(F)cc4)C[C@@]32C)O[C@@H]1C,8.0
728,C[C@]12Cc3cnn(-c4ccc(F)cc4)c3C=C1CCCC21OCCO1,7.85
729,CCCC[C@H]1OC2(CCCC3=Cc4c(cnn4-c4ccc(F)cc4)C[C@@]32C)O[C@@H]1CCCC,7.66
730,C[C@@H]1CC(C)(C)O[C@@]2(CCC3=Cc4c(cnn4-c4ccc(F)cc4)C[C@@]32C)O1,8.68
731,C[C@@H]1CC(C)(C)O[C@]2(CCC3=Cc4c(cnn4-c4ccc(F)cc4)C[C@@]32C)O1,8.66
732,C[C@@H]1C[C@H](C)O[C@@]2(CCC3=Cc4c(cnn4-c4ccc(F)cc4)C[C@@]32C)O1,8.51
733,C[C@H]1C[C@H](C)OC2(CCC3=Cc4c(cnn4-c4ccc(F)cc4)C[C@@]32C)O1,8.15
734,C[C@@H]1C[C@@H](C)OC2(CCC3=Cc4c(cnn4-c4ccc(F)cc4)C[C@@]32C)O1,8.08
735,C[C@@H]1CCO[C@@]2(CCC3=Cc4c(cnn4-c4ccc(F)cc4)C[C@@]32C)O1,7.75
736,C[C@H]1CCO[C@]2(CCC3=Cc4c(cnn4-c4ccc(F)cc4)C[C@@]32C)O1,7.68
737,CC1(C)COC2(CCC3=Cc4c(cnn4-c4ccc(F)cc4)C[C@@]32C)OC1,7.55
738,O[C@@]1(c2ccccc2)CCCCC[C@@]12C=Cc1c(cnn1-c1ccc(F)cc1)C2,8.22
739,O[C@]1(c2ccccc2)CCCCC[C@@]12C=Cc1c(cnn1-c1ccc(F)cc1)C2,8.02
740,C[C@H](NC(=O)C(C)(F)F)[C@H](Oc1ccc2c(cnn2-c2ccc(=O)n(C3CC3)c2)c1)c1ccccc1,8.41
741,CS(=O)(=O)Nc1ccc(-c2ccc3c(cnn3-c3ccc(F)cc3)c2)c(C(F)(F)F)c1,8.0
742,CCS(=O)(=O)Nc1ccc(-c2ccc3c(cnn3-c3ccc(F)cc3)c2)c(C(F)(F)F)c1,8.0
743,CC(C)NS(=O)(=O)c1ccc(-c2ccc3c(cnn3-c3ccc(F)cc3)c2)c(C(F)(F)F)c1,7.9
744,CC(C)S(=O)(=O)Nc1ccc(-c2ccc3c(cnn3-c3ccc(F)cc3)c2)c(C(F)(F)F)c1,7.6
745,CCCS(=O)(=O)Nc1ccc(-c2ccc3c(cnn3-c3ccc(F)cc3)c2)c(C(F)(F)F)c1,7.8
746,O=S(=O)(NCCO)c1ccc(-c2ccc3c(cnn3-c3ccc(F)cc3)c2)c(C(F)(F)F)c1,7.8
747,CCNS(=O)(=O)c1ccc(-c2ccc3c(cnn3-c3ccc(F)cc3)c2)c(C(F)(F)F)c1,7.7
748,CCCNS(=O)(=O)c1ccc(-c2ccc3c(cnn3-c3ccc(F)cc3)c2)c(C(F)(F)F)c1,7.5
749,CC(C)CNS(=O)(=O)c1ccc(-c2ccc3c(cnn3-c3ccc(F)cc3)c2)c(C(F)(F)F)c1,7.4
750,CC[C@@]12C[C@H](O)[C@](O)(c3ccccc3)C[C@H]1CCc1cc(OCc3cccnc3C)ccc12,8.12
751,CC[C@@]12C[C@@](C)(O)[C@](O)(c3ccccc3)C[C@H]1CC(=O)c1cc(OC(=O)c3ccccc3)ccc12,8.16
752,CC[C@@]12CC[C@](O)(c3ccccc3)C[C@H]1CCc1cc(OCc3cccnc3C)ccc12,8.22
753,C[C@@H]1C[C@@H](C)OC2(CCCC3=Cc4c(cnn4-c4ccc(F)cc4)C[C@@]32C)O1,8.08
754,O=S(=O)(Nc1ccc(-c2ccc3c(cnn3-c3ccc(F)cc3)c2)c(C(F)(F)F)c1)c1ccsc1,7.45
755,C[C@]12Cc3cnn(-c4ccc(F)cc4)c3C=C1CC[C@@H]1[C@@H]2[C@@H](O)C[C@@]2(C)[C@H]1CC[C@]2(O)C(=O)CO,8.395
756,C[C@]12Cc3cnn(-c4ccccc4)c3C=C1CC[C@@H]1[C@@H]2[C@@H](O)C[C@@]2(C)[C@H]1CC[C@]2(O)C(=O)CO,9.2
757,C[C@]12Cc3cnn(C4CCCCC4)c3C=C1CC[C@@H]1[C@@H]2[C@@H](O)C[C@@]2(C)[C@H]1CC[C@]2(O)C(=O)CO,8.435
758,C[C@H]1c2c(cc(F)c(-c3cccc4cc[nH]c34)c2F)NC(C)(C)[C@@H]1OC(=O)Nc1ccc2c(c1)OCO2,7.685
759,CC(C)[C@H](NC(=O)C(C)(F)F)[C@H](Oc1ccc2c(cnn2-c2ccns2)c1)c1ccccc1,7.41
760,CC(C)[C@H](NC(=O)C(C)(F)F)[C@H](Oc1ccc2c(cnn2-c2cscn2)c1)c1ccccc1,7.88
761,CC[C@@H](Cn1ccc2ccccc21)NS(=O)(=O)c1c(N)cc(Cl)cc1Cl,8.7
762,COc1ccc(F)cc1C(C)(C)CC(O)(Cn1ccc2ncccc21)C(F)(F)F,8.625
763,CC(Cc1c[nH]c2ccccc12)NS(=O)(=O)c1c(N)cc(Cl)cc1Cl,8.3
764,CC[C@@H](Cn1cc(C#N)c2ccccc21)NS(=O)(=O)c1c(N)cc(Cl)cc1Cl,8.575
765,Cc1cc(C)c(S(=O)(=O)NC(Cc2c[nH]c3ccc(C)cc23)C(F)(F)F)c(C)c1,8.0
766,CC[C@@H](Cn1cc(C)c2ccccc21)NS(=O)(=O)c1c(N)cc(Cl)cc1Cl,8.35
767,CC(C)(Cc1c[nH]c2ccccc12)NS(=O)(=O)c1c(N)cc(Cl)cc1Cl,7.82
768,Cc1cc(C)c(S(=O)(=O)NC(Cn2cc(C#N)c3ccccc32)C(F)(F)F)c(C)c1,7.82
769,Cc1cc(C)c(S(=O)(=O)NC(Cc2c[nH]c3ccccc23)C(F)(F)F)c(C)c1,7.82
770,Cc1cc(C)c(S(=O)(=O)NC(Cc2c[nH]c3c(C#N)cc(C)cc23)C(F)(F)F)c(C)c1,8.06
771,Cc1cc(C)c(S(=O)(=O)NC(Cc2c[nH]c3cccc(C)c23)C(F)(F)F)c(C)c1,7.75
772,Cc1cc(C)c(S(=O)(=O)NC(Cc2c[nH]c3c(C)cccc23)C(F)(F)F)c(C)c1,7.7
773,Cc1cc(C)c(S(=O)(=O)NC(Cn2ccc3ccccc32)C(F)(F)F)c(C)c1,7.6
774,Cc1cc(C)c(S(=O)(=O)N[C@@H](C)Cc2c[nH]c3ccccc23)c(C)c1,7.47
775,O=S(=O)(NC(Cc1c[nH]c2ccccc12)C(F)(F)F)c1c(Cl)cc(Cl)cc1Cl,7.46
776,Cc1cc(C)c(S(=O)(=O)NC(Cc2c[nH]c3cc(C)ccc23)C(F)(F)F)c(C)c1,7.43
777,Cc1cc(C)c(S(=O)(=O)NC(C)Cc2c[nH]c3ccccc23)c(C)c1,7.4
778,Cc1cc(C)c(S(=O)(=O)NC(Cc2c[nH]c3c(C#N)cccc23)C(F)(F)F)c(C)c1,7.675
779,COc1ccc(F)cc1C(C)(C)CC(O)(Cn1cnc2ccccc21)C(F)(F)F,7.27
780,Nc1cc(Cl)cc(Cl)c1S(=O)(=O)NC(Cc1c[nH]c2ccccc12)C(F)(F)F,7.625
781,Cc1cc(C)c(S(=O)(=O)NC(Cn2ccc3c(C#N)cccc32)C(F)(F)F)c(C)c1,7.22
782,CCC(Cc1c[nH]c2ccccc12)NS(=O)(=O)c1c(Cl)cc(Cl)cc1Cl,7.19
783,CC(Cc1c[nH]c2ccccc12)NS(=O)(=O)c1c(Cl)cc(Cl)cc1Cl,7.19
784,Cc1cc(C)c(S(=O)(=O)NC(C)Cc2c[nH]c3ccc(F)cc23)c(C)c1,7.19
785,CC(Cc1c[nH]c2ccccc12)NS(=O)(=O)c1c(C(C)C)cc(C(C)C)cc1C(C)C,7.17
786,Cc1cc(C)c(S(=O)(=O)NC(C)Cc2c[nH]c3cc(F)ccc23)c(C)c1,7.1
787,Cc1cc(NC[C@H](C)NS(=O)(=O)C2CC2)c2cnn(-c3cccc(C(=O)NCC(N)=O)c3)c2c1,8.2
788,Cc1cc(NC[C@H](C)NS(=O)(=O)C2CC2)c2cnn(-c3cccc(C(=O)NC(C)C)c3)c2c1,8.133333333333333
789,Cc1cc(NC[C@H](C)NS(=O)(=O)C2CC2)c2cnn(-c3cccc(C(=O)N(C)[C@H](C)C(N)=O)c3)c2c1,7.8
790,Cc1cc(NC[C@H](C)NS(=O)(=O)C2CC2)c2cnn(-c3cccc(C(=O)N[C@H](C)C(N)=O)c3)c2c1,8.0
791,Cc1cc(NC[C@H](C)NS(=O)(=O)C2CC2)c2cnn(-c3cccc(C(=O)N[C@@H](C)C(N)=O)c3)c2c1,7.85
792,Cc1nn(C2CCCC2)c(C)c1S(=O)(=O)N[C@@H](C)CNc1cccc2c1cnn2-c1ccc(F)nc1,8.17
793,Cc1nn(C2CCCC2)c(C)c1S(=O)(=O)N[C@@H](C)CNc1cccc2c1cnn2-c1ccc(F)cc1,8.215
794,Cc1nn(C2CCCC2)c(C)c1S(=O)(=O)N[C@@H](C)CNc1cccc2c1cnn2-c1cncnc1,7.805
795,Cc1nn(C2CCCC2)c(C)c1S(=O)(=O)N[C@@H](C)CNc1cccc2c1cnn2-c1ccc(OC(F)(F)F)cc1,7.92
796,Cc1nn(C2CCCC2)c(C)c1S(=O)(=O)N[C@@H](C)CNc1cccc2c1cnn2-c1ccc(C#N)cc1,8.006666666666666
797,COc1ncc(-n2ncc3c(NC[C@H](C)NS(=O)(=O)c4c(C)nn(C5CCCC5)c4C)cccc32)cn1,7.64
798,CC1(CC(O)(CNc2cccc3ncccc23)C(F)(F)F)CCCc2ccccc21,8.355
799,Cc1ccc2c(NCC(O)(CC3(C)CCCc4ccccc43)C(F)(F)F)cccc2n1,8.158
800,CCC1(CC(O)(CNc2cccc3cnccc23)C(F)(F)F)CCCc2ccccc21,8.3075
801,CCC1(CC(O)(CNc2cccc3ncccc23)C(F)(F)F)CCCc2ccccc21,7.93
802,CCC1(CC(O)(CNc2cccc3nc(C)ccc23)C(F)(F)F)CCCc2ccccc21,7.89125
803,CC1(CC(O)(CNc2cccc3cnccc23)C(F)(F)F)CCCc2ccccc21,7.985
804,CC(C)(C[C@@](O)(Cc1cc2ccc(C#N)cc2[nH]1)C(F)(F)F)c1cc(S(C)(=O)=O)cc2c1OCC2,8.125
805,CC(C)(CC(O)(Cc1cc2ccncc2[nH]1)C(F)(F)F)c1cc(F)cc2c1OCC2,8.335
806,CC(C)(CC(O)(Cc1cc2ccncc2[nH]1)C(F)(F)F)c1cccc2c1OCC2,8.085
807,CC(C)(CC(O)(Cc1cc2ccc(C#N)cc2[nH]1)C(F)(F)F)c1cc(S(C)(=O)=O)cc2c1OCC2,7.855
808,CC(C)(CC(O)(Cc1cc2cc(C#N)ccc2[nH]1)C(F)(F)F)c1cc(S(C)(=O)=O)cc2c1OCC2,7.805
809,CC(C)(CC(O)(Cc1cc2ccccc2[nH]1)C(F)(F)F)c1cc(S(C)(=O)=O)cc2c1OCC2,7.61
810,CC(C)(CC(O)(Cc1cc2ccncc2[nH]1)C(F)(F)F)c1cc(Cl)cc2c1OCC2,7.96
811,CC(C)(CC(O)(Cc1cc2ccccc2[nH]1)C(F)(F)F)c1cc(F)cc2c1OCC2,7.89
812,Cc1cc2c(c(C(C)(C)CC(O)(Cc3cc4ccccc4[nH]3)C(F)(F)F)c1)OCC2,8.075
813,CC(C)(CC(O)(Cc1cc2ncncc2[nH]1)C(F)(F)F)c1cc(Cl)cc2c1OCC2,8.095
814,CC(C)(CC(O)(Cc1cc2ccccc2[nH]1)C(F)(F)F)c1cc(C#N)cc2c1OCC2,7.82
815,CC(C)(CC(O)(Cc1cc2ccccc2[nH]1)C(F)(F)F)c1cccc2c1OCC2,7.86
816,CC(C)(CC(O)(Cc1cc2ncncc2[nH]1)C(F)(F)F)c1cc(F)cc2c1OCC2,7.885
817,CC(C)(CC(O)(Cc1cc2ccccc2[nH]1)C(F)(F)F)c1cc(Br)cc2c1OCC2,7.65
818,CCCCC1(CC(O)(C(=O)Nc2ccc3c(=O)onc(C)c3c2)C(F)(F)F)CCCc2ccccc21,8.345
819,Cc1cccc2c1CCCC2CC(O)(C(=O)Nc1ccc2c(=O)onc(C)c2c1)C(F)(F)F,8.1
820,Cc1noc(=O)c2ccc(NC(=O)C(O)(CC3(CC(C)C)CCCc4ccccc43)C(F)(F)F)cc12,8.13
821,Cc1noc(=O)c2ccc(NC(=O)C(O)(CC3(C(C)C)CCCc4ccccc43)C(F)(F)F)cc12,8.425
822,CCC1(CC(O)(C(=O)Nc2ccc3c(=O)onc(C)c3c2)C(F)(F)F)CCCc2c([N+](=O)[O-])cccc21,8.3
823,Cc1noc(=O)c2ccc(NC(=O)C(O)(CC3CCCc4c(Cl)cccc43)C(F)(F)F)cc12,8.05
824,CCC(CC)C1(CC(O)(C(=O)Nc2ccc3c(=O)onc(C)c3c2)C(F)(F)F)CCCc2ccccc21,8.126666666666665
825,CCCC1(CC(O)(C(=O)Nc2ccc3c(=O)onc(C)c3c2)C(F)(F)F)CCCc2ccccc21,8.06
826,CCC1(CC(O)(C(=O)Nc2ccc3c(=O)onc(C)c3c2)C(F)(F)F)CCCc2ccccc21,8.255
827,CCC1(CC(O)(C(=O)Nc2ccc3c(=O)onc(C)c3c2)C(F)(F)F)CCCc2ccc([N+](=O)[O-])cc21,8.2
828,Cc1noc(=O)c2ccc(NC(=O)C(O)(CC3CCCc4ccccc43)C(F)(F)F)cc12,8.1
829,CCC1(CC(O)(C(=O)Nc2ccc3c(=O)onc(C)c3c2)C(F)(F)F)CCCc2cc([N+](=O)[O-])ccc21,8.1
830,Cc1noc(=O)c2ccc(NC(=O)C(O)(CC3(C)CCCc4ccccc43)C(F)(F)F)cc12,7.933333333333333
831,Cc1noc(=O)c2ccc(NC(=O)C(O)(CC3(C(C)(C)C)CCCc4ccccc43)C(F)(F)F)cc12,7.94
832,CCC1(CC(O)(C(=O)Nc2ccc3c(=O)onc(C)c3c2)C(F)(F)F)CCOc2ccccc21,7.855
833,Cc1noc(=O)c2ccc(NC(=O)C(O)(CC3CCCc4cc(F)ccc43)C(F)(F)F)cc12,7.9
834,Cc1noc(=O)c2ccc(NC(=O)C(O)(CC3CCCc4c3cccc4[N+](=O)[O-])C(F)(F)F)cc12,7.9
835,COc1cccc2c1CCCC2CC(O)(C(=O)Nc1ccc2c(=O)onc(C)c2c1)C(F)(F)F,7.9
836,Cc1noc(=O)c2ccc(NC(=O)C(O)(CC3CCCc4c(F)cccc43)C(F)(F)F)cc12,7.8
837,Cc1noc(=O)c2ccc(NC(=O)C(O)(CC3CCCc4c(C#N)cccc43)C(F)(F)F)cc12,7.8
838,Cc1noc(=O)c2ccc(NC(=O)C(O)(CC3CCCc4ccc(F)cc43)C(F)(F)F)cc12,7.8
839,Cc1noc(=O)c2ccc(NC(=O)C(O)(CC3CCCc4ccc([N+](=O)[O-])cc43)C(F)(F)F)cc12,7.7
840,Cc1noc(=O)c2ccc(NC(=O)C(O)(CC3CCCc4c(N)cccc43)C(F)(F)F)cc12,7.6
841,Cc1noc(=O)c2ccc(NC(=O)C(O)(CC3CCCc4c(Br)cccc43)C(F)(F)F)cc12,7.75
842,Cc1noc(=O)c2ccc(NC(=O)C(O)(CC3CCCc4cccc(F)c43)C(F)(F)F)cc12,7.5
843,CCN(CC(O)(CNC(=O)c1cnn(-c2ccc(F)cc2)c1N)C(F)(F)F)C(=O)c1c(Cl)cccc1Cl,8.5
844,CCN(C[C@](O)(CNC(=O)c1cnn(-c2ccc(F)cc2)c1N)C(F)(F)F)C(=O)c1c(Cl)cccc1Cl,8.5
845,CCN(CC(O)(CNC(=O)c1cnn(-c2ccc(F)cc2)c1N)C(F)(F)F)C(=O)c1c(Cl)cc(Cl)cc1Cl,8.2
846,CCN(CC(O)(CNC(=O)c1cnn(-c2ccc(F)cc2)c1N)C(F)(F)F)C(=O)c1c(F)cccc1F,8.1
847,CCN(CC(O)(CNC(=O)c1cnn(-c2ccc(F)cc2)c1N)C(F)(F)F)C(=O)c1cccc(F)c1Cl,8.1
848,CCN(CC(O)(CNC(=O)c1cnn(-c2ccc(F)cc2)c1N)C(F)(F)F)C(=O)c1ccccc1F,7.9
849,Nc1c(C(=O)NCC(O)(CN(CCO)C(=O)c2c(F)cccc2F)C(F)(F)F)cnn1-c1ccc(F)cc1,7.8
850,CCN(CC(O)(CNC(=O)c1cnn(-c2ccc(F)cc2)c1N)C(F)(F)F)C(=O)c1cccc(Cl)c1,7.8
851,CCCN(CC(O)(CNC(=O)c1cnn(-c2ccc(F)cc2)c1N)C(F)(F)F)C(=O)c1c(F)cccc1F,7.8
852,CCN(CC(O)(CNC(=O)c1cnn(-c2ccc(F)cc2)c1N)C(F)(F)F)C(=O)c1ccc(F)cc1Cl,7.7
853,Nc1c(C(=O)NCC(O)(CN(CCF)C(=O)c2c(F)cccc2F)C(F)(F)F)cnn1-c1ccc(F)cc1,7.7
854,CCN(CC(O)(CNC(=O)c1cnn(-c2ccccc2)c1N)C(F)(F)F)S(=O)(=O)c1ccc(F)cc1,7.5
855,CCN(CC(O)(CNC(=O)c1cnn(-c2ccc(F)cc2)c1N)C(F)(F)F)C(=O)c1cccnc1Cl,7.4
856,CCN(CC(O)(CNC(=O)c1cnn(-c2ccc(F)cc2)c1N)C(F)(F)F)C(=O)c1ccccc1,7.6
857,CCN(CC(O)(CNC(=O)c1cnn(-c2ccc(F)cc2)c1N)C(F)(F)F)C(=O)c1c(F)cccc1S(C)(=O)=O,7.3
858,CCN(CC(O)(CNC(=O)c1cnn(-c2ccc(F)cc2)c1N)C(F)(F)F)C(=O)c1ccccc1S(C)(=O)=O,7.2
859,CN(CC(O)(CNC(=O)c1cnn(-c2ccc(F)cc2)c1N)C(F)(F)F)C(=O)c1c(F)cccc1F,7.1
860,COc1ccc(F)cc1C(C)(C)C[C@@](O)(Cc1cc2cc(C#N)ccc2[nH]1)C(F)(F)F,8.76
861,COc1ccc(F)cc1C(C)(C)C[C@@](O)(Cc1cc2ccncc2[nH]1)C(F)(F)F,8.256666666666666
862,COc1ccc(F)cc1C(C)(C)C[C@@](O)(Cc1cc2cnccc2[nH]1)C(F)(F)F,8.403333333333332
863,Cc1ccc(F)cc1C(C)(C)C[C@@](O)(Cc1cc2cnccc2[nH]1)C(C)(C)C,8.135
864,CC(C)(C[C@@](O)(Cc1cc2ccncc2[nH]1)C(F)(F)F)c1cc(F)ccc1O,8.086666666666666
865,COc1ccc(F)cc1C(C)(C)CC(O)(Cc1cc2cnccc2[nH]1)C(C)(C)C,8.225
866,COc1ccc(F)cc1C(C)(C)CC(O)(Cc1cc2ccncc2[nH]1)C(F)(F)F,8.1925
867,CC(C)(C[C@@](O)(Cc1cc2cnccc2[nH]1)C(F)(F)F)c1cc(F)ccc1O,8.033333333333333
868,COc1ccc(F)cc1C(C)(C)CC(O)(Cc1cc2c(C#N)cccc2[nH]1)C(F)(F)F,8.2
869,Cc1ccc(F)cc1C(C)(C)CC(O)(Cc1cc2cnccc2[nH]1)C(C)(C)C,7.88
870,Cc1ccc(F)cc1C(C)(C)CC(O)(Cc1cc2cnncc2[nH]1)C(F)(F)F,8.41
871,Cc1ccc(F)cc1C(C)(C)CC(O)(Cc1cc2cc(N)ncc2[nH]1)C(F)(F)F,7.79
872,Cc1ccc(F)cc1C(C)(C)CC(O)(Cc1cc2cc(C(N)=O)ncc2[nH]1)C(F)(F)F,8.15
873,COc1ccc(F)cc1C(C)(C)CC(O)(Cc1cc2ccncc2s1)C(F)(F)F,7.805
874,COc1ccc(F)cc1C(C)(C)CC(O)(Cc1cc2cnccc2[nH]1)C(F)(F)F,8.115
875,COc1ccc(F)cc1C(C)(C)CC(O)(Cc1cc2cc(C#N)ccc2[nH]1)C(F)(F)F,8.03
876,COc1ccc(F)cc1C(C)(C)CC(O)(Cc1cc2ccncc2[nH]1)C(C)(C)C,7.77
877,Cc1ccc(F)cc1C(C)(C)CC(O)(Cc1[nH]c2cnccc2c1C)C(F)(F)F,8.175
878,CC(C)(CC(O)(Cc1cc2ncncc2[nH]1)C(F)(F)F)c1ccc(F)cc1O,8.175
879,Cc1ccc(F)cc1C(C)(C)C[C@@](O)(Cc1cc2nnccc2[nH]1)C(F)(F)F,8.175
880,COc1ccc(F)cc1C(C)(C)CC(O)(Cc1cc2ccncc2[nH]1)C(C)C,7.595
881,CC(C)(CC(O)(Cc1cc2ccncc2[nH]1)C(F)(F)F)c1ccccc1,7.77
882,Cc1ccc(F)cc1C(C)(C)CC(O)(Cc1cc2cc(OC(C)C)ncc2[nH]1)C(F)(F)F,8.26
883,COc1ccc(F)cc1C(C)(C)C[C@@](O)(Cc1cc2ccccc2[nH]1)C(F)(F)F,8.075
884,Cc1ccc(F)cc1C(C)(C)CC(O)(Cc1cc2ccncc2[nH]1)C(F)(F)F,7.71
885,Cc1ccc(F)cc1C(C)(C)CC(O)(Cc1cc2cc(N(C)C)ncc2[nH]1)C(F)(F)F,7.71
886,COc1ccc(F)cc1C(C)(C)CC(O)(Cc1cc2cncnc2[nH]1)C(F)(F)F,8.2
887,Cc1ccc(F)cc1C(C)(C)CC(O)(Cc1cc2c(C)cncc2[nH]1)C(F)(F)F,7.595
888,CC(C)(CC(O)(Cc1cc2ncncc2[nH]1)C(F)(F)F)c1cc(F)ccc1O,8.055
889,Cc1ccc(F)cc1C(C)(C)C[C@@](O)(Cc1cc2ncncc2[nH]1)C(F)(F)F,8.145
890,CCC(C)(C)C(O)(Cc1cc2ccncc2[nH]1)CC(C)(C)c1cc(F)ccc1OC,7.89
891,COc1ccc(F)cc1C(C)(C)CC(O)(Cc1cc2ccc(C#N)cc2[nH]1)C(F)(F)F,7.85
892,COc1ccc(F)cc1C(C)(C)CC(O)(Cc1cc2cccc(F)c2[nH]1)C(F)(F)F,7.63
893,Cc1ccc(F)cc1C(C)(C)CC(O)(Cc1cc2nnccc2[nH]1)C(F)(F)F,7.975
894,Cc1ccc(F)cc1C(C)(C)CC(O)(Cc1cc2ncncc2[nH]1)C(F)(F)F,7.91
895,COc1ccc(F)cc1C(C)(C)CC(O)(Cc1cc2ccccc2[nH]1)C(F)(F)F,7.635
896,COc1ccc(F)cc1C(C)(C)CC(O)(Cc1cc2cccnc2[nH]1)C(F)(F)F,7.68
897,CC(C)(CC(O)(Cc1cc2ncncc2[nH]1)C(F)(F)F)c1ccccc1S(C)(=O)=O,7.65
898,COc1ccc(F)cc1C(C)(C)CC(O)(Cc1cc2ncncc2[nH]1)C(F)(F)F,7.865
899,Cc1cc2cc(CC(O)(CC(C)(C)c3cc(F)ccc3C)C(F)(F)F)[nH]c2cn1,7.66
900,COc1ccc(F)cc1C(C)(C)CC(O)(Cc1cc2ccncc2o1)C(F)(F)F,7.66
901,CC(C)(CC(O)(Cc1cc2ccncc2[nH]1)C(F)(F)F)c1cccc(F)c1,7.32
902,COc1ccc(F)cc1C(C)(C)CC(O)(Cc1cc2ncccc2[nH]1)C(F)(F)F,7.64
903,COc1ccc(F)cc1C(C)(C)CC(O)(Cc1cc2cc(F)ccc2[nH]1)C(F)(F)F,7.365
904,Cc1ccc(F)cc1C(C)(C)CC(O)(Cc1cc2nc(C(C)C)ncc2[nH]1)C(F)(F)F,7.58
905,COc1ccc(F)cc1C(C)(C)CC(O)(Cc1cc2cccc(C#N)c2[nH]1)C(F)(F)F,7.57
906,COc1ccc(F)cc1C(C)(C)CC(O)(Cc1cc2cc(S(C)(=O)=O)ncc2[nH]1)C(F)(F)F,7.55
907,CCc1cccc2[nH]c(CC(O)(CC(C)(C)c3cc(F)ccc3OC)C(F)(F)F)cc12,7.305
908,COc1ccc(F)cc1C(C)(C)CC(O)(Cc1cc2c(C)cccc2[nH]1)C(F)(F)F,7.87
909,COc1ccc(F)cc1C(C)(C)CC(O)(Cc1cc2ccc(F)cc2[nH]1)C(F)(F)F,7.53
910,CC(C)(CC(O)(Cc1cc2cc(S(C)(=O)=O)ncc2[nH]1)C(F)(F)F)c1ccccc1S(C)(=O)=O,7.52
911,COc1ccc(F)cc1C(C)(C)CC(O)(Cc1cc2ccc(C)cc2[nH]1)C(F)(F)F,7.42
912,CC(C)(CC(O)(Cc1cc2cc(S(C)(=O)=O)ncc2[nH]1)C(F)(F)F)c1ccc(Cl)cc1C(N)=O,7.56
913,Cc1ccccc1C(C)(C)CC(O)(Cc1cc2ncncc2[nH]1)C(F)(F)F,7.625
914,Cc1ccc(C(C)(C)CC(O)(Cc2cc3cc(S(C)(=O)=O)ncc3[nH]2)C(F)(F)F)c(C(N)=O)c1,7.35
915,CCC(O)(Cc1cc2ccncc2[nH]1)CC(C)(C)c1cc(F)ccc1OC,7.29
916,CCS(=O)(=O)c1cc2cc(C[C@](O)(CC(C)(C)c3ccc(F)cc3C(N)=O)C(F)(F)F)[nH]c2cn1,7.425
917,COc1ccc(F)cc1C(C)(C)CC(O)(Cc1cc2cccc(C)c2[nH]1)C(F)(F)F,7.25
918,Cc1ccc(F)cc1C(C)(C)CC(O)(Cc1cc2nccnc2[nH]1)C(F)(F)F,7.24
919,CC(C)(CC(O)(Cc1cc2cc(S(C)(=O)=O)ncc2[nH]1)C(F)(F)F)c1ccc(F)cc1C(N)=O,7.23
920,COc1ccc(F)cc1C(C)(C)CC(O)(Cc1cc2cc(C)ccc2[nH]1)C(F)(F)F,7.18
921,CCS(=O)(=O)c1cc2cc(CC(O)(CC(C)(C)c3ccc(F)cc3C(N)=O)C(F)(F)F)[nH]c2cn1,7.25
922,COc1ccc(F)cc1C(C)(C)CC(O)(Cc1cc2ccc(C(F)(F)F)cc2[nH]1)C(F)(F)F,7.11
923,CC(C)(CC(O)(Cc1cc2cc(S(C)(=O)=O)ncc2[nH]1)C(F)(F)F)c1ccccc1C(N)=O,7.1
924,COc1ccc(F)cc1C(C)(C)C[C@](O)(Cc1cc2ccccc2[nH]1)C(F)(F)F,7.06
925,CCS(=O)(=O)c1cc2cc(C[C@](O)(CC(C)(C)c3ccccc3C(N)=O)C(F)(F)F)[nH]c2cn1,7.195
926,CCS(=O)(=O)c1cc2cc(CC(O)(CC(C)(C)c3ccccc3C(N)=O)C(F)(F)F)[nH]c2cn1,7.0
927,Cc1cc(C)c(S(=O)(=O)N[C@@H](C)CNc2cccc3c2cnn3-c2ccccc2)c(C)c1,8.693333333333333
928,Cc1cc(C)c(S(=O)(=O)N[C@@H](C)CNc2cccc3c2cnn3-c2cccnc2)c(C)c1,8.513333333333334
929,Cc1cc(C)c(S(=O)(=O)N[C@H](CNc2cccc3c2cnn3-c2ccc(F)cc2)C(C)C)c(C)c1,8.02
930,Cc1cc(C)c(S(=O)(=O)N[C@@H](C)CNc2cccc3c2cnn3-c2ccc(F)nc2)c(C)c1,8.306666666666665
931,Cc1cc(C)c(S(=O)(=O)NC(COc2cccc3c2cnn3-c2ccc(F)cc2)C(F)(F)F)c(C)c1,7.903333333333332
932,Cc1cc(C)c(S(=O)(=O)N[C@@H](C)CNc2cccc3c2cnn3-c2cccc(F)c2)c(C)c1,8.053333333333333
933,Cc1cc(C)c(S(=O)(=O)N[C@@H](C)CNc2cccc3c2cnn3-c2ccc(F)c(C)c2)c(C)c1,7.96
934,Cc1cc(C)c(S(=O)(=O)N[C@@H](C)CNc2cc(C)cc3c2cnn3-c2cccc(N[C@@H](C)C(N)=O)c2)c(C)c1,8.8
935,Cc1cc(C)c(S(=O)(=O)N[C@@H](C)COc2cccc3c2cnn3-c2ccc(F)cc2)c(C)c1,7.75
936,COc1ccc(-n2ncc3c(NC[C@H](C)NS(=O)(=O)c4c(C)cc(C)cc4C)cccc32)cc1,8.27
937,Cc1cc(C)c(S(=O)(=O)N[C@@H](C)CNc2cc(C)cc3c2cnn3-c2cccc(NC(C)C)c2)c(C)c1,9.133333333333331
938,COc1cccc(-n2ncc3c(NC[C@H](C)NS(=O)(=O)c4c(C)cc(C)cc4C)cccc32)c1,7.775
939,Cc1cc(C)c(S(=O)(=O)NC(C)CSc2cccc3c2cnn3-c2ccc(F)cc2)c(C)c1,8.11
940,Cc1cc(C)c(S(=O)(=O)N[C@@H](C)CNc2cccc3c2cnn3-c2cncnc2)c(C)c1,8.176666666666666
941,Cc1cccc(-n2ncc3c(NC[C@H](C)NS(=O)(=O)c4c(C)cc(C)cc4C)cccc32)c1,8.22
942,Cc1ccc(-n2ncc3c(NC[C@H](C)NS(=O)(=O)c4c(C)cc(C)cc4C)cccc32)cc1,8.226666666666665
943,Cc1cc(C)c(S(=O)(=O)N[C@@H](C)CCc2cccc3c2cnn3-c2ccc(F)cc2)c(C)c1,7.966666666666666
944,Cc1cc(C)c(S(=O)(=O)NC[C@@H](C)Nc2cc(C)cc3c2cnn3-c2ccc(F)cc2)c(C)c1,7.8
945,Cc1cc(C)c(S(=O)(=O)N[C@@H](C)CNc2cc(C)cc3c2cnn3-c2cccc(NCC(N)=O)c2)c(C)c1,8.7
946,Cc1cc(C)c(S(=O)(=O)N[C@@H](C)CNc2cc(C)cc3c2cnn3-c2ccc(NC(C)C)cc2)c(C)c1,8.2
947,Cc1cc(C)c(S(=O)(=O)N[C@@H](C)CNc2cccc3c2cnn3-c2ccc(Cl)cc2)c(C)c1,8.263333333333334
948,Cc1cc(C)c(S(=O)(=O)N[C@@H](C)CNc2cccc3c2cnn3-c2ccc(F)cc2)c(C)c1,8.33
949,COc1ccc(-n2ncc3c(NC[C@H](C)NS(=O)(=O)c4c(C)cc(C)cc4C)cc(C)cc32)cc1,7.666666666666665
950,Cc1cc(C)c(S(=O)(=O)N[C@@H](C)CNc2cc(C)cc3c2cnn3-c2ccc(NCC(N)=O)cc2)c(C)c1,7.833333333333333
951,Cc1cc(C)c(S(=O)(=O)N[C@@H](C)CNc2cc(C)cc3c2cnn3-c2cccc(N[C@H](C)C(N)=O)c2)c(C)c1,8.733333333333333
952,Cc1cc(C)c(S(=O)(=O)N[C@@H](C)CNc2cc(C)cc3c2cnn3-c2ccc(F)cc2)c(C)c1,8.366666666666665
953,Cc1cc(C)c(S(=O)(=O)N[C@@H](C)CNc2cc(C)cc3c2cnn3-c2ccc(C#N)cc2)c(C)c1,8.266666666666666
954,Cc1cc(C)c(S(=O)(=O)N[C@@H](C)CNc2cc(C)cc3c2cnn3-c2cccc(F)c2)c(C)c1,7.833333333333333
955,CNc1ccc(-n2ncc3c(NC[C@H](C)NS(=O)(=O)c4c(C)cc(C)cc4C)cc(C)cc32)cc1,8.0
956,Cc1cc(C)c(S(=O)(=O)N[C@@H](C)CNc2cc(C)cc3c2cnn3-c2ccc(N[C@H](C)C(N)=O)cc2)c(C)c1,7.85
957,Cc1cc(C)c(S(=O)(=O)N[C@@H](C)CNc2cc(C)cc3c2cnn3-c2ccc(N[C@@H](C)C(N)=O)cc2)c(C)c1,7.8
958,Cc1cc(C)c(S(=O)(=O)N[C@@H](C)CNc2cc(C)cc3c2cnn3-c2ccc(S(C)(=O)=O)cc2)c(C)c1,7.9
959,COc1cccc(-n2ncc3c(NC[C@H](C)NS(=O)(=O)c4c(C)cc(C)cc4C)cc(C)cc32)c1,7.3
960,CCSC[C@@](O)([C@@H](Nc1cccc2nc(C)ccc12)c1ccc(OC)c(F)c1Cl)C(F)(F)F,9.126
961,C=C(C)C[C@@](O)([C@@H](Nc1cccc2c(=O)[nH]ccc12)c1cc(Br)ccc1O)C(F)(F)F,7.533333333333333
962,COc1ccc(F)cc1C(C)(C)CC(O)(Cc1cc(C)cc(C)c1C#N)C(F)(F)F,8.1
963,CCC(Cc1cccc(C)c1C)NS(=O)(=O)c1c(C)cc(C)cc1C,8.0
964,CCC(Cc1cc(Cl)cc(Cl)c1)NS(=O)(=O)c1c(C)cc(C)cc1C,8.0
965,COc1ccc(F)cc1C(C)(C)CC(O)(CN1C[C@@H](C)C(=O)[C@@H](C)C1)C(F)(F)F,8.0
966,CCC(Cc1cc(C)cc(C)c1)NS(=O)(=O)c1c(C)cc(C)cc1C,7.96
967,COc1ccc(F)cc1C(C)(C)CC(O)(Cc1cc(C)c(C#N)c(C)c1)C(F)(F)F,7.96
968,CCC(Cc1ccc(O)c(C)c1C)NS(=O)(=O)c1c(C)cc(C)cc1C,8.06
969,COc1ccc(F)cc1C(C)(C)CC(O)(Cc1ccc(C#N)cc1Cl)C(F)(F)F,7.77
970,COc1ccc(F)cc1C(C)(C)CC(O)(Cc1ccc(C=O)cc1Cl)C(F)(F)F,7.72
971,COc1ccc(F)cc1C(C)(C)CC(O)(Cc1ccc(C=O)cc1)C(F)(F)F,7.7
972,COc1ccc(F)cc1C(C)(C)CC(O)(Cc1ccc(C#N)cc1F)C(F)(F)F,7.66
973,CC[C@@H](Cc1ccc(O)c(C)c1C)NS(=O)(=O)c1c(C)cc(C)cc1C,8.18
974,CC[C@@H](Cc1ccc(O)c(C)c1)NS(=O)(=O)c1c(C)cc(C)cc1C,7.64
975,CCC(Cc1cccc(C)c1)NS(=O)(=O)c1c(C)cc(C)cc1C,7.64
976,CCC(Cc1cc(C)ccc1C)NS(=O)(=O)c1c(C)cc(C)cc1C,7.6
977,CC[C@@H](Cc1ccc(O)cc1C)NS(=O)(=O)c1c(C)cc(C)cc1C,7.57
978,COc1ccc(F)cc1C(C)(C)CC(O)(Cc1cc(Cl)cc(C#N)c1)C(F)(F)F,7.57
979,COc1ccc(F)cc1C(C)(C)CC(O)(Cc1ccc(C#N)cc1)C(F)(F)F,7.52
980,COc1ccc(F)cc1C(C)(C)CC(O)(CN1C[C@@H](C)O[C@@H](C)C1)C(F)(F)F,7.42
981,COc1ccc(F)cc1C(C)(C)CC(O)(Cc1cc(Cl)ccc1Cl)C(F)(F)F,7.35
982,COc1ccc(F)cc1C(C)(C)CC(O)(Cc1cc(C)cc(Cl)c1)C(F)(F)F,7.34
983,CCC(Cc1cc(F)cc(F)c1)NS(=O)(=O)c1c(C)cc(C)cc1C,7.32
984,COc1ccc(F)cc1C(C)(C)CC(O)(Cc1cc(C)cc(C)c1)C(F)(F)F,7.26
985,COc1ccc(F)cc1C(C)(C)CC(O)(Cc1cc(Cl)cc(Cl)c1)C(F)(F)F,7.22
986,CCC(Cc1ccc(OC)c(C)c1C)NS(=O)(=O)c1c(C)cc(C)cc1C,7.21
987,COc1ccc(F)cc1C(C)(C)CC(O)(Cc1ccc(Cl)cc1Cl)C(F)(F)F,7.17
988,COc1ccc(F)cc1C(C)(C)CC(O)(Cc1cccc(Cl)c1Cl)C(F)(F)F,7.12
989,COc1ccc(F)cc1C(C)(C)CC(O)(Cc1cccc(C#N)c1)C(F)(F)F,7.09
990,CCC(Cc1ccccc1C)NS(=O)(=O)c1c(C)cc(C)cc1C,7.08
991,CCC(Cc1cc(C)c(O)c(C)c1)NS(=O)(=O)c1c(C)cc(C)cc1C,7.485
992,COc1ccc(F)cc1C(C)(C)C[C@@](O)(Cc1ccc(Cl)cc1)C(F)(F)F,7.0
993,Cc1ccc2c(NCC(O)(CC(C)(C)c3cc(F)ccc3O)C(F)(F)F)cccc2n1,8.24
994,CC(C)(CC(O)(CNc1cccc2c(=O)[nH]ccc12)C(F)(F)F)c1cccc(F)c1O,8.25
995,CC(C)(CC(O)(CNc1cccc2ccccc12)C(F)(F)F)c1cc(F)ccc1O,7.8
996,Cc1cc(C)c(S(=O)(=O)N[C@@H](C)CNc2ccc(C)c3ncccc23)c(C)c1,7.75
997,Cc1cc(C)c(S(=O)(=O)N[C@@H](C)COc2cccc3cnccc23)c(C)c1,7.75
998,CC(C)(CC(O)(CNc1cccc2ncccc12)C(F)(F)F)c1cc(F)ccc1O,8.3
999,COc1ccc(F)cc1C(C)(C)CC(O)(CNc1cccc2ncccc12)C(F)(F)F,7.65
1000,COc1ccc(F)cc1C(C)(C)CC(O)(CNc1cccc2nc(C)ccc12)C(F)(F)F,8.5
1001,Cc1cc(C)c(S(=O)(=O)N[C@@H](C)CNc2cccc3ncccc23)c(C)c1,7.12
1002,C[C@@H](COc1cccc2ncccc12)NS(=O)(=O)c1c(Cl)cc(Cl)cc1Cl,7.1
1003,CC[C@@H]1C[C@](O)(C(F)(F)F)[C@@H](Nc2cccc3nc(C)ccc23)c2ccc(F)c(O)c21,8.1
1004,CC1(C)C[C@](O)(C(F)(F)F)[C@@H](Nc2cccc3c(=O)[nH]ccc23)c2ccc(F)c(O)c21,8.0
1005,CC[C@@H]1C[C@](O)(C(F)(F)F)[C@@H](Nc2cccc3[nH]c(=O)ccc23)c2cc(F)c(F)c(O)c21,8.108
1006,CC[C@@H]1C[C@](O)(C(F)(F)F)[C@@H](Nc2cc(F)cc3nc(C)ncc23)c2ccc(F)c(O)c21,8.0
1007,CC1(C)C[C@](O)(C(F)(F)F)[C@@H](Nc2cccc3[nH]c(=O)ccc23)c2ccc(F)c(O)c21,7.75
1008,Cc1ccc2c(N[C@H]3c4ccc(F)c(O)c4[C@H](C)C[C@]3(O)C(F)(F)F)cccc2n1,7.65
1009,Cc1ncc2c(N[C@H]3c4ccc(F)c(O)c4C(C)(C)C[C@]3(O)C(F)(F)F)cc(F)cc2n1,7.4
1010,CC(C)(CC(O)(Cn1ccc(=O)c2ccccc21)C(F)(F)F)c1ccc(F)cc1O,8.52
1011,COc1ccc(F)cc1C(C)(C)CC(O)(CN1CCC(=O)c2ccccc21)C(F)(F)F,8.4
1012,CC(C)(CC(O)(Cn1ccc(=O)c2ccccc21)C(F)(F)F)c1cc(F)ccc1O,8.3
1013,CC(C)(CC(O)(Cn1ccc(=O)c2ccccc21)C(F)(F)F)c1ccccc1O,8.22
1014,Cc1ccc(O)c(C(C)(C)CC(O)(Cn2ccc(=O)c3ccccc32)C(F)(F)F)c1,8.1
1015,COc1ccc(F)cc1C(C)(C)CC(O)(Cn1ccc(=O)c2ccccc21)C(F)(F)F,8.0
1016,Cc1ccc(F)cc1C(C)(C)CC(O)(Cn1ccc(=O)c2ccccc21)C(F)(F)F,8.0
1017,CCC(Cc1cccc2ccccc12)NS(=O)(=O)c1c(C)cc(C)cc1C,8.0
1018,COc1ccc(C)c(C(C)(C)CC(O)(Cn2ccc(=O)c3ccccc32)C(F)(F)F)c1,7.96
1019,COc1ccc(F)cc1C(C)(C)CC(O)(CN1CCOc2ccccc21)C(F)(F)F,7.82
1020,COc1ccc(F)cc1C(C)(C)CC(O)(Cc1ccc(C#N)c2ccccc12)C(F)(F)F,7.68
1021,Cc1ccccc1C(C)(C)CC(O)(Cn1ccc(=O)c2ccccc21)C(F)(F)F,7.66
1022,CCC(Cc1ccc(O)c2ccccc12)NS(=O)(=O)c1c(C)cc(C)cc1C,8.08
1023,CC(C)(CC(O)(Cn1ccc(=O)c2ccccc21)C(F)(F)F)c1ccccc1,7.55
1024,COc1ccc(F)cc1C(C)(C)CC(O)(Cn1ccc(=O)c2cnccc21)C(F)(F)F,7.47
1025,Cc1ccc(F)cc1C(C)(C)CC(O)(Cn1ccc(=O)c2cnccc21)C(F)(F)F,7.32
1026,COc1ccc(F)cc1C(C)(C)CC(O)(Cc1ccc(C)c2ccccc12)C(F)(F)F,7.24
1027,COc1ccc(F)cc1C(C)(C)CC(O)(Cc1c(C)ccc2ccccc12)C(F)(F)F,7.19
1028,COc1ccc(F)cc1C(C)(C)CC(O)(Cn1ccc(=O)c2ncccc21)C(F)(F)F,7.11
1029,CCN(CC(O)(CNc1cc(C)cc2c1cnn2-c1ccc(F)cc1)C(F)(F)F)C(=O)c1ccccc1F,9.7
1030,CCN(CC(O)(CNc1cc(C)cc2c1cnn2-c1ccccc1)C(F)(F)F)C(=O)c1ccccc1F,9.6
1031,CCN(CC(O)(CNc1cccc2c1cnn2-c1ccc(F)cc1)C(F)(F)F)C(=O)c1ccccc1Cl,9.6
1032,CCN(CC(O)(CNc1cccc2c1cnn2-c1ccccc1)C(F)(F)F)C(=O)c1ccccc1F,9.5
1033,CCN(CC(O)(CNc1cccc2c1cnn2-c1ccc(F)cc1)C(F)(F)F)C(=O)c1ccccc1C,9.5
1034,CCN(CC(O)(CNc1cccc2c1cnn2-c1ccc(F)cc1)C(F)(F)F)C(=O)c1c(F)cccc1F,9.5
1035,CCN(CC(O)(CNc1cc(C)cc2c1cnn2-c1ccccc1)C(F)(F)F)C(=O)c1ccccc1,9.4
1036,CCN(CC(O)(CNc1cc(C)cc2c1cnn2-c1ccc(F)cc1)C(F)(F)F)C(=O)c1ccccc1,9.4
1037,CCN(CC(O)(CNc1cccc2c1cnn2-c1ccc(F)cc1)C(F)(F)F)C(=O)c1c(C)cccc1C,9.3
1038,CCN(CC(O)(CNc1cccc2c1cnn2-c1ccc(F)cc1)C(F)(F)F)C(=O)c1ccccc1,9.1
1039,CCN(CC(O)(CNc1cccc2c1cnn2-c1ccccc1)C(F)(F)F)C(=O)c1ccccc1,9.1
1040,CCN(CC(O)(CNc1cccc2c1cnn2-c1ccccc1)C(F)(F)F)S(=O)(=O)c1ccccc1,8.6
1041,CCCN(CC(O)(CNc1cccc2c1cnn2-c1ccccc1)C(F)(F)F)C(=O)c1ccccc1,8.5
1042,CN(CC(O)(CNc1cccc2c1cnn2-c1ccccc1)C(F)(F)F)C(=O)c1ccccc1,8.3
1043,CCN(CC(O)(CNc1cccc2c1cnn2-c1ccccc1)C(F)(F)F)S(=O)(=O)c1ccc(F)cc1,8.1
1044,CCN(CC(O)(CNc1cccc2c1cnn2-c1ccc(F)cc1)C(F)(F)F)C(=O)c1c(Cl)cccc1Cl,9.33333333333333
1045,CCN(C[C@](O)(CNc1cccc2c1cnn2-c1ccc(F)cc1)C(F)(F)F)C(=O)c1c(Cl)cccc1Cl,9.133333333333331
1046,CCN(CC(O)(CNc1nc(C)nc2c1cnn2-c1ccccc1)C(F)(F)F)S(=O)(=O)c1ccc(F)cc1,7.6
1047,CCN(CC(O)(CNc1cccc2c1cnn2-c1ccc(F)cc1)C(F)(F)F)C(=O)c1ccccc1F,9.033333333333331
1048,CC(C)(CC(O)(Cc1cc2ccncc2[nH]1)C(F)(F)F)c1cc(-c2cccnc2)ccc1O,7.91
1049,COc1ccc(-c2cncnc2)cc1C(C)(C)C[C@@](O)(Cc1cc2ccncc2[nH]1)C(F)(F)F,7.9
1050,COc1ccc(-c2ccncc2)cc1C(C)(C)CC(O)(Cc1cc2ccncc2[nH]1)C(F)(F)F,7.81
1051,CC(C)(CC(O)(Cc1cc2ccncc2[nH]1)C(F)(F)F)c1cc(-c2ccccc2)ccc1O,7.703333333333333
1052,COc1ccc(-c2ccccc2)cc1C(C)(C)CC(O)(Cc1cc2ccncc2[nH]1)C(F)(F)F,7.66
1053,CC(C)(CC(O)(Cc1cc2ccncc2[nH]1)C(F)(F)F)c1cc(-c2cncnc2)ccc1O,7.7
1054,COc1ccc(-c2cncnc2)cc1C(C)(C)CC(O)(Cc1cc2ccncc2[nH]1)C(F)(F)F,7.435
1055,Cc1noc(=O)c2ccc(NC(=O)C(O)(CC(C)(C)c3cc(F)ccc3O)C(F)(F)F)cc12,8.05
1056,COc1ccc(F)cc1C(C)(C)CC(O)(C(=O)Nc1ccc2c(=O)onc(C)c2c1)C(F)(F)F,8.55
1057,COc1ccc(F)cc1C(C)(C)CC(O)(CNc1ccc2c(=O)onc(C)c2c1)C(F)(F)F,8.0
1058,C[C@]12C=CC(=O)C=C1CC[C@@H]1[C@@H]2[C@@H](O)C[C@@]2(C)[C@H]1CC[C@]2(OC(=O)c1ccco1)C(=O)CSc1nccc2ccccc12,8.68
1059,C[C@]12CCC(=O)C=C1CC[C@@H]1[C@@H]2[C@@H](O)C[C@@]2(C)[C@H]1CC[C@]2(OC(=O)c1ccco1)C(=O)CSc1nccc2ccccc12,7.8
1060,COc1cc(C(=O)c2cccc(C)c2)c(Oc2c(Br)cc(CC(=O)O)cc2Br)cc1C(C)C,7.71
1061,Cc1cc(C)c(S(=O)(=O)N[C@@H](C)COc2cccc3[nH]ccc23)c(C)c1,7.64
1062,Cc1cc(C)c(S(=O)(=O)N[C@@H](C)CNc2cccc3[nH]ncc23)c(C)c1,7.38
1063,CC(C)(CC(O)(Cn1ccc(=O)c2ccccc21)C(F)(F)F)c1cccc2c1OCC2,8.4
1064,C[C@]12Cc3cnn(-c4ccc(F)cc4)c3C=C1CCC[C@@H]2[C@@H](O)Cc1ccc(F)cc1,8.445
1065,Cc1ccc(C[C@H](O)[C@H]2CCCC3=Cc4c(cnn4-c4ccc(F)cc4)C[C@@]32C)cc1,8.47
1066,C[C@]12Cc3cnn(-c4ccc(F)cc4)c3C=C1CCC[C@@H]2[C@@H](O)Cc1ccccc1,8.38
1067,COc1ccc(C[C@H](O)[C@H]2CCCC3=Cc4c(cnn4-c4ccc(F)cc4)C[C@@]32C)cc1,8.2
1068,CC(C)(C)c1ccc(C[C@H](O)[C@H]2CCCC3=Cc4c(cnn4-c4ccc(F)cc4)C[C@@]32C)cc1,7.78
1069,Cc1cc(C)c(S(=O)(=O)N[C@@H](C)CNc2cc(C)cc3c2cnn3-c2ccc(NC3CC3)cc2)c(C)c1,8.366666666666665
1070,CCC1(CC(O)(CNC(=O)c2cnn(-c3ccc(F)cc3F)c2N)C(F)(F)F)CCCc2ccccc21,8.3
1071,CC1(CC(O)(CNC(=O)c2cnn(-c3ccccc3)c2N)C(F)(F)F)CCCc2ccccc21,8.1325
1072,CCC1(CC(O)(CNC(=O)c2cnn(-c3ccccc3)c2N)C(F)(F)F)CCCc2ccccc21,8.57
1073,Cc1c(C(=O)NCC(O)(CC2(C)CCCc3ccccc32)C(F)(F)F)cnn1-c1ccccc1,7.635
1074,CCC1(CC(O)(CNC(=O)c2cnn(-c3ccc(F)cc3)c2N)C(F)(F)F)CCCc2ccccc21,8.1675
1075,Cc1c(S(=O)(=O)NCC(O)(CC2(C)CCCc3ccccc32)C(F)(F)F)cnn1-c1ccccc1,7.423333333333333
1076,Cc1nn(-c2ccccc2)c(C)c1S(=O)(=O)N[C@@H](C)COc1cccc2cnccc12,7.01
1077,COc1ccc([C@@H](Oc2ccc(C#N)cc2Cl)[C@H](C)NC(=O)C(C)(F)F)cn1,7.975
1078,COc1ccc([C@@H](Oc2ccc(C#N)c(Cl)c2)[C@H](C)NC(=O)C(C)(F)F)cn1,8.03
1079,COc1ccc([C@@H](Oc2ccc(C#N)cc2)[C@H](C)NC(=O)C(C)(F)F)cn1,7.16
1080,Cc1nn(C2CCCC2)c(C)c1S(=O)(=O)N[C@@H](C)COc1cccc2cnccc12,7.5
1081,COc1ccc(F)cc1C(C)(C)C[C@@](O)(CNc1cc(C)cc2c1cnn2-c1cccc(C(=O)N2CCC[C@@H]2C(N)=O)c1)C(F)(F)F,8.2
1082,CCC1(CC(O)(Cc2[nH]c3ccccc3c2C#N)C(F)(F)F)CCCc2ccccc21,7.846666666666666
1083,CCC1(CC(O)(Cc2cc3ccncc3[nH]2)C(F)(F)F)CCCc2ccccc21,7.8375
1084,CCC1(CC(O)(Cc2cc3ccccc3[nH]2)C(F)(F)F)CCCc2ccccc21,7.635
1085,CC1(CC(O)(Cc2cc3ccccc3[nH]2)C(F)(F)F)CCCc2ccccc21,7.505
1086,CCC1(CC(O)(Cc2cc3c(C)cc(C#N)cc3[nH]2)C(F)(F)F)CCCc2ccccc21,7.755
1087,CC(C)(CC(O)(C(=O)Nc1ccc2c(c1)COC2=O)C(F)(F)F)c1cc(F)ccc1O,8.22
1088,CC(C)(CC(O)(C(=O)Nc1ccc2c(c1)COC2=O)C(F)(F)F)c1ccccc1,7.1
1089,CCC1(CC(O)(Cn2ccc(=O)c3ccccc32)C(F)(F)F)CCCc2ccccc21,7.97
1090,CC1(CC(O)(Cc2ccnc3ccccc23)C(F)(F)F)CCCc2ccccc21,7.863333333333332
1091,CCC1(CC(O)(Cc2cc(Cl)nc3ccccc23)C(F)(F)F)CCCc2ccccc21,7.535
1092,CCC1(CC(O)(Cc2ccnc3ccccc23)C(F)(F)F)CCCc2ccccc21,8.082
1093,CC1(CC(O)(Cn2ccc(=O)c3ccccc32)C(F)(F)F)CCCc2ccccc21,7.54
1094,Cc1ccc([C@@H](Oc2ccc(C(=O)NC3CCCCC3)nc2)[C@H](C)NC(=O)C(F)(F)F)cc1,8.05
1095,Cc1ccc([C@@H](Oc2ccc(C(=O)Nc3ccccc3)nc2)[C@H](C)NC(=O)C(F)(F)F)cc1,7.58
1096,CCC(Cc1ccc2ccccc2c1)NS(=O)(=O)c1c(C)cc(C)cc1C,7.11
1097,Cc1cc(C)c(S(=O)(=O)NC(CSc2ccccc2)C(F)(F)F)c(C)c1,7.7
1098,Cc1cc(C)c(S(=O)(=O)N[C@@H](C)CCc2ccccc2)c(C)c1,7.26
1099,Cc1cc(C)c(S(=O)(=O)N[C@@H](C)COc2c(C)cccc2C)c(C)c1,7.07
1100,Cc1cc(C)c(S(=O)(=O)NC(CNc2ccccc2)C(F)(F)F)c(C)c1,7.02
1101,COc1ccc(F)cc1C(C)(C)CC(O)(Cc1cc2cnccc2[nH]1)C1CC1,8.16
1102,Cc1ccc(F)cc1C(C)(C)CC(O)(Cc1cc2cnccc2[nH]1)C1CC1,7.835
1103,COc1ccc(F)cc1C(C)(C)CC(O)(Cc1cc2ccncc2[nH]1)C1CC1,7.575
1104,Cc1c[nH]c2c(-c3c(F)cc4c(c3F)/C(=N/OCc3ccccc3)CC(C)(C)N4)cccc12,8.06
1105,COc1ccc(F)cc1-c1ccc2c(c1)C(CSCCc1ccccc1)=CC(C)(C)N2,7.215
1106,Cc1cn(CC(O)(CC(C)(C)c2cccc3c2OCC3)C(F)(F)F)cc(C)c1=O,7.47
