0,Cc1cc(C)c(S(=O)(=O)N[C@@H](C)COc2ccc3c(cnn3-c3ccc(F)cc3)c2)c(C)c1,7.01
1,Cc1c(NS(C)(=O)=O)cccc1N(Cc1ccccc1)Cc1ccc(Oc2cccc(OCCCC(=O)NCCCC(=O)O)c2)cc1,8.145
2,Cc1c(NS(C)(=O)=O)cccc1N(Cc1ccccc1)Cc1ccc(Oc2ccc(CCCC(=O)NCCCC(=O)O)cc2)cc1,8.85
3,Cc1c(NS(C)(=O)=O)cccc1N(Cc1ccccc1)Cc1ccc(Oc2ccc(CCCC(=O)NCCC(=O)O)cc2)cc1,8.82
4,Cc1c(NS(C)(=O)=O)cccc1N(Cc1ccccc1)Cc1ccc(Oc2ccc(CCCC(=O)NCC(=O)O)cc2)cc1,8.8
5,Cc1c(NS(C)(=O)=O)cccc1N(Cc1ccc(Oc2ccc(Br)c(OCC(=O)O)c2)cc1)Cc1ccc(F)cc1F,8.74
6,Cc1c(NS(C)(=O)=O)cccc1N(Cc1ccccc1)Cc1ccc(Oc2ccc(OC[C@@H](O)C[C@@H](O)CC(=O)O)cc2)cc1,8.68
7,COCCOc1cccc(Oc2ccc(CN(Cc3ccccc3)c3cccc(NS(C)(=O)=O)c3C)cc2)c1,7.88
8,Cc1c(NS(C)(=O)=O)cccc1N(Cc1ccc(Oc2ccc(Cl)c(OCC(=O)O)c2)cc1)Cc1ccc(F)cc1F,8.59
9,Cc1c(NS(C)(=O)=O)cccc1N(Cc1ccccc1)Cc1ccc(Oc2ccccc2)cc1,8.57
10,CC(=O)NCCOc1cccc(Oc2ccc(CN(Cc3ccccc3)c3cccc(NS(C)(=O)=O)c3C)cc2)c1,8.54
11,Cc1c(NS(C)(=O)=O)cccc1N(Cc1ccccc1)Cc1ccc(Oc2ccc(OCCCC(=O)NCCCC(=O)O)cc2)cc1,8.41
12,O=C(O)Cc1cc(Br)c(N(Cc2ccc(Oc3ccc(F)cc3F)cc2)Cc2cc(F)cc(F)c2)c(Br)c1,8.35
13,Cc1c(NS(C)(=O)=O)cccc1N(Cc1ccc(Oc2ccc(F)c(OCC(=O)O)c2)cc1)Cc1cc(F)cc(F)c1,8.34
14,Cc1c(NS(C)(=O)=O)cccc1N(Cc1ccc(Oc2ccc(F)c(OCC(=O)O)c2)cc1)Cc1ccc(F)cc1F,8.32
15,CC(=O)NCCCOc1cccc(Oc2ccc(CN(Cc3ccccc3)c3cccc(NS(C)(=O)=O)c3C)cc2)c1,8.27
16,Cc1c(NS(C)(=O)=O)cccc1N(Cc1ccccc1)Cc1ccc(Oc2ccc(OCC(=O)O)cc2)cc1,8.27
17,Cc1c(NS(C)(=O)=O)cccc1N(Cc1ccccc1)Cc1ccc(Oc2cccc(CCNC(=O)CCCC(=O)O)c2)cc1,8.19
18,Cc1c(NS(C)(=O)=O)cccc1N(Cc1ccc(Oc2ccc(CCC(=O)O)cc2)cc1)Cc1ccc(F)cc1F,8.16
19,Cc1c(NS(C)(=O)=O)cccc1N(Cc1ccccc1)Cc1ccc(Oc2ccc(CCCC(=O)O)cc2)cc1,8.06
20,Cc1c(NS(C)(=O)=O)cccc1N(Cc1ccccc1)Cc1ccc(Oc2cccc(OCCCC(=O)O)c2)cc1,7.96
21,Cc1c(NS(C)(=O)=O)cccc1N(Cc1ccccc1)Cc1ccc(Oc2cccc(OCC(=O)NCCCC(=O)O)c2)cc1,7.96
22,Cc1c(NS(C)(=O)=O)cccc1N(Cc1ccccc1)Cc1ccc(Oc2cccc(CCNC(=O)CCC(=O)O)c2)cc1,7.96
23,Cc1c(NS(C)(=O)=O)cccc1N(Cc1ccccc1)Cc1ccc(C(=O)c2ccccc2)cc1,7.89
24,Cc1c(NS(C)(=O)=O)cccc1N(Cc1ccc(Oc2cccc(OC[C@@H](O)C[C@@H](O)CC(=O)O)c2)cc1)Cc1ccc(F)cc1F,7.82
25,Cc1c(NS(C)(=O)=O)cccc1N(Cc1ccc(Oc2ccccc2)cc1)Cc1ccc(F)cc1F,7.35
26,Cc1c(NS(C)(=O)=O)cccc1N(Cc1ccccc1)Cc1ccc(Oc2cccc(CCC(=O)O)c2)cc1,7.58
27,Cc1c(NS(C)(=O)=O)cccc1N(Cc1ccccc1)Cc1ccc(Oc2ccc(CCC(=O)O)cc2)cc1,7.47
28,O=C(O)Cc1cc(Br)c(N(Cc2ccc(Oc3ccccc3F)cc2)Cc2cc(F)cc(F)c2)c(Br)c1,7.34
29,Cc1c(NS(C)(=O)=O)cccc1N(Cc1ccc(Oc2ccccc2)cc1)Cc1cccc(CCCC(=O)O)c1,7.25
30,Cc1c(NS(C)(=O)=O)cccc1N(Cc1ccccc1)Cc1ccc(Oc2cccc(OCC(=O)O)c2)cc1,7.2
31,Cc1c(NS(C)(=O)=O)cccc1N(Cc1ccccc1)Cc1ccc(Oc2cccc(CCCC(=O)O)c2)cc1,7.12
32,O=C(O)Cc1cc(Br)c(N(Cc2ccc(Oc3ccc(Cl)cc3Cl)cc2)Cc2cc(F)cc(F)c2)c(Br)c1,7.02
33,Cc1c(NS(C)(=O)=O)cccc1N(Cc1ccccc1)Cc1ccc(Cl)cc1F,8.24
34,CCc1c(NS(C)(=O)=O)cccc1N(Cc1ccccc1)Cc1ccccc1,7.92
35,C=CCOc1ccc(CN(Cc2ccccc2)c2cccc(NS(C)(=O)=O)c2C)cc1,7.89
36,Cc1c(NS(C)(=O)=O)cccc1N(Cc1ccccc1)Cc1ccccc1F,7.85
37,Cc1c(NS(C)(=O)=O)cccc1N(Cc1ccccc1)Cc1ccc(Cl)cc1,7.77
38,Cc1c(NS(C)(=O)=O)cccc1N(Cc1ccccc1)Cc1ccccc1,7.55
39,Cc1c(NS(C)(=O)=O)cccc1N(Cc1ccccc1)Cc1ccccc1Cl,7.44
40,Cc1c(NS(C)(=O)=O)cccc1N(Cc1ccccc1)Cc1cccc(F)c1,7.38
41,Cc1c(NS(C)(=O)=O)cccc1N(Cc1ccccc1)Cc1ccc(F)cc1,7.33
42,Cc1ccccc1CN(Cc1ccccc1)c1cccc(NS(C)(=O)=O)c1C,7.32
43,CS(=O)(=O)Nc1cccc(N(Cc2ccccc2)Cc2ccccc2)c1CO,7.25
44,Cc1ccc(CN(Cc2ccccc2)c2cccc(NS(C)(=O)=O)c2C)cc1,7.24
45,Cc1c(NS(C)(=O)=O)cccc1N(Cc1ccccc1)Cc1ccccc1C#N,7.22
46,Cc1c(NS(C)(=O)=O)cccc1N(Cc1ccccc1)C(C)c1ccccc1,7.15
47,Cc1c(NS(C)(=O)=O)cccc1N(Cc1ccccc1)Cc1ccccc1Br,7.02
48,Cc1c(NS(C)(=O)=O)cccc1N(Cc1ccccc1)Cc1ccc(F)cc1F,7.41
49,COc1ccc(CN(Cc2ccccc2)c2cccc(NS(C)(=O)=O)c2C)cc1,7.0
50,CC(C)(CC(O)(CC1CCCCC1)C(=O)Nc1ccc2c(c1)COC2=O)c1ccccc1,8.05
51,CC(C)(CC(O)(Cc1ccccc1)C(=O)Nc1ccc2c(c1)COC2=O)c1ccccc1,7.89
52,CC(C)(CC(O)(CC1CCCCC1)C(=O)Nc1ccc2c(c1)COC2=O)c1cc(F)ccc1O,7.7
53,Cc1ccccc1CC(O)(CC(C)(C)c1cc(F)ccc1O)C(=O)Nc1ccc2c(c1)COC2=O,7.32
54,Cc1cccc(CC(O)(CC(C)(C)c2cc(F)ccc2O)C(=O)Nc2ccc3c(c2)COC3=O)c1,7.28
55,COc1ccc(F)cc1C(C)(C)CC(O)(Cc1ccccc1)C(=O)Nc1ccc2c(c1)COC2=O,7.28
56,CC(C)(CC(O)(Cc1ccccc1)C(=O)Nc1ccc2c(c1)COC2=O)c1cc(F)ccc1O,7.22
57,CC(C)(CC(O)(Cc1ccccc1O)C(=O)Nc1ccc2c(c1)COC2=O)c1ccccc1,7.21
58,CC(C)(C)c1ccc(CC(O)(CC(C)(C)c2ccccc2)C(=O)Nc2ccc3c(c2)COC3=O)cc1,7.14
59,COc1ccc(F)cc1C(C)(C)CC(O)(CNc1ccc2c(c1)COC2=O)Cc1ccccc1,7.09
60,Cc1ccc([C@@H](Oc2ccc(C(=O)O[C@H]3CCCN(C(=O)[C@H]4COC(=O)C4)C3)cc2)[C@H](C)NC(=O)C(F)(F)F)cc1,8.7
61,Cc1ccc([C@@H](Oc2ccc(C(=O)N[C@H]3CCCN(C(=O)[C@H]4COC(=O)C4)C3)nc2)[C@H](C)NC(=O)C(F)(F)F)cc1,8.15
62,Cc1ccc([C@@H](Oc2ccc(C(=O)N[C@H]3CCCN(C(=O)[C@H]4CCC(=O)O4)C3)nc2)[C@H](C)NC(=O)C(F)(F)F)cc1,8.15
63,Cc1ccc([C@@H](Oc2ccc(C(=O)N[C@H]3CCCN(C(=O)[C@@H]4COC(=O)C4)C3)nc2)[C@H](C)NC(=O)C(F)(F)F)cc1,8.1
64,Cc1ccc([C@@H](Oc2ccc(C(=O)N[C@@H]3CCCN(C(=O)[C@H]4COC(=O)C4)C3)nc2)[C@H](C)NC(=O)C(F)(F)F)cc1,7.68
65,Cc1ccc([C@@H](Oc2ccc(C(=O)N[C@@H]3CCCN(C(=O)[C@@H]4COC(=O)C4)C3)nc2)[C@H](C)NC(=O)C(F)(F)F)cc1,7.47
66,Cc1ccc([C@@H](Oc2ccc(C(=O)N[C@H]3CCCN(C(=O)[C@@H]4CCC(=O)O4)C3)nc2)[C@H](C)NC(=O)C(F)(F)F)cc1,7.14
67,Cc1ccc([C@@H](Oc2ccc(C(=O)N[C@H]3CCCN(C(=O)[C@H]4COC(=O)C4)C3)cc2)[C@H](C)NC(=O)C(F)(F)F)cc1,7.1
68,Cc1ccc([C@@H](Oc2ccc(C(=O)N[C@@H]3CCCN(C(=O)[C@H]4CCC(=O)O4)C3)nc2)[C@H](C)NC(=O)C(F)(F)F)cc1,7.05
69,C[C@H](NC(=O)C1CC1)[C@H](Oc1ccc2c(cnn2-c2ccc(F)cc2)c1)c1ccccc1,9.21
70,COc1cccc([C@@H](Oc2ccc3c(cnn3-c3ccc(F)cc3)c2)[C@H](C)NS(=O)(=O)C2CC2)c1,9.21
71,C[C@H](NS(=O)(=O)C1CC1)[C@H](Oc1ccc2c(cnn2-c2ccc(F)cc2)c1)c1ccc(S(C)(=O)=O)cc1,8.725
72,COc1ccc([C@@H](Oc2ccc3c(cnn3-c3ccc(F)cc3)c2)[C@H](C)NC(=O)C2CC2)cn1,8.622
73,C[C@H](NS(=O)(=O)C1CC1)[C@H](Oc1ccc2c(cnn2-c2ccc(F)cc2)c1)c1ccccc1,8.63
74,C[C@H](NC(=O)C1CC1)[C@H](Oc1ccc2c(cnn2-c2ccc(F)cc2)c1)c1cccnc1,8.05
75,CSc1ccc([C@@H](Oc2ccc3c(cnn3-c3ccc(F)cc3)c2)[C@H](C)NS(=O)(=O)C2CC2)cc1,8.395
76,Cc1c(NS(C)(=O)=O)cccc1N(Cc1ccccc1)Cc1ccc(Oc2ccc(CCC(=O)NCCO[C@@H]3CC[C@]4(C)[C@H](C3)C[C@H](O)[C@@H]3[C@@H]4C[C@@H](O)[C@]4(C)[C@H]3CC[C@H]4[C@@H](C)CCC(=O)O)cc2)cc1,7.77
77,Cc1c(NS(C)(=O)=O)cccc1N(Cc1ccccc1)Cc1ccc(Oc2ccc(CCCC(=O)NCCO[C@H]3CC[C@@]4(C)[C@@H](C3)C[C@@H](O)[C@@H]3[C@@H]4C[C@H](O)[C@]4(C)[C@@H]([C@H](C)CCC(=O)O)CC[C@@H]34)cc2)cc1,7.3
78,Cc1noc(=O)c2ccc(NC(=O)C(O)(Cc3ccccc3)CC(C)(C)c3ccccc3)cc12,8.15
79,Cc1noc(=O)c2ccc(NC(=O)C(O)(CC3CCCCC3)CC(C)(C)c3cc(F)ccc3O)cc12,8.15
80,Cc1noc(=O)c2ccc(NC(=O)C(O)(Cc3ccccc3)CC(C)(C)c3cc(F)ccc3O)cc12,8.1
81,Cc1noc(=O)c2ccc(NC(=O)C(O)(CC3CCCCC3)CC(C)(C)c3ccccc3)cc12,8.05
82,Cc1noc(=O)c2ccc(NC(=O)C(O)(CC3(C4CCC4)CCCc4ccccc43)C(F)(F)F)cc12,8.165
83,C[C@H](NC(=O)[C@H]1CCCO1)[C@H](Oc1ccc(C(=O)O[C@H]2CCCN(C(=O)[C@H]3COC(=O)C3)C2)cc1)c1ccc(C2CC2)cc1,8.7
84,C[C@H](NC(=O)[C@@H]1CCCO1)[C@H](Oc1ccc(C(=O)O[C@H]2CCCN(C(=O)[C@H]3COC(=O)C3)C2)cc1)c1ccc(C2CC2)cc1,7.66
85,Cc1c(NS(C)(=O)=O)cccc1N(Cc1ccc(Oc2cccc(OC[C@@H]3C[C@@H](O)CC(=O)O3)c2)cc1)Cc1ccc(F)cc1F,7.6
86,Cc1nnc(C(=O)N[C@@H](C)[C@H](Oc2ccc3c(cnn3-c3ccc(F)cc3)c2)c2ccccc2)o1,10.05
87,Cc1nc(C(=O)N[C@@H](C)[C@H](Oc2ccc3c(cnn3-c3ccc(F)cc3)c2)c2ccccc2)no1,10.05
88,Cc1nnc(C(=O)N[C@@H]([C@H](C)O)[C@H](Oc2ccc3c(cnn3-c3ccc(F)cc3)c2)c2cc(F)cc(F)c2)o1,8.3
89,C=CCO[C@H]1C[C@@]2(C)[C@@H](CC[C@@]2(O)C#CC)[C@@H]2CCc3cc(C(=O)Nc4cccnc4C)ccc3[C@H]21,10.52
90,Cc1ncccc1NC(=O)c1ccc2c(c1)CC[C@@H]1[C@@H]2[C@@H](O)C[C@@]2(C)[C@H]1CC[C@@]2(O)C#CC(C)C,7.43
91,C=CCOC(=O)O[C@H]1C[C@@]2(C)[C@@H](CC[C@@]2(O)C#CC)[C@@H]2CCc3cc(C(=O)Nc4cccnc4C)ccc3[C@H]21,7.08
92,Cc1ccc(NC(=O)c2ccc3c(c2)CC[C@@H]2[C@@H]3[C@@H](O)C[C@]3(C)[C@@H](O)CC[C@@H]23)cn1,7.04
93,Cc1c(NS(C)(=O)=O)cccc1N(Cc1ccccc1)Cc1ccc(Oc2cccc(OCC(=O)NCCO[C@H]3CC[C@@]4(C)[C@@H](C3)C[C@@H](O)[C@@H]3[C@@H]4C[C@H](O)[C@]4(C)[C@@H]([C@H](C)CCC(=O)O)CC[C@@H]34)c2)cc1,7.24
94,N#Cc1ccc(O[C@H](c2cnc(C3CC3)nc2)[C@@H](NC(=O)C(F)(F)F)C2CC2)c(Br)c1,7.765
95,C[C@H](NC(=O)C(C)(F)F)[C@H](Oc1ccc2c(cnn2-c2cccc(C(=O)N3CCC[C@@H]3C(N)=O)c2)c1)c1ccc2c(c1)OCCO2,9.76
96,C[C@H](NC(=O)C(C)(F)F)[C@H](Oc1ccc2c(cnn2-c2cccc(C(=O)N3CCC[C@@H]3C(N)=O)c2)c1)c1ccc2c(c1)OCOC2,9.515
97,C[C@H](NC(=O)C(C)(F)F)[C@H](Oc1ccc2c(cnn2-c2ccc(=O)n(CC3CC3)c2)c1)c1ccccc1,8.36
98,CCN(CC(O)(CNC(=O)c1cnn(-c2ccc(F)cc2)c1N)C(F)(F)F)C(=O)c1ccc2[nH]ccc2c1,8.2
99,C[C@H](NC(=O)C(C)(F)F)[C@H](Oc1ccc2c(cnn2-c2cccc(C(=O)NC3CCS(=O)(=O)C3)c2)c1)c1ccccc1,8.46
100,C[C@H](NC(=O)C(C)(F)F)[C@H](Oc1ccc2c(cnn2-c2cccc(C(=O)N[C@@H]3CCOC3=O)c2)c1)c1ccccc1,7.81
101,COc1ccc(F)cc1C(C)(C)CC(O)(Cc1cc2ccncc2[nH]1)C1CCC1,7.77
102,Cc1noc(=O)c2ccc(NC(=O)C(O)(CC3(C4CCCCC4)CCCc4ccccc43)C(F)(F)F)cc12,8.275
103,Cc1noc(=O)c2ccc(NC(=O)C(O)(CC3(c4ccccc4)CCCc4ccccc43)C(F)(F)F)cc12,7.84
104,C[C@H](NC(=O)C(F)(F)F)[C@H](Oc1ccc(C(=O)O[C@H]2CCCN(C(=O)[C@H]3COC(=O)C3)C2)cc1)c1ccc(C2CC2)cc1,9.0
105,Cc1noc(=O)c2ccc(NC(=O)[C@](O)(C[C@@]3(C4CCCC4)CCCc4ccccc43)C(F)(F)F)cc12,8.016666666666666
106,Cc1noc(=O)c2ccc(NC(=O)C(O)(CC3(C4CCCC4)CCCc4ccccc43)C(F)(F)F)cc12,8.016666666666666
107,Cc1c(NS(C)(=O)=O)cccc1N(Cc1ccccc1)Cc1ccc(Oc2ccc(CCC(=O)NCCCN3CCCC3=O)cc2)cc1,8.66
108,Cc1noc(=O)c2ccc(NC(=O)C(O)(CC3(C4CC4)CCCc4ccccc43)C(F)(F)F)cc12,8.175
109,Cc1c(NS(C)(=O)=O)cccc1N(Cc1ccccc1)Cc1ccc(Oc2cccc(OCCCN3CCOCC3)c2)cc1,7.72
110,COc1ccc([C@@H](Oc2ccc3c(cnn3-c3ccc(F)cc3)c2)[C@H](Cc2ccccc2)NC(=O)C(C)(F)F)cn1,7.746666666666665
111,C[C@H](NC(=O)C(C)(F)F)[C@H](Oc1ccc2c(cnn2-c2cccc(C(=O)N3CCC[C@@H]3C(N)=O)c2)c1)c1ccccc1,9.32
112,C[C@H](NC(=O)C(C)(F)F)[C@H](Oc1ccc2c(cnn2-c2cccc(C(=O)N3CCC[C@H]3C(N)=O)c2)c1)c1ccccc1,7.77
113,Cc1c(NS(C)(=O)=O)cccc1N(Cc1ccccc1)Cc1ccc(Oc2ccc(OC[C@@H]3C[C@@H](O)CC(=O)O3)cc2)cc1,8.68
114,Cc1c(NS(C)(=O)=O)cccc1N(Cc1ccc(Oc2ccccc2)cc1)Cc1cccc(CCCC(=O)NCCO[C@H]2CC[C@@]3(C)[C@@H](C2)C[C@@H](O)[C@@H]2[C@@H]3C[C@H](O)[C@]3(C)[C@@H]([C@H](C)CCC(=O)O)CC[C@@H]23)c1,7.03
115,Nc1c(C(=O)NCC(O)(CC2(C3CCCC3)CCCc3ccccc32)C(F)(F)F)cnn1-c1ccc(F)cc1F,7.8225
116,C[C@H](NC(=O)c1ccccc1)[C@H](Oc1ccc2c(cnn2-c2ccc(F)cc2)c1)c1ccccc1,8.85
117,C[C@H]1c2c(cc(F)c(-c3cccc4c(Cl)c[nH]c34)c2F)NC(C)(C)[C@@H]1OC(=O)NCc1ccccc1,7.38
118,COc1ccc(F)cc1C(C)(C)CC(O)(Cc1cc2ccncc2[nH]1)C1CCCC1,7.58
119,Cc1c(NS(C)(=O)=O)cccc1N(Cc1ccccc1)Cc1ccc(Oc2cccc(CCCC(=O)NCCO[C@@H]3CC[C@]4(C)[C@H](C3)C[C@H](O)[C@@H]3[C@@H]4C[C@@H](O)[C@]4(C)[C@H]3CC[C@H]4[C@@H](C)CCC(=O)O)c2)cc1,7.21
120,C[C@]12Cc3cnn(-c4ccc(F)cc4)c3C=C1CCC[C@@H]2[C@H](O)c1csc2ccccc12,8.82
121,C[C@]12Cc3cnn(-c4ccc(F)cc4)c3C=C1CCC[C@@H]2[C@@H](O)c1csc2ccccc12,8.29
122,CC1(C)Nc2c(cc(-c3cccc4nccn34)c3c2CCC3)C(C)(C)C1=O,7.68
123,CC1(C)Nc2c(cc(-c3cccn4nccc34)c3c2CCC3)C(C)(C)C1=O,7.08
124,CC1(C)Nc2c(cc(-c3cccc4nncn34)c3c2CCC3)C(C)(C)C1=O,7.04
125,CC1(C)Nc2c(cc(-c3cncc4nccn34)c3c2CCC3)C(C)(C)C1=O,7.03
126,CC#C[C@]1(O)CC[C@H]2[C@@H]3CCC4=CC(=O)CCC4=C3[C@@H](c3ccc(OC)c(C)c3)C[C@@]21C,9.48
127,C=CCOc1ccc([C@H]2C[C@@]3(C)[C@@H](CC[C@@]3(O)C#CC)[C@@H]3CCC4=CC(=O)CCC4=C32)cc1Cl,8.865
128,CC#C[C@]1(O)CC[C@H]2[C@@H]3CCC4=CC(=O)CCC4=C3[C@@H](c3cc(C)c(OC)c(C)c3)C[C@@]21C,8.975
129,CC#C[C@]1(O)CC[C@H]2[C@@H]3CCC4=CC(=O)CCC4=C3[C@@H](c3ccc(SC)cc3)C[C@@]21C,8.98
130,CC#C[C@]1(O)CC[C@H]2[C@@H]3CCC4=CC(=O)CCC4=C3[C@@H](c3c(F)cc(OC)cc3F)C[C@@]21C,8.575
131,CC#C[C@]1(O)CC[C@H]2[C@@H]3CCC4=CC(=O)CCC4=C3[C@@H](c3ccc(OC)cc3)C[C@@]21C,8.585
132,CC#C[C@]1(O)CC[C@H]2[C@@H]3CCC4=CC(=O)CCC4=C3[C@@H](c3ccc(N(C)C)cc3)C[C@@]21C,8.450416666666666
133,C=CCOc1c(C)cc([C@H]2C[C@@]3(C)[C@@H](CC[C@@]3(O)C#CC)[C@@H]3CCC4=CC(=O)CCC4=C32)cc1Cl,8.25
134,CC#C[C@]1(O)CC[C@H]2[C@@H]3CCC4=CC(=O)CCC4=C3[C@@H](c3ccc(C(C)C)cc3)C[C@@]21C,8.71
135,CC#C[C@]1(O)CC[C@H]2[C@@H]3CCC4=CC(=O)CCC4=C3[C@@H](c3cc(F)c(OC)cc3F)C[C@@]21C,8.155
136,CC#C[C@]1(O)CC[C@H]2[C@@H]3CCC4=CC(=O)CCC4=C3[C@@H](c3ccc(O)c(C)c3)C[C@@]21C,7.945
137,CC#C[C@]1(O)CCC2C3CCC4CC(=O)CCC4=C3C(c3ccc(N(C)C)cc3)C[C@@]21C,8.3
138,CN(C)c1ccc([C@H]2C[C@@]3(C)[C@@H](CC[C@@]3(O)C#CC(C)(C)C)[C@@H]3CCC4=CC(=O)CC[C@@H]4[C@H]32)cc1,8.25
139,CC(C)N(C)c1ccc([C@H]2C[C@@]3(C)[C@@H](CC[C@@]3(O)C#CC(C)(C)C)[C@@H]3CCC4=CC(=O)CC[C@@H]4[C@H]32)cc1,7.798
140,CC#C[C@]1(O)CC[C@H]2[C@@H]3CCC4=CC(=O)CCC4=C3[C@@H](c3c(F)cc(OC)cc3OC)C[C@@]21C,7.79
141,CC#C[C@]1(O)CC[C@H]2[C@@H]3CCC4=CC(=O)CCC4=C3[C@@H](c3ccc(N(C)C[C@@H](O)C[C@@H](O)CC(=O)O)cc3)C[C@@]21C,7.96
142,CCC#C[C@]1(O)CC[C@H]2[C@@H]3CCC4=CC(=O)CCC4=C3[C@@H](c3ccc(N(C)C)cc3)C[C@@]21C,8.07
143,CC#C[C@]1(O)CC[C@H]2[C@@H]3CCC4=CC(=O)CCC4=C3[C@@H](c3ccc(OC)cc3C)C[C@@]21C,7.775
144,CC#C[C@]1(O)CC[C@H]2[C@@H]3CCC4=CC(=O)CCC4=C3[C@@H](c3ccc(OC[C@@H](O)C[C@@H](O)CC(=O)O)cc3)C[C@@]21C,8.04
145,CC#C[C@]1(O)CC[C@H]2[C@@H]3CCC4=CC(=O)CCC4=C3[C@@H](c3ccc(P(C)(C)=O)cc3)C[C@@]21C,8.0
146,CN(C)c1ccc([C@H]2C[C@@]3(C)[C@@H](CC[C@@]3(O)C#CC(F)(F)F)[C@@H]3CCC4=CC(=O)CCC4=C32)cc1,7.95
147,CN(C)c1cc(F)c([C@H]2C[C@@]3(C)[C@@H](CC[C@@]3(O)C#CC(C)(C)C)[C@@H]3CCC4=CC(=O)CCC4=C32)c(F)c1,7.91
148,CCC(C)(C)C#C[C@]1(O)CC[C@H]2[C@@H]3CCC4=CC(=O)CC[C@@H]4[C@H]3[C@@H](c3ccc(N(C)C)cc3)C[C@@]21C,7.9
149,CCN(CC)c1ccc([C@H]2C[C@@]3(C)[C@@H](CC[C@@]3(O)C#CC(C)(C)C)[C@@H]3CCC4=CC(=O)CC[C@@H]4[C@H]32)cc1,7.86
150,CC#C[C@]1(O)CC[C@H]2[C@@H]3CCC4=CC(=O)CCC4=C3[C@@H](c3ccccc3)C[C@@]21C,7.85
151,CN(C)c1ccc([C@H]2C[C@@]3(C)[C@@H](CC[C@@]3(O)C#CC(C)(C)C)[C@@H]3CCC4=CC(=O)CCC4=C32)cc1,8.02
152,COC(C)(C)C#C[C@]1(O)CC[C@H]2[C@@H]3CCC4=CC(=O)CC[C@@H]4[C@H]3[C@@H](c3ccc(N(C)C)cc3)C[C@@]21C,7.84
153,CC(C)c1ccc([C@H]2C[C@@]3(C)[C@@H](CC[C@@]3(O)C#CC(C)(C)C)[C@@H]3CCC4=CC(=O)CCC4=C32)cc1,7.8
154,Cc1ccc([C@H]2C[C@@]3(C)[C@@H](CC[C@@]3(O)C#CC(C)(C)C)[C@@H]3CCC4=CC(=O)CCC4=C32)cc1,7.79
155,COc1ccc([C@H]2C[C@@]3(C)[C@@H](CC[C@@]3(O)C#CC(C)(C)C)[C@@H]3CCC4=CC(=O)CCC4=C32)cc1,7.78
156,CCc1ccc([C@H]2C[C@@]3(C)[C@@H](CC[C@@]3(O)C#CC(C)(C)C)[C@@H]3CCC4=CC(=O)CCC4=C32)cc1,7.76
157,CC#C[C@]1(O)CC[C@H]2[C@@H]3CCC4=CC(=O)CCC4=C3[C@@H](C3CCCCC3)C[C@@]21C,7.74
158,CC#C[C@]1(O)CC[C@H]2[C@@H]3CCC4=CC(=O)CC[C@]4(C)[C@H]3[C@@H](c3ccc(N(C)C(C)C)cc3)C[C@@]21C,7.69
159,CC(C)C#C[C@]1(O)CC[C@H]2[C@@H]3CCC4=CC(=O)CCC4=C3[C@@H](c3ccc(N(C)C)cc3)C[C@@]21C,7.58
160,CN(C)c1ccc([C@H]2C[C@]3(C)[C@@H](CC[C@]3(O)CCCO)[C@@H]3CCC4=CC(=O)CCC4=C32)cc1,7.57
161,Cc1cc([C@H]2C[C@@]3(C)[C@@H](CC[C@@]3(O)C#CC(C)(C)C)[C@@H]3CCC4=CC(=O)CCC4=C32)ccc1N(C)C,7.55
162,CC#C[C@]1(O)CC[C@H]2[C@@H]3CCC4=CC(=O)CC[C@]4(C)[C@H]3[C@@H](c3ccc(N(C)C)cc3)C[C@@]21C,7.803333333333333
163,CCCC[C@]1(O)CC[C@H]2[C@@H]3CCC4=CC(=O)CCC4=C3[C@@H](c3ccc(N(C)C)cc3)C[C@@]21C,7.5
164,CN(C)c1ccc([C@H]2C[C@@]3(C)[C@@H](CC[C@@]3(O)C#CC(C)(C)C)[C@@H]3CCC4=CC(=O)CC[C@]4(C)[C@H]32)cc1,7.47
165,CC#C[C@]1(O)CC[C@H]2[C@@H]3CCC4=CC(=O)CCC4=C3[C@@H](c3ccc(N(C)C[C@@H](O)CC(=O)O)cc3)C[C@@]21C,7.275
166,CN(C)c1c(F)cc([C@H]2C[C@@]3(C)[C@@H](CC[C@@]3(O)C#CC(C)(C)C)[C@@H]3CCC4=CC(=O)CCC4=C32)cc1F,7.37
167,CC(C)N(C)c1ccc([C@H]2C[C@@]3(C)[C@@H](CC[C@@]3(O)C#CC(C)(C)C)[C@@H]3CCC4=CC(=O)CCC4=C32)cc1,7.37
168,CN(C)c1ccc([C@H]2C[C@@]3(C)[C@@H](CC[C@@]3(O)C#CC(F)(F)F)[C@@H]3CCC4=CC(=O)CC[C@]4(C)[C@H]32)cc1,7.33
169,COc1cc([C@H]2C[C@@]3(C)[C@@H](CC[C@@]3(O)C#CC(C)(C)C)[C@@H]3CCC4=CC(=O)CCC4=C32)ccc1N(C)C,7.32
170,CC#C[C@]1(O)CC[C@H]2[C@@H]3CCC4=CC(=O)CC[C@]4(C)[C@H]3[C@@H](c3ccc(N(C)CCOC)cc3)C[C@@]21C,7.28
171,CN(C)c1ccc([C@H]2C[C@@]3(C)[C@@H](CC[C@@]3(O)C#CC(F)(F)F)[C@@H]3OCC4=CC(=O)CCC4=C32)cc1,7.26
172,CC#C[C@]1(O)CC[C@H]2[C@@H]3CCC4=CC(=O)CC[C@]4(C)[C@H]3[C@@H](c3ccc(OC)cc3)C[C@@]21C,7.23
173,CC#C[C@]1(O)CC[C@H]2[C@@H]3CCC4=CC(=O)CCC4=C3[C@@H](c3cc(OC)c(OC)c(OC)c3)C[C@@]21C,7.22
174,CC(C)C#C[C@]1(O)CC[C@H]2[C@@H]3CCC4=CC(=O)CC[C@]4(C)[C@H]3[C@@H](c3ccc(N(C)C)cc3)C[C@@]21C,7.21
175,CC#C[C@]1(O)CC[C@H]2[C@@H]3CCC4=CC(=O)CCC4=C3[C@@H](c3cccc(N(C)C)c3)C[C@@]21C,7.19
176,CCC#C[C@]1(O)CC[C@H]2[C@@H]3CCC4=CC(=O)CC[C@]4(C)[C@H]3[C@@H](c3ccc(N(C)C)cc3)C[C@@]21C,7.13
177,COC[C@]1(OC)CC[C@H]2[C@@H]3CCC4=CC(=O)CCC4=C3[C@@H](c3ccc(/C=N/O)cc3)C[C@@]21C,7.07
178,CC#C[C@]1(O)CC[C@H]2[C@@H]3OCC4=CC(=O)CCC4=C3[C@@H](c3ccc(N(C)C)cc3)C[C@@]21C,7.06
179,CC(C)(C)C#C[C@]1(O)CC[C@H]2[C@@H]3CCC4=CC(=O)CCC4=C3[C@@H](c3ccc(N4CCCC4)cc3)C[C@@]21C,7.71
180,CC#C[C@]1(O)CC[C@H]2[C@@H]3CCC4=CC(=O)CC[C@]4(C)[C@H]3[C@@H](c3ccc(-n4cccc4)cc3)C[C@@]21C,7.28
181,CC#C[C@]1(O)CC[C@H]2[C@@H]3CCC4=CC(=O)CC[C@]4(C)[C@H]3[C@@H](c3ccc(N4CCCC4)cc3)C[C@@]21C,7.24
182,CC(C)(C)C#C[C@]1(O)CC[C@H]2[C@@H]3CCC4=CC(=O)CCC4=C3[C@@H](c3ccc(C4(C)COC4)cc3)C[C@@]21C,8.02
183,CC1(C)O[C@@H]2C[C@H]3[C@@H]4CCC5=CC(=O)CC[C@]5(C)[C@@]4(F)[C@@H](O)C[C@]3(C)[C@]2(C(=O)CCl)O1,8.79
184,CC1(C)O[C@@H]2C[C@H]3[C@@H]4C[C@H](F)C5=CC(=O)C=C[C@]5(C)[C@@]4(F)[C@@H](O)C[C@]3(C)[C@]2(C(=O)CO)O1,8.5
185,CC1(C)O[C@@H]2C[C@H]3[C@@H]4CCC5=CC(=O)C=C[C@]5(C)[C@@]4(F)[C@@H](O)C[C@]3(C)[C@]2(C(=O)CO)O1,8.36
186,CC1(C)O[C@@H]2C[C@H]3[C@@H]4C[C@H](F)C5=CC(=O)CC[C@]5(C)[C@H]4[C@@H](O)C[C@]3(C)[C@]2(C(=O)CO)O1,8.35
187,CCCC1O[C@@H]2C[C@H]3[C@@H]4CCC5=CC(=O)C=C[C@]5(C)[C@H]4[C@@H](O)C[C@]3(C)[C@]2(C(=O)CO)O1,8.7175
188,CC(=O)OCC(=O)[C@@]12OC(C)(C)O[C@@H]1C[C@H]1[C@@H]3C[C@H](F)C4=CC(=O)C=C[C@]4(C)[C@@]3(F)[C@@H](O)C[C@@]12C,8.28
189,CC1(C)O[C@@H]2C[C@H]3[C@@H]4C[C@H](F)C5=CC(=O)C=C[C@]5(C)[C@H]4[C@@H](O)C[C@]3(C)[C@]2(C(=O)CO)O1,8.27
190,CC#C[C@]1(O)CC[C@H]2[C@@H]3CCc4cc(C(=O)Nc5cccnc5C)ccc4[C@H]3[C@@H](OCc3ccc(Cl)cc3)C[C@@]21C,10.15
191,CC#C[C@]1(O)CC[C@H]2[C@@H]3CCc4cc(C(=O)Nc5cccnc5C)ccc4[C@H]3[C@@H](OCc3ccccc3)C[C@@]21C,9.4
192,CC#C[C@]1(O)CC[C@H]2[C@@H]3CCc4cc(C(=O)Nc5cccnc5C)ccc4[C@H]3[C@@H](OCc3cccc(Cl)c3)C[C@@]21C,9.05
193,CC#C[C@]1(O)CC[C@H]2[C@@H]3CCc4cc(C(=O)Nc5cccnc5C)ccc4[C@H]3[C@@H](OCc3ccccc3Cl)C[C@@]21C,8.85
194,CS(=O)(=O)Nc1ccc2c(c1)C(c1ccccc1)Oc1cccc(OC(F)F)c1-2,7.97
195,COc1cccc2c1-c1ccc(NS(C)(=O)=O)cc1C(c1cccc(Cl)c1)O2,8.52
196,COc1cccc2c1-c1ccc(NS(C)(=O)=O)cc1C(c1cccc(F)c1)O2,7.82
197,COc1cccc2c1-c1ccc(NS(C)(=O)=O)cc1C(c1ccc(Cl)c(Cl)c1)O2,8.52
198,COc1cccc(C2Oc3cccc(OC)c3-c3ccc(NS(C)(=O)=O)cc32)c1,8.22
199,COc1cccc2c1-c1ccc(NS(C)(=O)=O)cc1C(c1ccc(C)cc1)O2,8.15
200,COc1cccc2c1-c1ccc(NS(C)(=O)=O)cc1C(c1ccc(Cl)cc1)O2,8.0
201,COc1cccc2c1-c1ccc(NS(C)(=O)=O)cc1C(c1ccccc1)O2,7.39
202,COc1cccc2c1-c1ccc(NS(C)(=O)=O)cc1C(c1cccc(C)c1)O2,8.34
203,CNc1cccc(C2Oc3cccc(OC)c3-c3ccc(NS(C)(=O)=O)cc32)c1,7.64
204,COc1cccc2c1-c1ccc(NS(C)(=O)=O)cc1C(c1ccc(F)cc1)O2,7.54
205,CCOC(=O)c1cccc(C2Oc3cccc(OC)c3-c3ccc(NS(C)(=O)=O)cc32)c1,7.51
206,COc1cccc2c1-c1ccc(NS(=O)(=O)N(C)C)cc1C(c1ccccc1)O2,7.39
207,COc1cccc2c1-c1ccc(NS(C)(=O)=O)cc1C(C1CCCCC1)O2,7.33
208,CCOC(=O)c1ccc(C2Oc3cccc(OC)c3-c3ccc(NS(C)(=O)=O)cc32)cc1,7.21
209,CCS(=O)(=O)Nc1ccc2c(c1)C(c1ccccc1)Oc1cccc(OC)c1-2,7.21
210,COc1cccc2c1-c1ccc(NC(C)=O)cc1C(c1ccccc1)O2,7.16
211,COc1cccc2c1-c1ccc(NS(C)(=O)=O)cc1C(c1cc(C)cc(C)c1)O2,7.905
212,CCOc1cccc2c1-c1ccc(NS(C)(=O)=O)cc1C(c1ccccc1)O2,7.09
213,CN(C)c1ccc([C@H]2C[C@@]3(C)[C@@H](CC[C@@]3(O)C#Cc3ccsc3)[C@@H]3OCC4=CC(=O)CCC4=C32)cc1,7.25
214,CC#C[C@]1(O)CC[C@H]2[C@@H]3CCC4=CC(=O)CCC4=C3[C@@H](c3ccc(N(C)C[C@@H]4C[C@@H](O)CC(=O)O4)cc3)C[C@@]21C,8.14
215,COc1cccc2c1-c1ccc3c(c1[C@H]([C@@H]1C=C(C)CCC1)O2)C(C)=CC(C)(C)N3,8.24
216,COc1cccc2c1-c1ccc3c(c1C(c1cccc(OCSC)c1)O2)C(C)=CC(C)(C)N3,8.083333333333332
217,COc1cccc2c1-c1ccc3c(c1C(c1cccc(OC(=O)N(C)C)c1)O2)C(C)=CC(C)(C)N3,7.906666666666665
218,COc1cccc2c1-c1ccc3c(c1C(C1C=CCCC1)O2)C(C)=CC(C)(C)N3,7.785
219,COc1cccc2c1-c1ccc3c(c1C(C1C=C(C)CCC1)O2)C(C)=CC(C)(C)N3,7.985
220,COc1cccc2c1-c1ccc3c(c1C(c1cc(Cl)cc(Cl)c1)O2)C(C)=CC(C)(C)N3,7.953333333333333
221,COc1cccc2c1-c1ccc3c(c1C(c1cc(C)cc(C)c1)O2)C(C)=CC(C)(C)N3,7.803333333333333
222,COCOc1cccc(C2Oc3cccc(OC)c3-c3ccc4c(c32)C(C)=CC(C)(C)N4)c1,7.5
223,COc1cccc2c1-c1ccc3c(c1C(c1cc(C)cc(Br)c1)O2)C(C)=CC(C)(C)N3,7.7366666666666655
224,CC1=C[C@@H]([C@@H]2Oc3c(F)cc(F)cc3-c3ccc4c(c32)C(C)=CC(C)(C)N4)CCC1,7.47
225,COc1cccc2c1-c1ccc3c(c1[C@H]([C@H]1C=C(C)CCC1)O2)C(C)=CC(C)(C)N3,7.56
226,COc1cccc2c1-c1ccc3c(c1C(c1cccc(C(F)(F)F)c1)O2)C(C)=CC(C)(C)N3,7.366666666666665
227,COc1cccc2c1-c1ccc3c(c1C(c1ccccc1)O2)C(C)=CC(C)(C)N3,7.405
228,COc1cccc2c1-c1ccc3c(c1C(c1cc(F)cc(F)c1)O2)C(C)=CC(C)(C)N3,7.815
229,CC1=CC(C)(C)Nc2ccc3c(c21)C(c1ccc(Cl)c(Cl)c1)Oc1ccccc1-3,7.1
230,COc1cccc2c1-c1ccc3c(c1C(C1C=CCC1)O2)C(C)=CC(C)(C)N3,7.92
231,CC#C[C@]1(O)CC[C@H]2[C@@H]3CCC4=CC(=O)CCC4=C3[C@@H](c3ccc(-c4ccc(OC)cc4)cc3)C[C@@]21C,8.765
232,CC(C)(C)C#C[C@]1(O)CC[C@H]2[C@@H]3CCC4=CC(=O)CC[C@@H]4[C@H]3[C@@H](c3ccc(N4CCOCC4)cc3)C[C@@]21C,7.99
233,CC(C)(C)C#C[C@]1(O)CC[C@H]2[C@@H]3CCC4=CC(=O)CC[C@@H]4[C@H]3[C@@H](c3ccc(N4CCN(S(C)(=O)=O)CC4)cc3)C[C@@]21C,7.91
234,CC(C)(C)C#C[C@]1(O)CC[C@H]2[C@@H]3CCC4=CC(=O)CCC4=C3[C@@H](c3ccc(N4CCOCC4)cc3)C[C@@]21C,7.88
235,CC(C)(C)C#C[C@]1(O)CC[C@H]2[C@@H]3CCC4=CC(=O)CCC4=C3[C@@H](c3ccc(N4CCS(=O)(=O)CC4)cc3)C[C@@]21C,7.78
236,CN1CCN(c2ccc([C@H]3C[C@@]4(C)[C@@H](CC[C@@]4(O)C#CC(C)(C)C)[C@@H]4CCC5=CC(=O)CC[C@@H]5[C@H]43)cc2)CC1,7.45
237,Cc1ccc(C#C[C@]2(O)CC[C@H]3[C@@H]4OCC5=CC(=O)CCC5=C4[C@@H](c4ccc(N(C)C)cc4)C[C@@]32C)cc1,7.66
238,CN(C)c1ccc([C@H]2C[C@@]3(C)[C@@H](CC[C@@]3(O)C#Cc3ccc(Br)cc3)[C@@H]3OCC4=CC(=O)CCC4=C32)cc1,7.5
239,CN(C)c1ccc([C@H]2C[C@@]3(C)[C@@H](CC[C@@]3(O)C#Cc3cc(F)cc(F)c3)[C@@H]3OCC4=CC(=O)CCC4=C32)cc1,7.46
240,Cc1cccc(C#C[C@]2(O)CC[C@H]3[C@@H]4OCC5=CC(=O)CCC5=C4[C@@H](c4ccc(N(C)C)cc4)C[C@@]32C)c1,7.44
241,CN(C)c1ccc([C@H]2C[C@@]3(C)[C@@H](CC[C@@]3(O)C#Cc3ccc(F)cc3)[C@@H]3OCC4=CC(=O)CCC4=C32)cc1,7.42
242,CN(C)c1ccc([C@H]2C[C@@]3(C)[C@@H](CC[C@@]3(O)C#Cc3ccc(C#N)cc3)[C@@H]3OCC4=CC(=O)CCC4=C32)cc1,7.38
243,CN(C)c1ccc([C@H]2C[C@@]3(C)[C@@H](CC[C@@]3(O)C#Cc3ccc(Cl)cc3)[C@@H]3OCC4=CC(=O)CCC4=C32)cc1,7.36
244,CN(C)c1ccc([C@H]2C[C@@]3(C)[C@@H](CC[C@@]3(O)C#Cc3cccc(C(F)(F)F)c3)[C@@H]3OCC4=CC(=O)CCC4=C32)cc1,7.34
245,CN(C)c1ccc([C@H]2C[C@@]3(C)[C@@H](CC[C@@]3(O)C#Cc3cccc(Cl)c3)[C@@H]3OCC4=CC(=O)CCC4=C32)cc1,7.31
246,CN(C)c1ccc([C@H]2C[C@@]3(C)[C@@H](CC[C@@]3(O)C#Cc3ccccc3C(F)(F)F)[C@@H]3OCC4=CC(=O)CCC4=C32)cc1,7.29
247,CN(C)c1ccc([C@H]2C[C@@]3(C)[C@@H](CC[C@@]3(O)C#Cc3cccc(F)c3)[C@@H]3OCC4=CC(=O)CCC4=C32)cc1,7.25
248,CN(C)c1ccc([C@H]2C[C@@]3(C)[C@@H](CC[C@@]3(O)C#Cc3ccccc3Br)[C@@H]3OCC4=CC(=O)CCC4=C32)cc1,7.2
249,CN(C)c1ccc([C@H]2C[C@@]3(C)[C@@H](CC[C@@]3(O)C#Cc3ccccc3Cl)[C@@H]3OCC4=CC(=O)CCC4=C32)cc1,7.19
250,CN(C)c1ccc([C@H]2C[C@@]3(C)[C@@H](CC[C@@]3(O)C#Cc3ccccc3F)[C@@H]3OCC4=CC(=O)CCC4=C32)cc1,7.19
251,CN(C)c1ccc([C@H]2C[C@@]3(C)[C@@H](CC[C@@]3(O)C#Cc3ccc(C(C)(C)C)cc3)[C@@H]3OCC4=CC(=O)CCC4=C32)cc1,7.18
252,COc1ccc(C#C[C@]2(O)CC[C@H]3[C@@H]4OCC5=CC(=O)CCC5=C4[C@@H](c4ccc(N(C)C)cc4)C[C@@]32C)cc1,7.09
253,CC#C[C@]1(O)CC[C@H]2[C@@H]3CCC4=CC(=O)CCC4=C3[C@@H](c3ccc4oc(CC)nc4c3)C[C@@]21C,7.89
254,CC#C[C@]1(O)CC[C@H]2[C@@H]3CCC4=CC(=O)CCC4=C3[C@@H](c3ccc4oc(C)nc4c3)C[C@@]21C,7.64
255,CC#C[C@]1(O)CC[C@H]2[C@@H]3CCC4=CC(=O)CCC4=C3[C@@H](c3ccc4ocnc4c3)C[C@@]21C,7.35
256,CC#C[C@]1(NC=O)CC[C@H]2[C@@H]3CCC4=CC(=O)CCC4=C3[C@@H](c3ccc4ocnc4c3)C[C@@]21C,7.22
257,CC#C[C@]1(O)CC[C@H]2[C@@H]3CCC4=CC(=O)CCC4=C3[C@@H](c3ccc4oc(C(F)(F)F)nc4c3)C[C@@]21C,7.21
258,COc1c(O)ccc2c1-c1ccc3c(c1/C(=C/c1cccc(-c4cccnc4)c1)O2)C(C)=CC(C)(C)N3,8.795
259,COc1c(O)ccc2c1-c1ccc3c(c1/C(=C/c1cccc(-c4ccccc4)c1)O2)C(C)=CC(C)(C)N3,8.28
260,CC#C[C@]1(O)CC[C@H]2[C@@H]3CCC4=CC(=O)CCC4=C3[C@@H](c3ccc(N(C)CCO[C@H]4CC[C@@]5(C)[C@@H](C4)C[C@@H](O)[C@@H]4[C@@H]5C[C@H](O)[C@]5(C)[C@@H]([C@H](C)CCC(=O)O)CC[C@@H]45)cc3)C[C@@]21C,8.46
261,CC#C[C@]1(O)CC[C@H]2[C@@H]3CCC4=CC(=O)CCC4=C3[C@@H](c3ccc(OCCO[C@H]4CC[C@@]5(C)[C@@H](C4)C[C@@H](O)[C@@H]4[C@@H]5C[C@H](O)[C@]5(C)[C@@H]([C@H](C)CCC(=O)O)CC[C@@H]45)c(C)c3)C[C@@]21C,8.01
262,CC#C[C@]1(O)CC[C@H]2[C@@H]3CCC4=CC(=O)CCC4=C3[C@@H](c3cc(C)c(OCCO[C@H]4CC[C@@]5(C)[C@@H](C4)C[C@@H](O)[C@@H]4[C@@H]5C[C@H](O)[C@]5(C)[C@@H]([C@H](C)CCC(=O)O)CC[C@@H]45)c(C)c3)C[C@@]21C,8.31
263,CSc1ccc([C@H]2OC[C@@]3(C)[C@@H](CC[C@@]3(O)C(F)(F)C(F)(F)F)[C@@H]3CCC4=CC(=O)CCC4=C32)cc1,8.15
264,CC#C[C@]1(O)CC[C@H]2[C@@H]3CCC4=CC(=O)CCC4=C3[C@@H](c3ccc(N(C)C)cc3)OC[C@@]21C,7.77
265,CN(C)c1ccc([C@H]2OC[C@@]3(C)[C@@H](CC[C@@]3(O)C(F)(F)C(F)(F)F)[C@@H]3CCC4=CC(=O)CCC4=C32)cc1,7.7
266,CC#C[C@]1(O)CC[C@H]2[C@@H]3CCC4=CC(=O)CCC4=C3[C@@H](c3ccc(OC)cc3)OC[C@@]21C,7.39
267,C=C(C)[C@]1(O)CC[C@H]2[C@@H]3CCC4=CC(=O)CCC4=C3[C@@H](c3ccc(SC)cc3)OC[C@@]21C,7.24
268,C#C[C@]1(O)CC[C@H]2[C@@H]3CCC4=CC(=O)CCC4=C3[C@@H](c3ccc(N(C)C)cc3)OC[C@@]21C,7.17
269,Cc1noc(C)c1-c1cc2c(c3c1CCC3)NC(C)(C)C(=O)C2(C)C,7.52
270,Cc1noc(C)c1-c1cc2c(c3c1OCO3)NC(C)(C)C(=O)C2(C)C,7.11
271,COc1c(O)ccc2c1-c1ccc3c(c1/C(=C/c1ccc(F)cc1/C=N/O)O2)C(C)=CC(C)(C)N3,8.885
272,COc1c(O)ccc2c1-c1ccc3c(c1/C(=C/c1cccc(C)c1)O2)C(C)=CC(C)(C)N3,9.375
273,COc1c(O)ccc2c1-c1ccc3c(c1/C(=C/c1ccc(O)cc1)O2)C(C)=CC(C)(C)N3,9.2
274,COc1c(O)ccc2c1-c1ccc3c(c1/C(=C/c1ccccc1C)O2)C(C)=CC(C)(C)N3,9.2
275,COCOCc1cc(F)ccc1/C=C1\Oc2ccc(O)c(OC)c2-c2ccc3c(c21)C(C)=CC(C)(C)N3,8.895
276,COc1c(O)ccc2c1-c1ccc3c(c1/C(=C/c1cccc(C)n1)O2)C(C)=CC(C)(C)N3,8.635
277,COc1c(O)ccc2c1-c1ccc3c(c1/C(=C/c1ccccc1F)O2)C(C)=CC(C)(C)N3,8.87
278,COc1c(O)ccc2c1-c1ccc3c(c1/C(=C/c1cccc(OC(F)(F)F)c1)O2)C(C)=CC(C)(C)N3,8.525
279,COc1c(O)ccc2c1-c1ccc3c(c1/C(=C/c1cccc(C(F)(F)F)c1)O2)C(C)=CC(C)(C)N3,8.495
280,COc1c(O)ccc2c1-c1ccc3c(c1/C(=C/c1cccc(C(F)(F)F)c1C)O2)C(C)=CC(C)(C)N3,8.205
281,COc1c(O)ccc2c1-c1ccc3c(c1/C(=C/c1cccc(O)c1)O2)C(C)=CC(C)(C)N3,8.645
282,COc1ccc(/C=C2\Oc3ccc(O)c(OC)c3-c3ccc4c(c32)C(C)=CC(C)(C)N4)cc1,8.0
283,COc1c(O)ccc2c1-c1ccc3c(c1/C(=C/c1ccc(F)cc1C(=O)N(C)C)O2)C(C)=CC(C)(C)N3,8.215
284,COc1c(O)ccc2c1-c1ccc3c(c1/C(=C/c1ccc(Cl)cc1)O2)C(C)=CC(C)(C)N3,7.92
285,COc1c(O)ccc2c1-c1ccc3c(c1/C(=C/c1ccc(C)cc1)O2)C(C)=CC(C)(C)N3,7.87
286,CCc1ccc(/C=C2\Oc3ccc(O)c(OC)c3-c3ccc4c(c32)C(C)=CC(C)(C)N4)cc1,7.77
287,COc1c(O)ccc2c1-c1ccc3c(c1/C(=C/c1ccccc1Cl)O2)C(C)=CC(C)(C)N3,7.685
288,CCc1ccccc1/C=C1\Oc2ccc(F)cc2-c2ccc3c(c21)C(C)=CC(C)(C)N3,7.11
289,CCN(CC)Cc1cc(F)ccc1/C=C1\Oc2ccc(O)c(OC)c2-c2ccc3c(c21)C(C)=CC(C)(C)N3,7.32
290,COc1c(O)ccc2c1-c1ccc3c(c1/C(=C/c1ccc(F)cc1CO)O2)C(C)=CC(C)(C)N3,8.025
291,COc1ccccc1/C=C1\Oc2ccc(F)cc2-c2ccc3c(c21)C(C)=CC(C)(C)N3,7.05
292,COc1c(O)ccc2c1-c1ccc3c(c1/C(=C/c1ccc(OC(F)(F)F)cc1)O2)C(C)=CC(C)(C)N3,7.04
293,CC#C[C@]1(O)CC[C@H]2[C@@H]3CCC4=CC(=O)CCC4=C3[C@@H](c3ccc(Oc4ccccc4)cc3)C[C@@]21C,8.275
294,COc1c(O)ccc2c1-c1ccc3c(c1/C(=C/c1ccc(F)cc1C(=O)N1CCCCC1)O2)C(C)=CC(C)(C)N3,8.72
295,COc1c(O)ccc2c1-c1ccc3c(c1/C(=C/c1ccc(F)cc1S(=O)(=O)N1CCCCC1)O2)C(C)=CC(C)(C)N3,7.92
296,COCc1ccsc1/C=C1\Oc2ccc(O)c(OC)c2-c2ccc3c(c21)C(C)=CC(C)(C)N3,9.7
297,CO/N=C(\C)c1ccsc1/C=C1\Oc2ccc(O)c(OC)c2-c2ccc3c(c21)C(C)=CC(C)(C)N3,9.7
298,COc1c(O)ccc2c1-c1ccc3c(c1/C(=C/c1sccc1CO)O2)C(C)=CC(C)(C)N3,9.7
299,COc1c(O)ccc2c1-c1ccc3c(c1/C(=C/c1sccc1C(C)=O)O2)C(C)=CC(C)(C)N3,9.52
300,CCO/N=C(\C)c1ccsc1/C=C1\Oc2ccc(O)c(OC)c2-c2ccc3c(c21)C(C)=CC(C)(C)N3,9.3
301,COc1c(O)ccc2c1-c1ccc3c(c1/C(=C/c1sccc1C#N)O2)C(C)=CC(C)(C)N3,9.1
302,COc1c(O)ccc2c1-c1ccc3c(c1/C(=C/c1sccc1CNCC(F)(F)F)O2)C(C)=CC(C)(C)N3,9.05
303,COc1c(O)ccc2c1-c1ccc3c(c1/C(=C/c1sccc1COCCO)O2)C(C)=CC(C)(C)N3,9.0
304,COc1c(O)ccc2c1-c1ccc3c(c1/C(=C/c1sccc1/C(C)=N/O)O2)C(C)=CC(C)(C)N3,8.96
305,COC(=O)c1ccsc1/C=C1\Oc2ccc(O)c(OC)c2-c2ccc3c(c21)C(C)=CC(C)(C)N3,8.74
306,COc1c(O)ccc2c1-c1ccc3c(c1/C(=C/c1oc(C)cc1C(=O)N(C)C)O2)C(C)=CC(C)(C)N3,8.465
307,CC/C=C(\C)c1ccsc1/C=C1\Oc2ccc(O)c(OC)c2-c2ccc3c(c21)C(C)=CC(C)(C)N3,8.21
308,CC1=CC(C)(C)Nc2ccc3c(c21)/C(=C/c1ccsc1)Oc1ccc(F)cc1-3,7.0
309,CC1(C)Nc2c(cc(-c3ccnc4ncccc34)c3c2CCC3)C(C)(C)C1=O,7.28
310,CC#C[C@]1(O)CC[C@H]2[C@@H]3CCC4=CC(=O)CC[C@]4(Cc4ccc(C)cc4)C3=CC[C@@]21C,7.995
311,COc1cccc2c1-c1ccc(NS(C)(=O)=O)cc1C(c1cccs1)O2,7.665
312,COc1cccc2c1-c1ccc(NS(C)(=O)=O)cc1C(c1ccsc1)O2,7.665
313,COc1c(O)ccc2c1-c1ccc3c(c1/C(=C/c1cc(F)cc4c1OCOC4)O2)C(C)=CC(C)(C)N3,9.125
314,COc1cccc2c1-c1ccc(NS(C)(=O)=O)cc1C(c1cccc(Oc3ccccc3)c1)O2,7.32
315,COc1c(O)ccc2c1-c1ccc3c(c1/C(=C/c1cccc(-c4ccsc4)c1)O2)C(C)=CC(C)(C)N3,9.075
316,CC#C[C@]1(O)CC[C@H]2[C@@H]3CCC4=CC(=O)CC[C@]4(C)[C@H]3[C@@H](OCc3ccc(Cl)cc3)C[C@@]21C,7.75
317,COc1c(O)ccc2c1-c1ccc3c(c1/C(=C/c1cccc(Oc4ccccc4)c1)O2)C(C)=CC(C)(C)N3,7.925
318,COc1cc(F)ccc1-c1c(Cc2ccccc2)[nH]c2c(NS(C)(=O)=O)cc(C(C)C)cc12,8.12
319,COc1cc([C@@H]2c3cc4c(cc3[C@H](O)[C@H]3COC(=O)[C@H]23)OCO4)cc(OC)c1OC,7.85
320,CN(C)c1ccc([C@H]2C[C@@]3(C)[C@@H](CC[C@@]3(O)C#CC3CC3)[C@@H]3CCC4=CC(=O)CC[C@]4(C)[C@H]32)cc1,7.54
321,CN(C)c1ccc([C@H]2C[C@@]3(C)[C@@H](CC[C@@]3(O)C#CC3CC3)[C@@H]3OCC4=CC(=O)CCC4=C32)cc1,7.48
322,CC#C[C@]1(O)CC[C@H]2[C@@H]3CCC4=CC(=O)CCC4=C3[C@@H](c3ccc(-c4ccc(OCCO[C@H]5CC[C@@]6(C)[C@@H](C5)C[C@@H](O)[C@@H]5[C@@H]6C[C@H](O)[C@]6(C)[C@@H]([C@H](C)CCC(=O)O)CC[C@@H]56)cc4)cc3)C[C@@]21C,8.115
323,CC(=O)O[C@]1(C(C)=O)CCC2C3C=C(Cl)C4=CC(=O)[C@@H]5CC5[C@]4(C)C3CC[C@@]21C,9.05
324,C=C1CCO[C@]12CC[C@H]1[C@@H]3CCC4=CC(=O)CCC4=C3[C@@H](c3ccc(N(C)C)cc3)OC[C@@]12C,7.21
325,COc1c(O)ccc2c1-c1ccc3c(c1/C(=C/c1sccc1C(=O)N1CCCCC1)O2)C(C)=CC(C)(C)N3,8.846666666666666
326,C=C1OC(CC)=N[C@]12CC[C@H]1[C@@H]3CCC4=CC(=O)CCC4=C3[C@@H](c3ccc(N(C)C)cc3)C[C@@]12C,7.64
327,C=C1OC(C)=N[C@]12CC[C@H]1[C@@H]3CCC4=CC(=O)CCC4=C3[C@@H](c3ccc(N(C)C)cc3)C[C@@]12C,7.09
328,COc1c(O)ccc2c1-c1ccc3c(c1/C(=C/c1ccccc1-c1ccccc1)O2)C(C)=CC(C)(C)N3,8.4
329,CC#C[C@]1(O)CC[C@H]2[C@@H]3CCC4=CC(=O)CCC4=C3[C@@H](c3ccc(N(C)CCCC4OC(C(=O)O)C(O)C(O)C4O)cc3)C[C@@]21C,7.78
330,COc1c(O)ccc2c1-c1ccc3c(c1/C(=C/c1ccc(-c4ccccc4)cc1)O2)C(C)=CC(C)(C)N3,7.11
331,CC[C@@]12C[C@@](C)(O)[C@](O)(c3ccccc3)C[C@H]1C=Cc1cc(O)ccc12,8.96
332,CC[C@@]12C[C@@](C)(O)[C@](O)(c3ccccc3)C[C@H]1CCc1cc(O)ccc12,8.84
333,CC[C@@]12C[C@@](C)(O)[C@](O)(c3ccccc3)C[C@H]1C=C(C)c1cc(O)ccc12,8.586666666666666
334,CC[C@@]12C[C@](O)(CC)[C@](O)(c3ccccc3)C[C@H]1CCc1cc(O)ccc12,8.57
335,CC[C@@]12C[C@H](O)[C@H](c3ccccc3)C[C@H]1CCc1cc(O)ccc12,8.89
336,CC[C@@]12C[C@@](C)(O)[C@](O)(c3ccc(C)cc3)C[C@H]1CCc1cc(O)ccc12,8.405
337,CC[C@@]12C[C@@](C)(O)[C@](O)(c3ccccn3)C[C@H]1CCc1cc(O)ccc12,8.82
338,CC[C@@]12C[C@@](C)(O)[C@](O)(c3ccccc3)C[C@H]1CC(=O)c1cc(O)ccc12,8.013333333333334
339,CC[C@@]12C[C@H](O)[C@](O)(c3ccccc3)C[C@H]1CCc1cc(O)ccc12,8.6
340,CC[C@@]12C[C@@H](O)[C@](O)(c3ccccc3)C[C@H]1CCc1cc(O)ccc12,8.42
341,C=C[C@@]1(O)C[C@@]2(CC)c3ccc(O)cc3CC[C@@H]2C[C@@]1(O)c1ccccc1,8.28
342,CC[C@@]12C[C@@](C)(O)[C@](O)(c3ccncc3)C[C@H]1CCc1cc(O)ccc12,7.52
343,CC[C@@]12CC[C@](O)(c3ccccc3)C[C@H]1CCc1cc(O)ccc12,7.68
344,CC[C@@]12C[C@@](C)(O)[C@](O)(c3cccnc3)C[C@H]1CCc1cc(O)ccc12,7.38
345,CC[C@@]12C[C@](C)(O)[C@](O)(c3ccccc3)C[C@H]1CCc1cc(O)ccc12,7.42
346,CC[C@@]12C[C@@](C)(O)[C@](O)(c3ccccc3)C[C@H]1CC(O)c1cc(O)ccc12,7.1
347,C=CCOC(C)C1=CC(C)(C)Nc2ccc(-c3cc(F)ccc3OC)cc21,7.4350000000000005
348,OC(c1ccnc(Cl)c1)(c1ccc2c(cnn2-c2ccc(F)cc2)c1)C(F)(F)F,7.85
349,OC(c1ccc2c(cnn2-c2ccc(F)cc2)c1)(c1ccccc1Cl)C(F)(F)F,7.46
350,OC(c1ccc(F)c(Cl)c1)(c1ccc2c(cnn2-c2ccc(F)cc2)c1)C(F)(F)F,7.31
351,Cc1cccc(C(O)(c2ccc3c(cnn3-c3ccc(F)cc3)c2)C(F)(F)F)c1,7.28
352,N#Cc1cc(C(O)(c2ccc3c(cnn3-c3ccc(F)cc3)c2)C(F)(F)F)ccc1F,7.395
353,OC(c1ccc2c(cnn2-c2ccc(F)cc2)c1)(c1ccccc1F)C(F)(F)F,7.27
354,Cc1cc(C(O)(c2ccc3c(cnn3-c3ccc(F)cc3)c2)C(F)(F)F)ccc1F,7.23
355,OC(c1cccc(Cl)c1)(c1ccc2c(cnn2-c2ccc(F)cc2)c1)C(F)(F)F,7.14
356,OC(c1ccc(F)cc1)(c1ccc2c(cnn2-c2ccc(F)cc2)c1)C(F)(F)F,7.07
357,OC(c1ccc2c(cnn2-c2ccc(F)cc2)c1)(c1cccc(Cl)c1Cl)C(F)(F)F,7.265
358,N#Cc1cccc(C(O)(c2ccc3c(cnn3-c3ccc(F)cc3)c2)C(F)(F)F)c1,7.0
359,CN(c1ccccc1)S(=O)(=O)c1ccc(-c2ccc3c(cnn3-c3ccc(F)cc3)c2)c(C(F)(F)F)c1,7.9
360,COc1cccc(S(=O)(=O)Nc2ccc(-c3ccc4c(cnn4-c4ccc(F)cc4)c3)c(C(F)(F)F)c2)c1,7.45
361,CC(C)N(c1ccccc1)S(=O)(=O)c1ccc(-c2ccc3c(cnn3-c3ccc(F)cc3)c2)c(C(F)(F)F)c1,7.55
362,O=S(=O)(Nc1ccc(-c2ccc3c(cnn3-c3ccc(F)cc3)c2)c(C(F)(F)F)c1)c1ccccc1,7.8
363,CCCN(c1ccccc1)S(=O)(=O)c1ccc(-c2ccc3c(cnn3-c3ccc(F)cc3)c2)c(C(F)(F)F)c1,7.8
364,CCN(c1ccccc1)S(=O)(=O)c1ccc(-c2ccc3c(cnn3-c3ccc(F)cc3)c2)c(C(F)(F)F)c1,7.8
365,O=S(=O)(Nc1ccccc1)c1ccc(-c2ccc3c(cnn3-c3ccc(F)cc3)c2)c(C(F)(F)F)c1,7.6
366,CCCCN(c1ccccc1)S(=O)(=O)c1ccc(-c2ccc3c(cnn3-c3ccc(F)cc3)c2)c(C(F)(F)F)c1,7.6
367,O=S(=O)(Nc1ccc(-c2ccc3c(cnn3-c3ccc(F)cc3)c2)c(C(F)(F)F)c1)c1cccc(OC(F)(F)F)c1,7.25
368,CC(C)(C)c1ccc(S(=O)(=O)Nc2ccc(-c3ccc4c(cnn4-c4ccc(F)cc4)c3)c(C(F)(F)F)c2)cc1,7.3
369,O=S(=O)(Nc1ccc(-c2ccc3c(cnn3-c3ccc(F)cc3)c2)c(C(F)(F)F)c1)c1cccc(C(F)(F)F)c1,7.25
370,Cc1cc(-c2cccc3cc[nH]c23)c(Cl)c2c1NC(C)(C)C(O)C2C,8.5
371,CCO/N=C/c1c(-c2cccc3cc[nH]c23)cc(C)c2c1[C@H](C)[C@@H](O)C(C)(C)N2,8.76
372,C[C@H]1c2c(cc(F)c(-c3cccc4cc[nH]c34)c2F)NC(C)(C)[C@@H]1O,8.39
373,Cc1c(F)c(-c2cccc3cc[nH]c23)cc2c1NC(C)(C)[C@H](O)[C@H]2C,8.58
374,CO/N=C/c1c(-c2cccc3cc[nH]c23)cc(C)c2c1[C@H](C)[C@@H](O)C(C)(C)N2,8.575
375,Cc1cc(-c2cccc3[nH]ccc23)c(Cl)c2c1NC(C)(C)CC2C,8.74
376,C=CCC1(C)C(=O)C(C)(C)Nc2c(C)cc(-c3cccc4cc[nH]c34)c(Cl)c21,8.06
377,CCO/N=C1/c2c(cc(F)c(-c3cccc4c(C)c[nH]c34)c2F)NC(C)(C)C1O,8.435
378,Cc1cc(-c2cc(F)cc3cc[nH]c23)c(Cl)c2c1NC(C)(C)CC2C,8.51
379,CO/N=C1/c2c(cc(F)c(-c3cccc4c(C)c[nH]c34)c2F)NC(C)(C)C1O,8.12
380,CC1(C)C/C(=N\OC(C)(C)C)c2c(cc(F)c(-c3cccc4cc[nH]c34)c2F)N1,7.93
381,C[C@H]1c2c(F)c(-c3cccc4cc[nH]c34)c(F)c(F)c2NC(C)(C)[C@@H]1O,8.07
382,C[C@H]1c2c(F)c(-c3cccc4cc[nH]c34)c(F)c(Cl)c2NC(C)(C)[C@@H]1O,8.105
383,CC1(C)C/C(=N\OC(C)(C)C)c2c(cc(F)c(-c3cccc4c(Cl)c[nH]c34)c2F)N1,8.06
384,Cc1cc(-c2cccc3cc[nH]c23)c(C)c2c1NC(C)(C)[C@H](O)[C@H]2C,8.18
385,Cc1cc(-c2cccc3cc[nH]c23)c(Cl)c2c1NC(C)(C)C(=O)C2(C)C,8.33
386,Cc1c[nH]c2c(-c3c(F)cc4c(c3F)/C(=N/OC(C)C)CC(C)(C)N4)cccc12,8.135
387,Cc1cc(-c2ccc(F)c3cc[nH]c23)c(Cl)c2c1NC(C)(C)CC2C,8.3
388,Cc1cc(-c2cccc3c(C)c[nH]c23)c(Cl)c2c1NC(C)(C)CC2C,8.28
389,Cc1cc(-c2cccc3cc[nH]c23)c(C#N)c2c1NC(C)(C)[C@H](O)[C@H]2C,8.04
390,Cc1cc(-c2cccc3cc[nH]c23)c(/C=N/OC(C)(C)C)c2c1NC(C)(C)[C@H](O)[C@H]2C,8.34
391,Cc1c[nH]c2c(-c3c(F)cc4c(c3F)/C(=N/OC(C)(C)C)CC(C)(C)N4)cccc12,8.07
392,Cc1cc(-c2cccc3cc[nH]c23)c(F)c2c1NC(C)(C)[C@H](O)[C@H]2C,8.19
393,Cc1cc(-c2cccc3cc[nH]c23)c(/C=C/C#N)c2c1NC(C)(C)[C@H](O)[C@H]2C,7.995
394,CCO/N=C1\CC(C)(C)Nc2cc(F)c(-c3cccc4cc[nH]c34)c(F)c21,8.16
395,C[C@H]1c2cc(-c3cccc4cc[nH]c34)c(F)c(F)c2NC(C)(C)[C@@H]1O,7.905
396,CC(=O)/C=C/c1c(-c2cccc3cc[nH]c23)cc(C)c2c1[C@H](C)[C@@H](O)C(C)(C)N2,8.11
397,CNC(=O)O[C@@H]1[C@@H](C)c2c(cc(F)c(-c3cccc4cc[nH]c34)c2F)NC1(C)C,8.0
398,Cc1cc(-c2cccc3cc[nH]c23)c(/C=N/O)c2c1NC(C)(C)[C@H](O)[C@H]2C,7.96
399,Cc1cc(-c2cc(F)c(F)c3cc[nH]c23)c(Cl)c2c1NC(C)(C)CC2C,7.96
400,Cc1cc(-c2ccc(Cl)c3cc[nH]c23)c(Cl)c2c1NC(C)(C)CC2C,7.92
401,Cc1cc(-c2cccc3cc[nH]c23)c(Cl)c2c1NC(C)(C)CC2C,7.795
402,Cc1c[nH]c2c(-c3c(F)cc4c(c3F)/C(=N/OC(C)(C)CO)CC(C)(C)N4)cccc12,7.555
403,Cc1cc(-c2cccc3cc[nH]c23)c(Cl)c2c1NC(C)(C)C(=O)C2C,7.89
404,C=Cc1c(-c2cccc3cc[nH]c23)cc2c(c1C)NC(C)(C)[C@H](O)[C@H]2C,7.89
405,Cc1cc(-c2cccc3cc[nH]c23)c(Cl)c2c1NC(C)(C)C(O)C2(C)C,7.64
406,CO/N=C1/c2c(cc(F)c(-c3cccc4c(Cl)c[nH]c34)c2F)NC(C)(C)C1O,7.755
407,CCc1c(-c2cccc3cc[nH]c23)cc(C)c2c1[C@H](C)[C@@H](O)C(C)(C)N2,7.82
408,Cc1cc(-c2cccc3cc[nH]c23)c(Cl)c2c1NC(C)(C)[C@H](O)[C@H]2C,8.29
409,CC(C)NC(=O)O[C@@H]1[C@@H](C)c2c(cc(F)c(-c3cccc4c(Cl)c[nH]c34)c2F)NC1(C)C,7.56
410,C[C@H]1c2c(Cl)c(-c3cccc4cc[nH]c34)cc(F)c2NC(C)(C)[C@@H]1O,7.81
411,CC(C)=CCC1(C)C(=O)C(C)(C)Nc2c(C)cc(-c3cccc4cc[nH]c34)c(Cl)c21,7.47
412,Cc1c(Cl)c(-c2cccc3cc[nH]c23)cc2c1NC(C)(C)[C@H](O)[C@H]2C,7.63
413,Cc1cc(-c2cccc3cc[nH]c23)cc2c1NC(C)(C)[C@H](O)[C@H]2C,7.68
414,COC(=O)C(C)(C)O/N=C1\CC(C)(C)Nc2cc(F)c(-c3cccc4c(C)c[nH]c34)c(F)c21,7.66
415,Cc1cc(-c2cccc3cc[nH]c23)c(Cl)c2c1NC(C)(C)[C@@H](O)[C@H]2C,7.62
416,COc1ccc2cc[nH]c2c1-c1cc(C)c2c(c1Cl)C(C)CC(C)(C)N2,7.48
417,CO/N=C1\CC(C)(C)Nc2cc(F)c(-c3cccc4cc[nH]c34)c(F)c21,7.38
418,Cc1c(-c2cccc3cc[nH]c23)cc2c(c1C)NC(C)(C)[C@H](O)[C@H]2C,7.38
419,CNC(=O)O[C@@H]1[C@@H](C)c2c(cc(F)c(-c3cccc4c(Cl)c[nH]c34)c2F)NC1(C)C,7.6
420,Cc1cc(-c2cc(Cl)cc3cc[nH]c23)c(Cl)c2c1NC(C)(C)CC2C,7.28
421,COc1ccc(-c2cc(C)c3c(c2Cl)C(C)CC(C)(C)N3)c2[nH]ccc12,7.17
422,Cc1cc(-c2cccc3ccn(C)c23)c(Cl)c2c1NC(C)(C)CC2C,7.08
423,CSc1ccc([C@@H](Oc2ccc3c(cnn3-c3ccc(F)cc3)c2)[C@H](C)NC(=O)C(F)(F)F)cc1,10.52
424,COc1cccc([C@@H](Oc2ccc3c(cnn3-c3ccc(F)cc3)c2)[C@H](C)NC(=O)C(F)(F)F)c1,9.72
425,CCc1ccc([C@@H](Oc2ccc3c(cnn3-c3ccc(F)cc3)c2)[C@H](C)NC(=O)C(C)(C)C)cc1,10.3
426,COc1cccc([C@@H](Oc2ccc3c(cnn3-c3ccc(F)cc3)c2)[C@H](C)NC(=O)C(C)(C)C)c1,10.1
427,CCc1ccc([C@@H](Oc2ccc3c(cnn3-c3ccc(F)cc3)c2)[C@H](C)NC(=O)CO)cc1,9.68
428,COc1ccc([C@@H](Oc2ccc3c(cnn3-c3ccc(F)cc3)c2)[C@H](C)NC(=O)C(C)(C)C)cc1,9.6
429,C[C@H](NC(=O)C(C)(C)C)[C@H](Oc1ccc2c(cnn2-c2ccc(F)cc2)c1)c1ccccc1,9.18
430,C[C@H](NC(=O)C(C)(F)F)[C@H](Oc1ccc2c(cnn2-c2ccc(=O)n(C)c2)c1)c1ccccc1,8.8
431,Cc1ccc([C@@H](Oc2ccc3c(cnn3-c3ccc(F)cc3)c2)[C@H](C)NC(=O)C(F)(F)F)cc1,8.7
432,CCn1cc(-n2ncc3cc(O[C@H](c4ccccc4)[C@H](C)NC(=O)C(C)(F)F)ccc32)ccc1=O,8.465
433,CC(C)[C@H](NC(=O)C(C)(F)F)[C@H](Oc1ccc2c(cnn2-c2ccc(=O)n(C)c2)c1)c1cccc(Cl)c1,8.68
434,C[C@H](NC(=O)C(F)(F)F)[C@H](Oc1ccc2c(cnn2-c2ccc(F)cc2)c1)c1ccccc1,9.253333333333332
435,CC(C)S(=O)(=O)N[C@@H](C)[C@H](Oc1ccc2c(cnn2-c2ccc(F)cc2)c1)c1ccccc1,8.55
436,C[C@H](NC(=O)CO)[C@H](Oc1ccc2c(cnn2-c2ccc(F)cc2)c1)c1ccc(S(C)(=O)=O)cc1,8.81
437,CC(C)[C@H](NC(=O)C(F)(F)F)[C@H](Oc1ccc2c(cnn2-c2ccc(=O)n(C)c2)c1)c1cccc(Cl)c1,8.52
438,CC(=O)N[C@@H](C)[C@H](Oc1ccc2c(cnn2-c2ccc(F)cc2)c1)c1ccccc1,8.51
439,CC(C)[C@H](NC(=O)C(C)(F)F)[C@H](Oc1ccc2c(cnn2-c2ccc(=O)n(C)c2)c1)c1ccccc1,8.285
440,CCCn1cc(-n2ncc3cc(O[C@H](c4ccccc4)[C@H](C)NC(=O)C(C)(F)F)ccc32)ccc1=O,7.915
441,CC(C)[C@H](NC(=O)C(C)(F)F)[C@H](Oc1ccc2c(cnn2-c2ccc(=O)n(C)c2)c1)c1cc(F)cc(F)c1,8.21
442,COCCC(=O)N[C@@H](C)[C@H](Oc1ccc2c(cnn2-c2ccc(F)cc2)c1)c1ccccc1,8.29
443,CC(C)[C@H](NC(=O)C(C)(F)F)[C@H](Oc1ccc2c(cnn2-c2cc(F)c(=O)n(C)c2)c1)c1ccccc1,8.25
444,CC(C)[C@H](NC(=O)C(C)(F)F)[C@H](Oc1ccc2c(cnn2-c2cccn(C)c2=O)c1)c1ccccc1,8.085
445,CCC(C)S(=O)(=O)N[C@@H](C)[C@H](Oc1ccc2c(cnn2-c2ccc(F)cc2)c1)c1ccccc1,8.18
446,COc1ccc([C@@H](Oc2ccc3c(cnn3-c3ccc(F)cc3)c2)[C@@H](NC(=O)C(C)(F)F)OC(C)(C)C)cn1,8.15
447,CC(C)[C@H](NC(=O)C(C)(F)F)[C@H](Oc1ccc2c(cnn2-c2cc(C#N)c(=O)n(C)c2)c1)c1ccccc1,7.855
448,C[C@H](NS(C)(=O)=O)[C@H](Oc1ccc2c(cnn2-c2ccc(F)cc2)c1)c1ccccc1,8.13
449,C[C@H](NC(=O)C(F)(F)F)[C@H](Oc1ccc2c(cnn2-c2ccc(F)cc2)c1)c1cccc(O)c1,8.22
450,CC(O)n1cc(-n2ncc3cc(O[C@H](c4ccccc4)[C@H](C)NC(=O)C(C)(F)F)ccc32)ccc1=O,7.54
451,CCCS(=O)(=O)N[C@@H](C)[C@H](Oc1ccc2c(cnn2-c2ccc(F)cc2)c1)c1ccccc1,7.89
452,CC(C)[C@H](NC(=O)C(C)(F)F)[C@H](Oc1ccc2c(cnn2-c2ccc(F)cc2)c1)c1ccccc1,7.89
453,CC(C)[C@H](NC(=O)C(F)(F)F)[C@H](Oc1ccc2c(cnn2-c2ccc(F)cc2)c1)c1ccccc1,7.7
454,COc1ccc([C@@H](Oc2ccc3c(cnn3-c3ccc(F)cc3)c2)[C@@H](NC(=O)C(C)(F)F)C(C)C)cn1,8.05
455,C[C@H](NS(=O)(=O)C(F)(F)F)[C@H](Oc1ccc2c(cnn2-c2ccc(F)cc2)c1)c1ccccc1,7.43
456,CC(C)CS(=O)(=O)N[C@@H](C)[C@H](Oc1ccc2c(cnn2-c2ccc(F)cc2)c1)c1ccccc1,7.36
457,CC(C)[C@H](NC(=O)C(C)(F)F)[C@H](Oc1ccc2c(cnn2-c2cnc(=O)n(C)c2)c1)c1ccccc1,7.29
458,COc1ccc(-n2ncc3cc(O[C@H](c4ccccc4)[C@@H](NC(=O)C(C)(F)F)C(C)C)ccc32)cn1,7.24
459,CCCCCS(=O)(=O)N[C@@H](C)[C@H](Oc1ccc2c(cnn2-c2ccc(F)cc2)c1)c1ccccc1,7.0
460,C[C@]12Cc3cnn(-c4ccc(F)cc4)c3C=C1CC[C@]21OC[C@@H](c2ccccc2)O1,8.07
461,C[C@]12Cc3cnn(-c4ccc(F)cc4)c3C=C1CC[C@]21OC[C@H](c2ccccc2)O1,7.92
462,C[C@]12Cc3cnn(-c4ccc(F)cc4)c3C=C1CC[C@@]21OC[C@@H](c2ccccc2)O1,7.58
463,C[C@]12Cc3cnn(-c4ccc(F)cc4)c3C=C1CC[C@@]21OC[C@H](c2ccccc2)O1,7.19
464,Nc1c(C(=O)NCC(O)(CC2(c3cc(F)ccc3Cl)CCC2)C(F)(F)F)cnn1-c1ccccc1,8.25
465,CC(C)(O)[C@H]1CCCC2=Cc3c(cnn3-c3ccc(F)cc3)C[C@@]21C,8.72
466,C=CC[C@H](O)[C@H]1CCCC2=Cc3c(cnn3-c3ccc(F)cc3)C[C@@]21C,8.41
467,C=CCC[C@H](O)[C@H]1CCCC2=Cc3c(cnn3-c3ccc(F)cc3)C[C@@]21C,8.67
468,C[C@H](O)[C@H]1CCCC2=Cc3c(cnn3-c3ccc(F)cc3)C[C@@]21C,8.06
469,CC(C)(C)[C@H](O)[C@H]1CCCC2=Cc3c(cnn3-c3ccc(F)cc3)C[C@@]21C,7.11
470,CCCS(=O)(=O)N[C@@H](C)CNc1cc(C)cc2c1cnn2-c1cccc(C(=O)NC(C)C)c1,7.5666666666666655
471,COc1cc(F)ccc1-c1c(C)[nH]c2c(NS(C)(=O)=O)cc(F)cc12,7.66
472,Cc1cc(NC[C@H](C)NS(=O)(=O)C(C)C)c2cnn(-c3cccc(C(=O)NC(C)C)c3)c2c1,7.6
473,COc1cc([C@H](O)[C@H]2CCCC3=Cc4c(cnn4-c4ccc(F)cc4)C[C@@]32C)cc(F)c1F,8.72
474,C[C@]12Cc3cnn(-c4ccc(F)cc4)c3C=C1CCC[C@@H]2[C@@H](O)c1ccc(F)cc1,8.233333333333333
475,Cc1cc([C@H](O)[C@H]2CCCC3=Cc4c(cnn4-c4ccc(F)cc4)C[C@@]32C)ccc1F,8.17
476,C[C@]12Cc3cnn(-c4ccc(F)cc4)c3C=C1CCC[C@@H]2[C@@H](O)c1ccccc1F,8.14
477,COc1cc([C@H](O)[C@H]2CCCC3=Cc4c(cnn4-c4ccc(F)cc4)C[C@@]32C)ccc1F,8.1
478,C[C@]12Cc3cnn(-c4ccc(F)cc4)c3C=C1CCC[C@@H]2[C@@H](O)c1ccccc1,8.08
479,C[C@]12Cc3cnn(-c4ccc(F)cc4)c3C=C1CCC[C@@H]2[C@@H](O)c1ccc(Cl)cc1,8.05
480,C[C@]12Cc3cnn(-c4ccc(F)cc4)c3C=C1CCC[C@@H]2[C@H](O)c1ccc(F)nc1,8.04
481,C[C@]12Cc3cnn(-c4ccc(F)cc4)c3C=C1CCC[C@@H]2[C@@H](O)c1ccc(O)cc1,8.02
482,C[C@]12Cc3cnn(-c4ccc(F)cc4)c3C=C1CCC[C@@H]2[C@@H](O)c1ccc(F)nc1,7.87
483,C[C@]12Cc3cnn(-c4ccc(F)cc4)c3C=C1CCC[C@@H]2[C@H](O)c1ccc(F)cc1,7.695
484,C[C@]12Cc3cnn(-c4ccc(F)cc4)c3C=C1CCC[C@@H]2[C@](C)(O)c1ccc(F)cc1,8.15
485,C[C@]12Cc3cnn(-c4ccc(F)cc4)c3C=C1CCC[C@@H]2[C@@H](O)c1ccncc1,7.63
486,C[C@]12Cc3cnn(-c4ccc(F)cc4)c3C=C1CCC[C@@H]2[C@@H](O)c1cccc(O)c1,7.6
487,C[C@H](NC(=O)C(C)(F)F)[C@H](Oc1ccc2c(cnn2-c2cccc(C(=O)N[C@@H]3CCOC3)c2)c1)c1ccc2c(c1)OCCO2,9.556666666666665
488,C[C@H](NC(=O)C(C)(F)F)[C@H](Oc1ccc2c(cnn2-c2cccc(C(=O)N[C@@H]3CCC[C@@H]3O)c2)c1)c1ccc2c(c1)OCCO2,9.19
489,C[C@H](NC(=O)C(C)(F)F)[C@H](Oc1ccc2c(cnn2-c2cccc(C(=O)NC3CCS(=O)(=O)C3)c2)c1)c1ccc2c(c1)OCCO2,9.18
490,C[C@H](NC(=O)C(C)(F)F)[C@H](Oc1ccc2c(cnn2-c2cccc(C(=O)NC3CCCC3)c2)c1)c1ccc2c(c1)OCOC2,9.1
491,C[C@H](NC(=O)C(C)(F)F)[C@H](Oc1ccc2c(cnn2-c2cccc(C(=O)N[C@H]3CCOC3)c2)c1)c1ccc2c(c1)OCCO2,9.48
492,C[C@H](NC(=O)C(C)(F)F)[C@H](Oc1ccc2c(cnn2-c2cccc(C(=O)N[C@H]3CCOC3)c2)c1)c1ccc2c(c1)OCOC2,9.293333333333331
493,C[C@H](NC(=O)C(C)(F)F)[C@H](Oc1ccc2c(cnn2-c2cccc(C(=O)NC3CCCC3)c2)c1)c1ccc2c(c1)OCCO2,8.89
494,C[C@H](NC(=O)C(C)(F)F)[C@H](Oc1ccc2c(cnn2-c2cccc(C(=O)N[C@H]3CCS(=O)(=O)C3)c2)c1)c1ccc2c(c1)OCCO2,9.136666666666665
495,C[C@H](NC(=O)C(C)(F)F)[C@H](Oc1ccc2c(cnn2-c2cccc(C(=O)N[C@@H]3CCS(=O)(=O)C3)c2)c1)c1ccc2c(c1)OCCO2,9.106
496,C[C@H](NC(=O)C(C)(F)F)[C@H](Oc1ccc2c(cnn2-c2cccc(C(=O)N[C@@H]3CCC[C@@H]3O)c2)c1)c1ccc2c(c1)OCOC2,8.76
497,C[C@H](NC(=O)C(C)(F)F)[C@H](Oc1ccc2c(cnn2-c2cccc(C(=O)N[C@@H]3CCOC3=O)c2)c1)c1ccc2c(c1)OCCO2,8.926666666666666
498,C[C@H](NC(=O)C(C)(F)F)[C@H](Oc1ccc2c(cnn2-c2cccc(C(=O)N[C@H]3CCC[C@@H]3O)c2)c1)c1ccc2c(c1)OCOC2,8.46
499,C[C@H](NC(=O)C(C)(F)F)[C@H](Oc1ccc2c(cnn2-c2cccc(C(=O)N[C@H]3CC[S+]([O-])C3)c2)c1)c1ccc2c(c1)OCOC2,8.405
500,C[C@H](NC(=O)C(C)(F)F)[C@@H](Oc1ccc2c(cnn2-c2cccc(C(=O)N[C@@H]3CCOC3)c2)c1)c1ccc2c(c1)OCCO2,7.9
501,C[C@H](NC(=O)C(C)(F)F)[C@@H](Oc1ccc2c(cnn2-c2cccc(C(=O)N[C@H]3CCOC3)c2)c1)c1ccc2c(c1)OCCO2,7.61
502,C[C@]12Cc3cnn(-c4ccc(F)cc4)c3C=C1CCC[C@@H]2[C@](C)(O)c1ccsc1,9.1
503,C[C@]12Cc3cnn(-c4ccc(F)cc4)c3C=C1CCC[C@@H]2[C@@H](O)c1ccoc1,8.54
504,C[C@]12Cc3cnn(-c4ccc(F)cc4)c3C=C1CCC[C@@H]2[C@@H](O)c1cccs1,8.15
505,C[C@]12Cc3cnn(-c4ccc(F)cc4)c3C=C1CCC[C@@H]2[C@@H](O)c1ccc(Cl)s1,8.12
506,C[C@]12Cc3cnn(-c4ccc(F)cc4)c3C=C1CCC[C@@H]2[C@@H](O)c1cc(Cl)sc1Cl,7.99
507,C[C@]12Cc3cnn(-c4ccc(F)cc4)c3C=C1CCC21O[C@H](c2ccccc2)[C@@H](c2ccccc2)O1,8.0
508,C[C@H](NC(=O)C(C)(F)F)[C@H](Oc1ccc2c(cnn2-c2ccc(F)cc2)c1)c1ccc2c(c1)OCCO2,10.4
509,C[C@H](NC(=O)C(F)(F)F)[C@H](Oc1ccc2c(cnn2-c2ccc(F)cc2)c1)c1ccc2c(c1)OCCO2,10.34
510,C[C@H](NC(=O)C(F)(F)F)[C@H](Oc1ccc2c(cnn2-c2ccc(F)cc2)c1)c1cnc2ccccc2c1,10.4
511,C[C@H](NC(=O)C(C)(F)F)[C@H](Oc1ccc2c(cnn2-c2ccc(F)cc2)c1)c1ccc2c(c1)OCOC2,10.03
512,C[C@H](NC(=O)C(C)(F)F)[C@H](Oc1ccc2c(cnn2-c2ccc(F)cc2)c1)c1ccc2c(c1)COCO2,9.65
513,CC[C@@H](O)CNC(=O)c1cccc(-n2ncc3cc(O[C@H](c4ccc5c(c4)OCOC5)[C@H](C)NC(=O)C(C)(F)F)ccc32)c1,8.67
514,C[C@H](NC(=O)C(F)(F)F)[C@H](Oc1ccc2c(cnn2-c2ccc(F)cc2)c1)c1ccc2ccccc2c1,9.225
515,COc1ccc(F)cc1C(C)(C)CC(O)(Cc1cc2cc(N3CCOCC3)ncc2[nH]1)C(F)(F)F,8.7
516,Cc1ccc(F)cc1C(C)(C)CC(O)(Cc1cc2cc(N3CCOCC3)ncc2[nH]1)C(F)(F)F,8.52
517,Cc1ccc(F)cc1C(C)(C)CC(O)(Cc1cc2cc(-c3ccccc3)nnc2[nH]1)C(F)(F)F,8.055
518,Cc1ccc(F)cc1C(C)(C)CC(O)(Cc1cc2nc(-c3ccccc3)ncc2[nH]1)C(F)(F)F,8.2
519,CC(C)(CC(O)(Cc1cc2cc(N3CCOCC3)ncc2[nH]1)C(F)(F)F)c1ccccc1,7.935
520,CC(C)(CC(O)(Cc1cc2cc(N3CCOCC3)ncc2[nH]1)C(F)(F)F)c1cccc(F)c1,7.9
521,CC(C)(CC(O)(Cc1cc2cc(N3CCOCC3)ncc2[nH]1)C(F)(F)F)c1ccccc1S(C)(=O)=O,8.35
522,Cc1ccc(F)cc1C(C)(C)CC(O)(Cc1cc2nc(-c3ccccc3)cnc2[nH]1)C(F)(F)F,7.96
523,Cc1ccc(F)cc1C(C)(C)CC(O)(Cc1cc2nc(-c3cccnc3)ncc2[nH]1)C(F)(F)F,8.11
524,CC(C)(CC(O)(Cc1cc2cc(N3CCOCC3)ncc2[nH]1)C(F)(F)F)c1ccc(F)cc1,7.585
525,Cc1ccc(F)cc1C(C)(C)CC(O)(Cc1cc2nc(N3CCOCC3)ncc2[nH]1)C(F)(F)F,8.06
526,Cc1ccc(F)cc1C(C)(C)CC(O)(Cc1cc2nc(N3CCS(=O)(=O)CC3)ncc2[nH]1)C(F)(F)F,7.91
527,CC(C)(CC(O)(Cc1cc2cc(N3CCOCC3)ncc2[nH]1)C(F)(F)F)c1ccccc1C(N)=O,8.06
528,CC(C)(CC(O)(Cc1cc2cc(N3CCOCC3)ncc2[nH]1)C(F)(F)F)c1ccccc1S(N)(=O)=O,7.915
529,CC(C)(CC(O)(Cc1cc2cc(N3CCOCC3)ncc2[nH]1)C(F)(F)F)c1cccc(O)c1,7.45
530,Cc1ccc(F)cc1C(C)(C)CC(O)(Cc1cc2cc(-c3ccccc3)ncc2[nH]1)C(F)(F)F,8.14
531,CC(C)(CC(O)(Cc1cc2cc(N3CCOCC3)ncc2[nH]1)C(F)(F)F)c1cccc(C(N)=O)c1,7.295
532,CC(C)(CC(O)(Cc1cc2cc(N3CCOCC3)ncc2[nH]1)C(F)(F)F)c1cccc(S(C)(=O)=O)c1,7.215
533,C[C@H](NC(=O)C(C)(F)F)[C@H](Oc1ccc2c(cnn2-c2ccc(F)cc2)c1)c1ccc2c(c1)OCC2,10.245
534,C/C=C/[C@H]1OC2(CCC3=Cc4c(cnn4-c4ccc(F)cc4)C[C@@]32C)O[C@@H]1/C=C/C,8.57
535,C=C[C@H]1CO[C@]2(CCC3=Cc4c(cnn4-c4ccc(F)cc4)C[C@@]32C)O1,8.25
536,C=C[C@@H]1CO[C@]2(CCC3=Cc4c(cnn4-c4ccc(F)cc4)C[C@@]32C)O1,8.24
537,CC[C@H]1OC2(CCC3=Cc4c(cnn4-c4ccc(F)cc4)C[C@@]32C)O[C@@H]1CC,8.18
538,C=C[C@H]1OC2(CCC3=Cc4c(cnn4-c4ccc(F)cc4)C[C@@]32C)O[C@@H]1C=C,8.1
539,C[C@H]1OC2(CCC3=Cc4c(cnn4-c4ccc(F)cc4)C[C@@]32C)O[C@@H]1C,7.62
540,COC[C@H]1OC2(CCC3=Cc4c(cnn4-c4ccc(F)cc4)C[C@@]32C)O[C@@H]1COC,7.58
541,C=C[C@@H]1CO[C@@]2(CCC3=Cc4c(cnn4-c4ccc(F)cc4)C[C@@]32C)O1,7.42
542,C=C[C@H]1CO[C@@]2(CCC3=Cc4c(cnn4-c4ccc(F)cc4)C[C@@]32C)O1,7.31
543,C[C@]12Cc3cnn(-c4ccc(F)cc4)c3C=C1CCC21OCCO1,7.38
544,C[C@]12Cc3cnn(-c4ccc(F)cc4)c3C=C1CCCC21O[C@H](c2ccccc2)[C@@H](c2ccccc2)O1,8.0
545,O=S(=O)(Cc1ccccc1)Nc1ccc(-c2ccc3c(cnn3-c3ccc(F)cc3)c2)c(C(F)(F)F)c1,8.0
546,O[C@@]1(Cc2ccccc2)CCCCC[C@@]12C=Cc1c(cnn1-c1ccc(F)cc1)C2,7.05
547,C=C[C@H]1OC2(CCCC3=Cc4c(cnn4-c4ccc(F)cc4)C[C@@]32C)O[C@@H]1C=C,8.92
548,C/C=C/[C@H]1OC2(CCCC3=Cc4c(cnn4-c4ccc(F)cc4)C[C@@]32C)O[C@@H]1/C=C/C,8.6
549,CC[C@H]1OC2(CCCC3=Cc4c(cnn4-c4ccc(F)cc4)C[C@@]32C)O[C@@H]1CC,8.26
550,CCC[C@H]1OC2(CCCC3=Cc4c(cnn4-c4ccc(F)cc4)C[C@@]32C)O[C@@H]1CCC,8.05
551,C[C@H]1OC2(CCCC3=Cc4c(cnn4-c4ccc(F)cc4)C[C@@]32C)O[C@@H]1C,8.0
552,C[C@]12Cc3cnn(-c4ccc(F)cc4)c3C=C1CCCC21OCCO1,7.85
553,CCCC[C@H]1OC2(CCCC3=Cc4c(cnn4-c4ccc(F)cc4)C[C@@]32C)O[C@@H]1CCCC,7.66
554,C[C@@H]1CC(C)(C)O[C@@]2(CCC3=Cc4c(cnn4-c4ccc(F)cc4)C[C@@]32C)O1,8.68
555,C[C@@H]1CC(C)(C)O[C@]2(CCC3=Cc4c(cnn4-c4ccc(F)cc4)C[C@@]32C)O1,8.66
556,C[C@@H]1C[C@H](C)O[C@@]2(CCC3=Cc4c(cnn4-c4ccc(F)cc4)C[C@@]32C)O1,8.51
557,C[C@H]1C[C@H](C)OC2(CCC3=Cc4c(cnn4-c4ccc(F)cc4)C[C@@]32C)O1,8.15
558,C[C@@H]1C[C@@H](C)OC2(CCC3=Cc4c(cnn4-c4ccc(F)cc4)C[C@@]32C)O1,8.08
559,C[C@@H]1CCO[C@@]2(CCC3=Cc4c(cnn4-c4ccc(F)cc4)C[C@@]32C)O1,7.75
560,C[C@H]1CCO[C@]2(CCC3=Cc4c(cnn4-c4ccc(F)cc4)C[C@@]32C)O1,7.68
561,CC1(C)COC2(CCC3=Cc4c(cnn4-c4ccc(F)cc4)C[C@@]32C)OC1,7.55
562,O[C@@]1(c2ccccc2)CCCCC[C@@]12C=Cc1c(cnn1-c1ccc(F)cc1)C2,8.22
563,O[C@]1(c2ccccc2)CCCCC[C@@]12C=Cc1c(cnn1-c1ccc(F)cc1)C2,8.02
564,C[C@H](NC(=O)C(C)(F)F)[C@H](Oc1ccc2c(cnn2-c2ccc(=O)n(C3CC3)c2)c1)c1ccccc1,8.41
565,CS(=O)(=O)Nc1ccc(-c2ccc3c(cnn3-c3ccc(F)cc3)c2)c(C(F)(F)F)c1,8.0
566,CCS(=O)(=O)Nc1ccc(-c2ccc3c(cnn3-c3ccc(F)cc3)c2)c(C(F)(F)F)c1,8.0
567,CC(C)NS(=O)(=O)c1ccc(-c2ccc3c(cnn3-c3ccc(F)cc3)c2)c(C(F)(F)F)c1,7.9
568,CC(C)S(=O)(=O)Nc1ccc(-c2ccc3c(cnn3-c3ccc(F)cc3)c2)c(C(F)(F)F)c1,7.6
569,CCCS(=O)(=O)Nc1ccc(-c2ccc3c(cnn3-c3ccc(F)cc3)c2)c(C(F)(F)F)c1,7.8
570,O=S(=O)(NCCO)c1ccc(-c2ccc3c(cnn3-c3ccc(F)cc3)c2)c(C(F)(F)F)c1,7.8
571,CCNS(=O)(=O)c1ccc(-c2ccc3c(cnn3-c3ccc(F)cc3)c2)c(C(F)(F)F)c1,7.7
572,CCCNS(=O)(=O)c1ccc(-c2ccc3c(cnn3-c3ccc(F)cc3)c2)c(C(F)(F)F)c1,7.5
573,CC(C)CNS(=O)(=O)c1ccc(-c2ccc3c(cnn3-c3ccc(F)cc3)c2)c(C(F)(F)F)c1,7.4
574,CC[C@@]12C[C@H](O)[C@](O)(c3ccccc3)C[C@H]1CCc1cc(OCc3cccnc3C)ccc12,8.12
575,CC[C@@]12C[C@@](C)(O)[C@](O)(c3ccccc3)C[C@H]1CC(=O)c1cc(OC(=O)c3ccccc3)ccc12,8.16
576,CC[C@@]12CC[C@](O)(c3ccccc3)C[C@H]1CCc1cc(OCc3cccnc3C)ccc12,8.22
577,C[C@@H]1C[C@@H](C)OC2(CCCC3=Cc4c(cnn4-c4ccc(F)cc4)C[C@@]32C)O1,8.08
578,O=S(=O)(Nc1ccc(-c2ccc3c(cnn3-c3ccc(F)cc3)c2)c(C(F)(F)F)c1)c1ccsc1,7.45
579,C[C@]12Cc3cnn(-c4ccc(F)cc4)c3C=C1CC[C@@H]1[C@@H]2[C@@H](O)C[C@@]2(C)[C@H]1CC[C@]2(O)C(=O)CO,8.395
580,C[C@]12Cc3cnn(-c4ccccc4)c3C=C1CC[C@@H]1[C@@H]2[C@@H](O)C[C@@]2(C)[C@H]1CC[C@]2(O)C(=O)CO,9.2
581,C[C@]12Cc3cnn(C4CCCCC4)c3C=C1CC[C@@H]1[C@@H]2[C@@H](O)C[C@@]2(C)[C@H]1CC[C@]2(O)C(=O)CO,8.435
582,C[C@H]1c2c(cc(F)c(-c3cccc4cc[nH]c34)c2F)NC(C)(C)[C@@H]1OC(=O)Nc1ccc2c(c1)OCO2,7.685
583,CC(C)[C@H](NC(=O)C(C)(F)F)[C@H](Oc1ccc2c(cnn2-c2ccns2)c1)c1ccccc1,7.41
584,CC(C)[C@H](NC(=O)C(C)(F)F)[C@H](Oc1ccc2c(cnn2-c2cscn2)c1)c1ccccc1,7.88
585,O[C@@]1(c2ccccc2)CCCC[C@@]12C=Cc1c(cnn1-c1ccc(F)cc1)C2,9.39
586,Oc1ccc(C2=CCCC[C@]23C=Cc2c(cnn2-c2ccc(F)cc2)C3)cc1,8.0
587,Fc1ccc(-n2ncc3c2C=C[C@]2(CCCC=C2c2ccccc2)C3)cc1,7.7
588,Cc1cc(C#N)sc1-c1ccc2c(c1)C(C)(C)C(=O)C(C)(C)N2,7.46
589,Cc1noc(C)c1-c1ccc2c(c1)C(C)(C)C(=O)C(C)(C)N2,7.43
590,Cc1cc(C#N)sc1-c1ccc2c(c1)C(C)CC(C)(C)N2,7.14
591,Cc1cc(-c2c[nH]c3ccccc23)c(Cl)c2c1NC(C)(C)CC2C,8.0
592,N#Cc1cc(F)cc(-c2ccc3c(c2)C2(CCCCC2)C(S)=N3)c1,7.46
593,C[C@]12Cc3cnn(-c4ccc(F)cc4)c3C=C1CCC[C@@H]2[C@@H](O)c1cc2ccccc2s1,7.54
594,Cc1noc(=O)c2ccc(NC(=O)C(O)(CC3(c4cc(F)ccc4Cl)CCC3)C(F)(F)F)cc12,8.76
595,Cn1c(C#N)ccc1-c1ccc2[nH]c(=S)n(C3CCCC3)c2c1,7.0
596,CC[C@@]12C[C@@](C)(O)[C@](O)(c3nccs3)C[C@H]1CCc1cc(O)ccc12,8.333333333333332
597,CC[C@@H](Cn1ccc2ccccc21)NS(=O)(=O)c1c(N)cc(Cl)cc1Cl,8.7
598,COc1ccc(F)cc1C(C)(C)CC(O)(Cn1ccc2ncccc21)C(F)(F)F,8.625
599,CC(Cc1c[nH]c2ccccc12)NS(=O)(=O)c1c(N)cc(Cl)cc1Cl,8.3
600,CC[C@@H](Cn1cc(C#N)c2ccccc21)NS(=O)(=O)c1c(N)cc(Cl)cc1Cl,8.575
601,Cc1cc(C)c(S(=O)(=O)NC(Cc2c[nH]c3ccc(C)cc23)C(F)(F)F)c(C)c1,8.0
602,CC[C@@H](Cn1cc(C)c2ccccc21)NS(=O)(=O)c1c(N)cc(Cl)cc1Cl,8.35
603,CC(C)(Cc1c[nH]c2ccccc12)NS(=O)(=O)c1c(N)cc(Cl)cc1Cl,7.82
604,Cc1cc(C)c(S(=O)(=O)NC(Cn2cc(C#N)c3ccccc32)C(F)(F)F)c(C)c1,7.82
605,Cc1cc(C)c(S(=O)(=O)NC(Cc2c[nH]c3ccccc23)C(F)(F)F)c(C)c1,7.82
606,Cc1cc(C)c(S(=O)(=O)NC(Cc2c[nH]c3c(C#N)cc(C)cc23)C(F)(F)F)c(C)c1,8.06
607,Cc1cc(C)c(S(=O)(=O)NC(Cc2c[nH]c3cccc(C)c23)C(F)(F)F)c(C)c1,7.75
608,Cc1cc(C)c(S(=O)(=O)NC(Cc2c[nH]c3c(C)cccc23)C(F)(F)F)c(C)c1,7.7
609,Cc1cc(C)c(S(=O)(=O)NC(Cn2ccc3ccccc32)C(F)(F)F)c(C)c1,7.6
610,Cc1cc(C)c(S(=O)(=O)N[C@@H](C)Cc2c[nH]c3ccccc23)c(C)c1,7.47
611,O=S(=O)(NC(Cc1c[nH]c2ccccc12)C(F)(F)F)c1c(Cl)cc(Cl)cc1Cl,7.46
612,Cc1cc(C)c(S(=O)(=O)NC(Cc2c[nH]c3cc(C)ccc23)C(F)(F)F)c(C)c1,7.43
613,Cc1cc(C)c(S(=O)(=O)NC(C)Cc2c[nH]c3ccccc23)c(C)c1,7.4
614,Cc1cc(C)c(S(=O)(=O)NC(Cc2c[nH]c3c(C#N)cccc23)C(F)(F)F)c(C)c1,7.675
615,COc1ccc(F)cc1C(C)(C)CC(O)(Cn1cnc2ccccc21)C(F)(F)F,7.27
616,Nc1cc(Cl)cc(Cl)c1S(=O)(=O)NC(Cc1c[nH]c2ccccc12)C(F)(F)F,7.625
617,Cc1cc(C)c(S(=O)(=O)NC(Cn2ccc3c(C#N)cccc32)C(F)(F)F)c(C)c1,7.22
618,CCC(Cc1c[nH]c2ccccc12)NS(=O)(=O)c1c(Cl)cc(Cl)cc1Cl,7.19
619,CC(Cc1c[nH]c2ccccc12)NS(=O)(=O)c1c(Cl)cc(Cl)cc1Cl,7.19
620,Cc1cc(C)c(S(=O)(=O)NC(C)Cc2c[nH]c3ccc(F)cc23)c(C)c1,7.19
621,CC(Cc1c[nH]c2ccccc12)NS(=O)(=O)c1c(C(C)C)cc(C(C)C)cc1C(C)C,7.17
622,Cc1cc(C)c(S(=O)(=O)NC(C)Cc2c[nH]c3cc(F)ccc23)c(C)c1,7.1
623,Cc1cc(NC[C@H](C)NS(=O)(=O)C2CC2)c2cnn(-c3cccc(C(=O)NCC(N)=O)c3)c2c1,8.2
624,Cc1cc(NC[C@H](C)NS(=O)(=O)C2CC2)c2cnn(-c3cccc(C(=O)NC(C)C)c3)c2c1,8.133333333333333
625,Cc1cc(NC[C@H](C)NS(=O)(=O)C2CC2)c2cnn(-c3cccc(C(=O)N(C)[C@H](C)C(N)=O)c3)c2c1,7.8
626,Cc1cc(NC[C@H](C)NS(=O)(=O)C2CC2)c2cnn(-c3cccc(C(=O)N[C@H](C)C(N)=O)c3)c2c1,8.0
627,Cc1cc(NC[C@H](C)NS(=O)(=O)C2CC2)c2cnn(-c3cccc(C(=O)N[C@@H](C)C(N)=O)c3)c2c1,7.85
628,Cc1nn(C2CCCC2)c(C)c1S(=O)(=O)N[C@@H](C)CNc1cccc2c1cnn2-c1ccc(F)nc1,8.17
629,Cc1nn(C2CCCC2)c(C)c1S(=O)(=O)N[C@@H](C)CNc1cccc2c1cnn2-c1ccc(F)cc1,8.215
630,Cc1nn(C2CCCC2)c(C)c1S(=O)(=O)N[C@@H](C)CNc1cccc2c1cnn2-c1cncnc1,7.805
631,Cc1nn(C2CCCC2)c(C)c1S(=O)(=O)N[C@@H](C)CNc1cccc2c1cnn2-c1ccc(OC(F)(F)F)cc1,7.92
632,Cc1nn(C2CCCC2)c(C)c1S(=O)(=O)N[C@@H](C)CNc1cccc2c1cnn2-c1ccc(C#N)cc1,8.006666666666666
633,COc1ncc(-n2ncc3c(NC[C@H](C)NS(=O)(=O)c4c(C)nn(C5CCCC5)c4C)cccc32)cn1,7.64
634,CC1(CC(O)(CNc2cccc3ncccc23)C(F)(F)F)CCCc2ccccc21,8.355
635,Cc1ccc2c(NCC(O)(CC3(C)CCCc4ccccc43)C(F)(F)F)cccc2n1,8.158
636,CCC1(CC(O)(CNc2cccc3cnccc23)C(F)(F)F)CCCc2ccccc21,8.3075
637,CCC1(CC(O)(CNc2cccc3ncccc23)C(F)(F)F)CCCc2ccccc21,7.93
638,CCC1(CC(O)(CNc2cccc3nc(C)ccc23)C(F)(F)F)CCCc2ccccc21,7.89125
639,CC1(CC(O)(CNc2cccc3cnccc23)C(F)(F)F)CCCc2ccccc21,7.985
640,CC(C)(C[C@@](O)(Cc1cc2ccc(C#N)cc2[nH]1)C(F)(F)F)c1cc(S(C)(=O)=O)cc2c1OCC2,8.125
641,CC(C)(CC(O)(Cc1cc2ccncc2[nH]1)C(F)(F)F)c1cc(F)cc2c1OCC2,8.335
642,CC(C)(CC(O)(Cc1cc2ccncc2[nH]1)C(F)(F)F)c1cccc2c1OCC2,8.085
643,CC(C)(CC(O)(Cc1cc2ccc(C#N)cc2[nH]1)C(F)(F)F)c1cc(S(C)(=O)=O)cc2c1OCC2,7.855
644,CC(C)(CC(O)(Cc1cc2cc(C#N)ccc2[nH]1)C(F)(F)F)c1cc(S(C)(=O)=O)cc2c1OCC2,7.805
645,CC(C)(CC(O)(Cc1cc2ccccc2[nH]1)C(F)(F)F)c1cc(S(C)(=O)=O)cc2c1OCC2,7.61
646,CC(C)(CC(O)(Cc1cc2ccncc2[nH]1)C(F)(F)F)c1cc(Cl)cc2c1OCC2,7.96
647,CC(C)(CC(O)(Cc1cc2ccccc2[nH]1)C(F)(F)F)c1cc(F)cc2c1OCC2,7.89
648,Cc1cc2c(c(C(C)(C)CC(O)(Cc3cc4ccccc4[nH]3)C(F)(F)F)c1)OCC2,8.075
649,CC(C)(CC(O)(Cc1cc2ncncc2[nH]1)C(F)(F)F)c1cc(Cl)cc2c1OCC2,8.095
650,CC(C)(CC(O)(Cc1cc2ccccc2[nH]1)C(F)(F)F)c1cc(C#N)cc2c1OCC2,7.82
651,CC(C)(CC(O)(Cc1cc2ccccc2[nH]1)C(F)(F)F)c1cccc2c1OCC2,7.86
652,CC(C)(CC(O)(Cc1cc2ncncc2[nH]1)C(F)(F)F)c1cc(F)cc2c1OCC2,7.885
653,CC(C)(CC(O)(Cc1cc2ccccc2[nH]1)C(F)(F)F)c1cc(Br)cc2c1OCC2,7.65
654,CCCCC1(CC(O)(C(=O)Nc2ccc3c(=O)onc(C)c3c2)C(F)(F)F)CCCc2ccccc21,8.345
655,Cc1cccc2c1CCCC2CC(O)(C(=O)Nc1ccc2c(=O)onc(C)c2c1)C(F)(F)F,8.1
656,Cc1noc(=O)c2ccc(NC(=O)C(O)(CC3(CC(C)C)CCCc4ccccc43)C(F)(F)F)cc12,8.13
657,Cc1noc(=O)c2ccc(NC(=O)C(O)(CC3(C(C)C)CCCc4ccccc43)C(F)(F)F)cc12,8.425
658,CCC1(CC(O)(C(=O)Nc2ccc3c(=O)onc(C)c3c2)C(F)(F)F)CCCc2c([N+](=O)[O-])cccc21,8.3
659,Cc1noc(=O)c2ccc(NC(=O)C(O)(CC3CCCc4c(Cl)cccc43)C(F)(F)F)cc12,8.05
660,CCC(CC)C1(CC(O)(C(=O)Nc2ccc3c(=O)onc(C)c3c2)C(F)(F)F)CCCc2ccccc21,8.126666666666665
661,CCCC1(CC(O)(C(=O)Nc2ccc3c(=O)onc(C)c3c2)C(F)(F)F)CCCc2ccccc21,8.06
662,CCC1(CC(O)(C(=O)Nc2ccc3c(=O)onc(C)c3c2)C(F)(F)F)CCCc2ccccc21,8.255
663,CCC1(CC(O)(C(=O)Nc2ccc3c(=O)onc(C)c3c2)C(F)(F)F)CCCc2ccc([N+](=O)[O-])cc21,8.2
664,Cc1noc(=O)c2ccc(NC(=O)C(O)(CC3CCCc4ccccc43)C(F)(F)F)cc12,8.1
665,CCC1(CC(O)(C(=O)Nc2ccc3c(=O)onc(C)c3c2)C(F)(F)F)CCCc2cc([N+](=O)[O-])ccc21,8.1
666,Cc1noc(=O)c2ccc(NC(=O)C(O)(CC3(C)CCCc4ccccc43)C(F)(F)F)cc12,7.933333333333333
667,Cc1noc(=O)c2ccc(NC(=O)C(O)(CC3(C(C)(C)C)CCCc4ccccc43)C(F)(F)F)cc12,7.94
668,CCC1(CC(O)(C(=O)Nc2ccc3c(=O)onc(C)c3c2)C(F)(F)F)CCOc2ccccc21,7.855
669,Cc1noc(=O)c2ccc(NC(=O)C(O)(CC3CCCc4cc(F)ccc43)C(F)(F)F)cc12,7.9
670,Cc1noc(=O)c2ccc(NC(=O)C(O)(CC3CCCc4c3cccc4[N+](=O)[O-])C(F)(F)F)cc12,7.9
671,COc1cccc2c1CCCC2CC(O)(C(=O)Nc1ccc2c(=O)onc(C)c2c1)C(F)(F)F,7.9
672,Cc1noc(=O)c2ccc(NC(=O)C(O)(CC3CCCc4c(F)cccc43)C(F)(F)F)cc12,7.8
673,Cc1noc(=O)c2ccc(NC(=O)C(O)(CC3CCCc4c(C#N)cccc43)C(F)(F)F)cc12,7.8
674,Cc1noc(=O)c2ccc(NC(=O)C(O)(CC3CCCc4ccc(F)cc43)C(F)(F)F)cc12,7.8
675,Cc1noc(=O)c2ccc(NC(=O)C(O)(CC3CCCc4ccc([N+](=O)[O-])cc43)C(F)(F)F)cc12,7.7
676,Cc1noc(=O)c2ccc(NC(=O)C(O)(CC3CCCc4c(N)cccc43)C(F)(F)F)cc12,7.6
677,Cc1noc(=O)c2ccc(NC(=O)C(O)(CC3CCCc4c(Br)cccc43)C(F)(F)F)cc12,7.75
678,Cc1noc(=O)c2ccc(NC(=O)C(O)(CC3CCCc4cccc(F)c43)C(F)(F)F)cc12,7.5
679,CCN(CC(O)(CNC(=O)c1cnn(-c2ccc(F)cc2)c1N)C(F)(F)F)C(=O)c1c(Cl)cccc1Cl,8.5
680,CCN(C[C@](O)(CNC(=O)c1cnn(-c2ccc(F)cc2)c1N)C(F)(F)F)C(=O)c1c(Cl)cccc1Cl,8.5
681,CCN(CC(O)(CNC(=O)c1cnn(-c2ccc(F)cc2)c1N)C(F)(F)F)C(=O)c1c(Cl)cc(Cl)cc1Cl,8.2
682,CCN(CC(O)(CNC(=O)c1cnn(-c2ccc(F)cc2)c1N)C(F)(F)F)C(=O)c1c(F)cccc1F,8.1
683,CCN(CC(O)(CNC(=O)c1cnn(-c2ccc(F)cc2)c1N)C(F)(F)F)C(=O)c1cccc(F)c1Cl,8.1
684,CCN(CC(O)(CNC(=O)c1cnn(-c2ccc(F)cc2)c1N)C(F)(F)F)C(=O)c1ccccc1F,7.9
685,Nc1c(C(=O)NCC(O)(CN(CCO)C(=O)c2c(F)cccc2F)C(F)(F)F)cnn1-c1ccc(F)cc1,7.8
686,CCN(CC(O)(CNC(=O)c1cnn(-c2ccc(F)cc2)c1N)C(F)(F)F)C(=O)c1cccc(Cl)c1,7.8
687,CCCN(CC(O)(CNC(=O)c1cnn(-c2ccc(F)cc2)c1N)C(F)(F)F)C(=O)c1c(F)cccc1F,7.8
688,CCN(CC(O)(CNC(=O)c1cnn(-c2ccc(F)cc2)c1N)C(F)(F)F)C(=O)c1ccc(F)cc1Cl,7.7
689,Nc1c(C(=O)NCC(O)(CN(CCF)C(=O)c2c(F)cccc2F)C(F)(F)F)cnn1-c1ccc(F)cc1,7.7
690,CCN(CC(O)(CNC(=O)c1cnn(-c2ccccc2)c1N)C(F)(F)F)S(=O)(=O)c1ccc(F)cc1,7.5
691,CCN(CC(O)(CNC(=O)c1cnn(-c2ccc(F)cc2)c1N)C(F)(F)F)C(=O)c1cccnc1Cl,7.4
692,CCN(CC(O)(CNC(=O)c1cnn(-c2ccc(F)cc2)c1N)C(F)(F)F)C(=O)c1ccccc1,7.6
693,CCN(CC(O)(CNC(=O)c1cnn(-c2ccc(F)cc2)c1N)C(F)(F)F)C(=O)c1c(F)cccc1S(C)(=O)=O,7.3
694,CCN(CC(O)(CNC(=O)c1cnn(-c2ccc(F)cc2)c1N)C(F)(F)F)C(=O)c1ccccc1S(C)(=O)=O,7.2
695,CN(CC(O)(CNC(=O)c1cnn(-c2ccc(F)cc2)c1N)C(F)(F)F)C(=O)c1c(F)cccc1F,7.1
696,COc1ccc(F)cc1C(C)(C)C[C@@](O)(Cc1cc2cc(C#N)ccc2[nH]1)C(F)(F)F,8.76
697,COc1ccc(F)cc1C(C)(C)C[C@@](O)(Cc1cc2ccncc2[nH]1)C(F)(F)F,8.256666666666666
698,COc1ccc(F)cc1C(C)(C)C[C@@](O)(Cc1cc2cnccc2[nH]1)C(F)(F)F,8.403333333333332
699,Cc1ccc(F)cc1C(C)(C)C[C@@](O)(Cc1cc2cnccc2[nH]1)C(C)(C)C,8.135
700,CC(C)(C[C@@](O)(Cc1cc2ccncc2[nH]1)C(F)(F)F)c1cc(F)ccc1O,8.086666666666666
701,COc1ccc(F)cc1C(C)(C)CC(O)(Cc1cc2cnccc2[nH]1)C(C)(C)C,8.225
702,COc1ccc(F)cc1C(C)(C)CC(O)(Cc1cc2ccncc2[nH]1)C(F)(F)F,8.1925
703,CC(C)(C[C@@](O)(Cc1cc2cnccc2[nH]1)C(F)(F)F)c1cc(F)ccc1O,8.033333333333333
704,COc1ccc(F)cc1C(C)(C)CC(O)(Cc1cc2c(C#N)cccc2[nH]1)C(F)(F)F,8.2
705,Cc1ccc(F)cc1C(C)(C)CC(O)(Cc1cc2cnccc2[nH]1)C(C)(C)C,7.88
706,Cc1ccc(F)cc1C(C)(C)CC(O)(Cc1cc2cnncc2[nH]1)C(F)(F)F,8.41
707,Cc1ccc(F)cc1C(C)(C)CC(O)(Cc1cc2cc(N)ncc2[nH]1)C(F)(F)F,7.79
708,Cc1ccc(F)cc1C(C)(C)CC(O)(Cc1cc2cc(C(N)=O)ncc2[nH]1)C(F)(F)F,8.15
709,COc1ccc(F)cc1C(C)(C)CC(O)(Cc1cc2ccncc2s1)C(F)(F)F,7.805
710,COc1ccc(F)cc1C(C)(C)CC(O)(Cc1cc2cnccc2[nH]1)C(F)(F)F,8.115
711,COc1ccc(F)cc1C(C)(C)CC(O)(Cc1cc2cc(C#N)ccc2[nH]1)C(F)(F)F,8.03
712,COc1ccc(F)cc1C(C)(C)CC(O)(Cc1cc2ccncc2[nH]1)C(C)(C)C,7.77
713,Cc1ccc(F)cc1C(C)(C)CC(O)(Cc1[nH]c2cnccc2c1C)C(F)(F)F,8.175
714,CC(C)(CC(O)(Cc1cc2ncncc2[nH]1)C(F)(F)F)c1ccc(F)cc1O,8.175
715,Cc1ccc(F)cc1C(C)(C)C[C@@](O)(Cc1cc2nnccc2[nH]1)C(F)(F)F,8.175
716,COc1ccc(F)cc1C(C)(C)CC(O)(Cc1cc2ccncc2[nH]1)C(C)C,7.595
717,CC(C)(CC(O)(Cc1cc2ccncc2[nH]1)C(F)(F)F)c1ccccc1,7.77
718,Cc1ccc(F)cc1C(C)(C)CC(O)(Cc1cc2cc(OC(C)C)ncc2[nH]1)C(F)(F)F,8.26
719,COc1ccc(F)cc1C(C)(C)C[C@@](O)(Cc1cc2ccccc2[nH]1)C(F)(F)F,8.075
720,Cc1ccc(F)cc1C(C)(C)CC(O)(Cc1cc2ccncc2[nH]1)C(F)(F)F,7.71
721,Cc1ccc(F)cc1C(C)(C)CC(O)(Cc1cc2cc(N(C)C)ncc2[nH]1)C(F)(F)F,7.71
722,COc1ccc(F)cc1C(C)(C)CC(O)(Cc1cc2cncnc2[nH]1)C(F)(F)F,8.2
723,Cc1ccc(F)cc1C(C)(C)CC(O)(Cc1cc2c(C)cncc2[nH]1)C(F)(F)F,7.595
724,CC(C)(CC(O)(Cc1cc2ncncc2[nH]1)C(F)(F)F)c1cc(F)ccc1O,8.055
725,Cc1ccc(F)cc1C(C)(C)C[C@@](O)(Cc1cc2ncncc2[nH]1)C(F)(F)F,8.145
726,CCC(C)(C)C(O)(Cc1cc2ccncc2[nH]1)CC(C)(C)c1cc(F)ccc1OC,7.89
727,COc1ccc(F)cc1C(C)(C)CC(O)(Cc1cc2ccc(C#N)cc2[nH]1)C(F)(F)F,7.85
728,COc1ccc(F)cc1C(C)(C)CC(O)(Cc1cc2cccc(F)c2[nH]1)C(F)(F)F,7.63
729,Cc1ccc(F)cc1C(C)(C)CC(O)(Cc1cc2nnccc2[nH]1)C(F)(F)F,7.975
730,Cc1ccc(F)cc1C(C)(C)CC(O)(Cc1cc2ncncc2[nH]1)C(F)(F)F,7.91
731,COc1ccc(F)cc1C(C)(C)CC(O)(Cc1cc2ccccc2[nH]1)C(F)(F)F,7.635
732,COc1ccc(F)cc1C(C)(C)CC(O)(Cc1cc2cccnc2[nH]1)C(F)(F)F,7.68
733,CC(C)(CC(O)(Cc1cc2ncncc2[nH]1)C(F)(F)F)c1ccccc1S(C)(=O)=O,7.65
734,COc1ccc(F)cc1C(C)(C)CC(O)(Cc1cc2ncncc2[nH]1)C(F)(F)F,7.865
735,Cc1cc2cc(CC(O)(CC(C)(C)c3cc(F)ccc3C)C(F)(F)F)[nH]c2cn1,7.66
736,COc1ccc(F)cc1C(C)(C)CC(O)(Cc1cc2ccncc2o1)C(F)(F)F,7.66
737,CC(C)(CC(O)(Cc1cc2ccncc2[nH]1)C(F)(F)F)c1cccc(F)c1,7.32
738,COc1ccc(F)cc1C(C)(C)CC(O)(Cc1cc2ncccc2[nH]1)C(F)(F)F,7.64
739,COc1ccc(F)cc1C(C)(C)CC(O)(Cc1cc2cc(F)ccc2[nH]1)C(F)(F)F,7.365
740,Cc1ccc(F)cc1C(C)(C)CC(O)(Cc1cc2nc(C(C)C)ncc2[nH]1)C(F)(F)F,7.58
741,COc1ccc(F)cc1C(C)(C)CC(O)(Cc1cc2cccc(C#N)c2[nH]1)C(F)(F)F,7.57
742,COc1ccc(F)cc1C(C)(C)CC(O)(Cc1cc2cc(S(C)(=O)=O)ncc2[nH]1)C(F)(F)F,7.55
743,CCc1cccc2[nH]c(CC(O)(CC(C)(C)c3cc(F)ccc3OC)C(F)(F)F)cc12,7.305
744,COc1ccc(F)cc1C(C)(C)CC(O)(Cc1cc2c(C)cccc2[nH]1)C(F)(F)F,7.87
745,COc1ccc(F)cc1C(C)(C)CC(O)(Cc1cc2ccc(F)cc2[nH]1)C(F)(F)F,7.53
746,CC(C)(CC(O)(Cc1cc2cc(S(C)(=O)=O)ncc2[nH]1)C(F)(F)F)c1ccccc1S(C)(=O)=O,7.52
747,COc1ccc(F)cc1C(C)(C)CC(O)(Cc1cc2ccc(C)cc2[nH]1)C(F)(F)F,7.42
748,CC(C)(CC(O)(Cc1cc2cc(S(C)(=O)=O)ncc2[nH]1)C(F)(F)F)c1ccc(Cl)cc1C(N)=O,7.56
749,Cc1ccccc1C(C)(C)CC(O)(Cc1cc2ncncc2[nH]1)C(F)(F)F,7.625
750,Cc1ccc(C(C)(C)CC(O)(Cc2cc3cc(S(C)(=O)=O)ncc3[nH]2)C(F)(F)F)c(C(N)=O)c1,7.35
751,CCC(O)(Cc1cc2ccncc2[nH]1)CC(C)(C)c1cc(F)ccc1OC,7.29
752,CCS(=O)(=O)c1cc2cc(C[C@](O)(CC(C)(C)c3ccc(F)cc3C(N)=O)C(F)(F)F)[nH]c2cn1,7.425
753,COc1ccc(F)cc1C(C)(C)CC(O)(Cc1cc2cccc(C)c2[nH]1)C(F)(F)F,7.25
754,Cc1ccc(F)cc1C(C)(C)CC(O)(Cc1cc2nccnc2[nH]1)C(F)(F)F,7.24
755,CC(C)(CC(O)(Cc1cc2cc(S(C)(=O)=O)ncc2[nH]1)C(F)(F)F)c1ccc(F)cc1C(N)=O,7.23
756,COc1ccc(F)cc1C(C)(C)CC(O)(Cc1cc2cc(C)ccc2[nH]1)C(F)(F)F,7.18
757,CCS(=O)(=O)c1cc2cc(CC(O)(CC(C)(C)c3ccc(F)cc3C(N)=O)C(F)(F)F)[nH]c2cn1,7.25
758,COc1ccc(F)cc1C(C)(C)CC(O)(Cc1cc2ccc(C(F)(F)F)cc2[nH]1)C(F)(F)F,7.11
759,CC(C)(CC(O)(Cc1cc2cc(S(C)(=O)=O)ncc2[nH]1)C(F)(F)F)c1ccccc1C(N)=O,7.1
760,COc1ccc(F)cc1C(C)(C)C[C@](O)(Cc1cc2ccccc2[nH]1)C(F)(F)F,7.06
761,CCS(=O)(=O)c1cc2cc(C[C@](O)(CC(C)(C)c3ccccc3C(N)=O)C(F)(F)F)[nH]c2cn1,7.195
762,CCS(=O)(=O)c1cc2cc(CC(O)(CC(C)(C)c3ccccc3C(N)=O)C(F)(F)F)[nH]c2cn1,7.0
763,Cc1cc(C)c(S(=O)(=O)N[C@@H](C)CNc2cccc3c2cnn3-c2ccccc2)c(C)c1,8.693333333333333
764,Cc1cc(C)c(S(=O)(=O)N[C@@H](C)CNc2cccc3c2cnn3-c2cccnc2)c(C)c1,8.513333333333334
765,Cc1cc(C)c(S(=O)(=O)N[C@H](CNc2cccc3c2cnn3-c2ccc(F)cc2)C(C)C)c(C)c1,8.02
766,Cc1cc(C)c(S(=O)(=O)N[C@@H](C)CNc2cccc3c2cnn3-c2ccc(F)nc2)c(C)c1,8.306666666666665
767,Cc1cc(C)c(S(=O)(=O)NC(COc2cccc3c2cnn3-c2ccc(F)cc2)C(F)(F)F)c(C)c1,7.903333333333332
768,Cc1cc(C)c(S(=O)(=O)N[C@@H](C)CNc2cccc3c2cnn3-c2cccc(F)c2)c(C)c1,8.053333333333333
769,Cc1cc(C)c(S(=O)(=O)N[C@@H](C)CNc2cccc3c2cnn3-c2ccc(F)c(C)c2)c(C)c1,7.96
770,Cc1cc(C)c(S(=O)(=O)N[C@@H](C)CNc2cc(C)cc3c2cnn3-c2cccc(N[C@@H](C)C(N)=O)c2)c(C)c1,8.8
771,Cc1cc(C)c(S(=O)(=O)N[C@@H](C)COc2cccc3c2cnn3-c2ccc(F)cc2)c(C)c1,7.75
772,COc1ccc(-n2ncc3c(NC[C@H](C)NS(=O)(=O)c4c(C)cc(C)cc4C)cccc32)cc1,8.27
773,Cc1cc(C)c(S(=O)(=O)N[C@@H](C)CNc2cc(C)cc3c2cnn3-c2cccc(NC(C)C)c2)c(C)c1,9.133333333333331
774,COc1cccc(-n2ncc3c(NC[C@H](C)NS(=O)(=O)c4c(C)cc(C)cc4C)cccc32)c1,7.775
775,Cc1cc(C)c(S(=O)(=O)NC(C)CSc2cccc3c2cnn3-c2ccc(F)cc2)c(C)c1,8.11
776,Cc1cc(C)c(S(=O)(=O)N[C@@H](C)CNc2cccc3c2cnn3-c2cncnc2)c(C)c1,8.176666666666666
777,Cc1cccc(-n2ncc3c(NC[C@H](C)NS(=O)(=O)c4c(C)cc(C)cc4C)cccc32)c1,8.22
778,Cc1ccc(-n2ncc3c(NC[C@H](C)NS(=O)(=O)c4c(C)cc(C)cc4C)cccc32)cc1,8.226666666666665
779,Cc1cc(C)c(S(=O)(=O)N[C@@H](C)CCc2cccc3c2cnn3-c2ccc(F)cc2)c(C)c1,7.966666666666666
780,Cc1cc(C)c(S(=O)(=O)NC[C@@H](C)Nc2cc(C)cc3c2cnn3-c2ccc(F)cc2)c(C)c1,7.8
781,Cc1cc(C)c(S(=O)(=O)N[C@@H](C)CNc2cc(C)cc3c2cnn3-c2cccc(NCC(N)=O)c2)c(C)c1,8.7
782,Cc1cc(C)c(S(=O)(=O)N[C@@H](C)CNc2cc(C)cc3c2cnn3-c2ccc(NC(C)C)cc2)c(C)c1,8.2
783,Cc1cc(C)c(S(=O)(=O)N[C@@H](C)CNc2cccc3c2cnn3-c2ccc(Cl)cc2)c(C)c1,8.263333333333334
784,Cc1cc(C)c(S(=O)(=O)N[C@@H](C)CNc2cccc3c2cnn3-c2ccc(F)cc2)c(C)c1,8.33
785,COc1ccc(-n2ncc3c(NC[C@H](C)NS(=O)(=O)c4c(C)cc(C)cc4C)cc(C)cc32)cc1,7.666666666666665
786,Cc1cc(C)c(S(=O)(=O)N[C@@H](C)CNc2cc(C)cc3c2cnn3-c2ccc(NCC(N)=O)cc2)c(C)c1,7.833333333333333
787,Cc1cc(C)c(S(=O)(=O)N[C@@H](C)CNc2cc(C)cc3c2cnn3-c2cccc(N[C@H](C)C(N)=O)c2)c(C)c1,8.733333333333333
788,Cc1cc(C)c(S(=O)(=O)N[C@@H](C)CNc2cc(C)cc3c2cnn3-c2ccc(F)cc2)c(C)c1,8.366666666666665
789,Cc1cc(C)c(S(=O)(=O)N[C@@H](C)CNc2cc(C)cc3c2cnn3-c2ccc(C#N)cc2)c(C)c1,8.266666666666666
790,Cc1cc(C)c(S(=O)(=O)N[C@@H](C)CNc2cc(C)cc3c2cnn3-c2cccc(F)c2)c(C)c1,7.833333333333333
791,CNc1ccc(-n2ncc3c(NC[C@H](C)NS(=O)(=O)c4c(C)cc(C)cc4C)cc(C)cc32)cc1,8.0
792,Cc1cc(C)c(S(=O)(=O)N[C@@H](C)CNc2cc(C)cc3c2cnn3-c2ccc(N[C@H](C)C(N)=O)cc2)c(C)c1,7.85
793,Cc1cc(C)c(S(=O)(=O)N[C@@H](C)CNc2cc(C)cc3c2cnn3-c2ccc(N[C@@H](C)C(N)=O)cc2)c(C)c1,7.8
794,Cc1cc(C)c(S(=O)(=O)N[C@@H](C)CNc2cc(C)cc3c2cnn3-c2ccc(S(C)(=O)=O)cc2)c(C)c1,7.9
795,COc1cccc(-n2ncc3c(NC[C@H](C)NS(=O)(=O)c4c(C)cc(C)cc4C)cc(C)cc32)c1,7.3
796,CCSC[C@@](O)([C@@H](Nc1cccc2nc(C)ccc12)c1ccc(OC)c(F)c1Cl)C(F)(F)F,9.126
797,C=C(C)C[C@@](O)([C@@H](Nc1cccc2c(=O)[nH]ccc12)c1cc(Br)ccc1O)C(F)(F)F,7.533333333333333
798,COc1ccc(F)cc1C(C)(C)CC(O)(Cc1cc(C)cc(C)c1C#N)C(F)(F)F,8.1
799,CCC(Cc1cccc(C)c1C)NS(=O)(=O)c1c(C)cc(C)cc1C,8.0
800,CCC(Cc1cc(Cl)cc(Cl)c1)NS(=O)(=O)c1c(C)cc(C)cc1C,8.0
801,COc1ccc(F)cc1C(C)(C)CC(O)(CN1C[C@@H](C)C(=O)[C@@H](C)C1)C(F)(F)F,8.0
802,CCC(Cc1cc(C)cc(C)c1)NS(=O)(=O)c1c(C)cc(C)cc1C,7.96
803,COc1ccc(F)cc1C(C)(C)CC(O)(Cc1cc(C)c(C#N)c(C)c1)C(F)(F)F,7.96
804,CCC(Cc1ccc(O)c(C)c1C)NS(=O)(=O)c1c(C)cc(C)cc1C,8.06
805,COc1ccc(F)cc1C(C)(C)CC(O)(Cc1ccc(C#N)cc1Cl)C(F)(F)F,7.77
806,COc1ccc(F)cc1C(C)(C)CC(O)(Cc1ccc(C=O)cc1Cl)C(F)(F)F,7.72
807,COc1ccc(F)cc1C(C)(C)CC(O)(Cc1ccc(C=O)cc1)C(F)(F)F,7.7
808,COc1ccc(F)cc1C(C)(C)CC(O)(Cc1ccc(C#N)cc1F)C(F)(F)F,7.66
809,CC[C@@H](Cc1ccc(O)c(C)c1C)NS(=O)(=O)c1c(C)cc(C)cc1C,8.18
810,CC[C@@H](Cc1ccc(O)c(C)c1)NS(=O)(=O)c1c(C)cc(C)cc1C,7.64
811,CCC(Cc1cccc(C)c1)NS(=O)(=O)c1c(C)cc(C)cc1C,7.64
812,CCC(Cc1cc(C)ccc1C)NS(=O)(=O)c1c(C)cc(C)cc1C,7.6
813,CC[C@@H](Cc1ccc(O)cc1C)NS(=O)(=O)c1c(C)cc(C)cc1C,7.57
814,COc1ccc(F)cc1C(C)(C)CC(O)(Cc1cc(Cl)cc(C#N)c1)C(F)(F)F,7.57
815,COc1ccc(F)cc1C(C)(C)CC(O)(Cc1ccc(C#N)cc1)C(F)(F)F,7.52
816,COc1ccc(F)cc1C(C)(C)CC(O)(CN1C[C@@H](C)O[C@@H](C)C1)C(F)(F)F,7.42
817,COc1ccc(F)cc1C(C)(C)CC(O)(Cc1cc(Cl)ccc1Cl)C(F)(F)F,7.35
818,COc1ccc(F)cc1C(C)(C)CC(O)(Cc1cc(C)cc(Cl)c1)C(F)(F)F,7.34
819,CCC(Cc1cc(F)cc(F)c1)NS(=O)(=O)c1c(C)cc(C)cc1C,7.32
820,COc1ccc(F)cc1C(C)(C)CC(O)(Cc1cc(C)cc(C)c1)C(F)(F)F,7.26
821,COc1ccc(F)cc1C(C)(C)CC(O)(Cc1cc(Cl)cc(Cl)c1)C(F)(F)F,7.22
822,CCC(Cc1ccc(OC)c(C)c1C)NS(=O)(=O)c1c(C)cc(C)cc1C,7.21
823,COc1ccc(F)cc1C(C)(C)CC(O)(Cc1ccc(Cl)cc1Cl)C(F)(F)F,7.17
824,COc1ccc(F)cc1C(C)(C)CC(O)(Cc1cccc(Cl)c1Cl)C(F)(F)F,7.12
825,COc1ccc(F)cc1C(C)(C)CC(O)(Cc1cccc(C#N)c1)C(F)(F)F,7.09
826,CCC(Cc1ccccc1C)NS(=O)(=O)c1c(C)cc(C)cc1C,7.08
827,CCC(Cc1cc(C)c(O)c(C)c1)NS(=O)(=O)c1c(C)cc(C)cc1C,7.485
828,COc1ccc(F)cc1C(C)(C)C[C@@](O)(Cc1ccc(Cl)cc1)C(F)(F)F,7.0
829,Cc1ccc2c(NCC(O)(CC(C)(C)c3cc(F)ccc3O)C(F)(F)F)cccc2n1,8.24
830,CC(C)(CC(O)(CNc1cccc2c(=O)[nH]ccc12)C(F)(F)F)c1cccc(F)c1O,8.25
831,CC(C)(CC(O)(CNc1cccc2ccccc12)C(F)(F)F)c1cc(F)ccc1O,7.8
832,Cc1cc(C)c(S(=O)(=O)N[C@@H](C)CNc2ccc(C)c3ncccc23)c(C)c1,7.75
833,Cc1cc(C)c(S(=O)(=O)N[C@@H](C)COc2cccc3cnccc23)c(C)c1,7.75
834,CC(C)(CC(O)(CNc1cccc2ncccc12)C(F)(F)F)c1cc(F)ccc1O,8.3
835,COc1ccc(F)cc1C(C)(C)CC(O)(CNc1cccc2ncccc12)C(F)(F)F,7.65
836,COc1ccc(F)cc1C(C)(C)CC(O)(CNc1cccc2nc(C)ccc12)C(F)(F)F,8.5
837,Cc1cc(C)c(S(=O)(=O)N[C@@H](C)CNc2cccc3ncccc23)c(C)c1,7.12
838,C[C@@H](COc1cccc2ncccc12)NS(=O)(=O)c1c(Cl)cc(Cl)cc1Cl,7.1
839,CC[C@@H]1C[C@](O)(C(F)(F)F)[C@@H](Nc2cccc3nc(C)ccc23)c2ccc(F)c(O)c21,8.1
840,CC1(C)C[C@](O)(C(F)(F)F)[C@@H](Nc2cccc3c(=O)[nH]ccc23)c2ccc(F)c(O)c21,8.0
841,CC[C@@H]1C[C@](O)(C(F)(F)F)[C@@H](Nc2cccc3[nH]c(=O)ccc23)c2cc(F)c(F)c(O)c21,8.108
842,CC[C@@H]1C[C@](O)(C(F)(F)F)[C@@H](Nc2cc(F)cc3nc(C)ncc23)c2ccc(F)c(O)c21,8.0
843,CC1(C)C[C@](O)(C(F)(F)F)[C@@H](Nc2cccc3[nH]c(=O)ccc23)c2ccc(F)c(O)c21,7.75
844,Cc1ccc2c(N[C@H]3c4ccc(F)c(O)c4[C@H](C)C[C@]3(O)C(F)(F)F)cccc2n1,7.65
845,Cc1ncc2c(N[C@H]3c4ccc(F)c(O)c4C(C)(C)C[C@]3(O)C(F)(F)F)cc(F)cc2n1,7.4
846,CC(C)(CC(O)(Cn1ccc(=O)c2ccccc21)C(F)(F)F)c1ccc(F)cc1O,8.52
847,COc1ccc(F)cc1C(C)(C)CC(O)(CN1CCC(=O)c2ccccc21)C(F)(F)F,8.4
848,CC(C)(CC(O)(Cn1ccc(=O)c2ccccc21)C(F)(F)F)c1cc(F)ccc1O,8.3
849,CC(C)(CC(O)(Cn1ccc(=O)c2ccccc21)C(F)(F)F)c1ccccc1O,8.22
850,Cc1ccc(O)c(C(C)(C)CC(O)(Cn2ccc(=O)c3ccccc32)C(F)(F)F)c1,8.1
851,COc1ccc(F)cc1C(C)(C)CC(O)(Cn1ccc(=O)c2ccccc21)C(F)(F)F,8.0
852,Cc1ccc(F)cc1C(C)(C)CC(O)(Cn1ccc(=O)c2ccccc21)C(F)(F)F,8.0
853,CCC(Cc1cccc2ccccc12)NS(=O)(=O)c1c(C)cc(C)cc1C,8.0
854,COc1ccc(C)c(C(C)(C)CC(O)(Cn2ccc(=O)c3ccccc32)C(F)(F)F)c1,7.96
855,COc1ccc(F)cc1C(C)(C)CC(O)(CN1CCOc2ccccc21)C(F)(F)F,7.82
856,COc1ccc(F)cc1C(C)(C)CC(O)(Cc1ccc(C#N)c2ccccc12)C(F)(F)F,7.68
857,Cc1ccccc1C(C)(C)CC(O)(Cn1ccc(=O)c2ccccc21)C(F)(F)F,7.66
858,CCC(Cc1ccc(O)c2ccccc12)NS(=O)(=O)c1c(C)cc(C)cc1C,8.08
859,CC(C)(CC(O)(Cn1ccc(=O)c2ccccc21)C(F)(F)F)c1ccccc1,7.55
860,COc1ccc(F)cc1C(C)(C)CC(O)(Cn1ccc(=O)c2cnccc21)C(F)(F)F,7.47
861,Cc1ccc(F)cc1C(C)(C)CC(O)(Cn1ccc(=O)c2cnccc21)C(F)(F)F,7.32
862,COc1ccc(F)cc1C(C)(C)CC(O)(Cc1ccc(C)c2ccccc12)C(F)(F)F,7.24
863,COc1ccc(F)cc1C(C)(C)CC(O)(Cc1c(C)ccc2ccccc12)C(F)(F)F,7.19
864,COc1ccc(F)cc1C(C)(C)CC(O)(Cn1ccc(=O)c2ncccc21)C(F)(F)F,7.11
865,CCN(CC(O)(CNc1cc(C)cc2c1cnn2-c1ccc(F)cc1)C(F)(F)F)C(=O)c1ccccc1F,9.7
866,CCN(CC(O)(CNc1cc(C)cc2c1cnn2-c1ccccc1)C(F)(F)F)C(=O)c1ccccc1F,9.6
867,CCN(CC(O)(CNc1cccc2c1cnn2-c1ccc(F)cc1)C(F)(F)F)C(=O)c1ccccc1Cl,9.6
868,CCN(CC(O)(CNc1cccc2c1cnn2-c1ccccc1)C(F)(F)F)C(=O)c1ccccc1F,9.5
869,CCN(CC(O)(CNc1cccc2c1cnn2-c1ccc(F)cc1)C(F)(F)F)C(=O)c1ccccc1C,9.5
870,CCN(CC(O)(CNc1cccc2c1cnn2-c1ccc(F)cc1)C(F)(F)F)C(=O)c1c(F)cccc1F,9.5
871,CCN(CC(O)(CNc1cc(C)cc2c1cnn2-c1ccccc1)C(F)(F)F)C(=O)c1ccccc1,9.4
872,CCN(CC(O)(CNc1cc(C)cc2c1cnn2-c1ccc(F)cc1)C(F)(F)F)C(=O)c1ccccc1,9.4
873,CCN(CC(O)(CNc1cccc2c1cnn2-c1ccc(F)cc1)C(F)(F)F)C(=O)c1c(C)cccc1C,9.3
874,CCN(CC(O)(CNc1cccc2c1cnn2-c1ccc(F)cc1)C(F)(F)F)C(=O)c1ccccc1,9.1
875,CCN(CC(O)(CNc1cccc2c1cnn2-c1ccccc1)C(F)(F)F)C(=O)c1ccccc1,9.1
876,CCN(CC(O)(CNc1cccc2c1cnn2-c1ccccc1)C(F)(F)F)S(=O)(=O)c1ccccc1,8.6
877,CCCN(CC(O)(CNc1cccc2c1cnn2-c1ccccc1)C(F)(F)F)C(=O)c1ccccc1,8.5
878,CN(CC(O)(CNc1cccc2c1cnn2-c1ccccc1)C(F)(F)F)C(=O)c1ccccc1,8.3
879,CCN(CC(O)(CNc1cccc2c1cnn2-c1ccccc1)C(F)(F)F)S(=O)(=O)c1ccc(F)cc1,8.1
880,CCN(CC(O)(CNc1cccc2c1cnn2-c1ccc(F)cc1)C(F)(F)F)C(=O)c1c(Cl)cccc1Cl,9.33333333333333
881,CCN(C[C@](O)(CNc1cccc2c1cnn2-c1ccc(F)cc1)C(F)(F)F)C(=O)c1c(Cl)cccc1Cl,9.133333333333331
882,CCN(CC(O)(CNc1nc(C)nc2c1cnn2-c1ccccc1)C(F)(F)F)S(=O)(=O)c1ccc(F)cc1,7.6
883,CCN(CC(O)(CNc1cccc2c1cnn2-c1ccc(F)cc1)C(F)(F)F)C(=O)c1ccccc1F,9.033333333333331
884,CC(C)(CC(O)(Cc1cc2ccncc2[nH]1)C(F)(F)F)c1cc(-c2cccnc2)ccc1O,7.91
885,COc1ccc(-c2cncnc2)cc1C(C)(C)C[C@@](O)(Cc1cc2ccncc2[nH]1)C(F)(F)F,7.9
886,COc1ccc(-c2ccncc2)cc1C(C)(C)CC(O)(Cc1cc2ccncc2[nH]1)C(F)(F)F,7.81
887,CC(C)(CC(O)(Cc1cc2ccncc2[nH]1)C(F)(F)F)c1cc(-c2ccccc2)ccc1O,7.703333333333333
888,COc1ccc(-c2ccccc2)cc1C(C)(C)CC(O)(Cc1cc2ccncc2[nH]1)C(F)(F)F,7.66
889,CC(C)(CC(O)(Cc1cc2ccncc2[nH]1)C(F)(F)F)c1cc(-c2cncnc2)ccc1O,7.7
890,COc1ccc(-c2cncnc2)cc1C(C)(C)CC(O)(Cc1cc2ccncc2[nH]1)C(F)(F)F,7.435
891,Cc1noc(=O)c2ccc(NC(=O)C(O)(CC(C)(C)c3cc(F)ccc3O)C(F)(F)F)cc12,8.05
892,COc1ccc(F)cc1C(C)(C)CC(O)(C(=O)Nc1ccc2c(=O)onc(C)c2c1)C(F)(F)F,8.55
893,COc1ccc(F)cc1C(C)(C)CC(O)(CNc1ccc2c(=O)onc(C)c2c1)C(F)(F)F,8.0
894,C[C@]12C=CC(=O)C=C1CC[C@@H]1[C@@H]2[C@@H](O)C[C@@]2(C)[C@H]1CC[C@]2(OC(=O)c1ccco1)C(=O)CSc1nccc2ccccc12,8.68
895,C[C@]12CCC(=O)C=C1CC[C@@H]1[C@@H]2[C@@H](O)C[C@@]2(C)[C@H]1CC[C@]2(OC(=O)c1ccco1)C(=O)CSc1nccc2ccccc12,7.8
896,COc1cc(C(=O)c2cccc(C)c2)c(Oc2c(Br)cc(CC(=O)O)cc2Br)cc1C(C)C,7.71
897,Cc1cc(C)c(S(=O)(=O)N[C@@H](C)COc2cccc3[nH]ccc23)c(C)c1,7.64
898,Cc1cc(C)c(S(=O)(=O)N[C@@H](C)CNc2cccc3[nH]ncc23)c(C)c1,7.38
899,CC(C)(CC(O)(Cn1ccc(=O)c2ccccc21)C(F)(F)F)c1cccc2c1OCC2,8.4
900,C[C@]12Cc3cnn(-c4ccc(F)cc4)c3C=C1CCC[C@@H]2[C@@H](O)Cc1ccc(F)cc1,8.445
901,Cc1ccc(C[C@H](O)[C@H]2CCCC3=Cc4c(cnn4-c4ccc(F)cc4)C[C@@]32C)cc1,8.47
902,C[C@]12Cc3cnn(-c4ccc(F)cc4)c3C=C1CCC[C@@H]2[C@@H](O)Cc1ccccc1,8.38
903,COc1ccc(C[C@H](O)[C@H]2CCCC3=Cc4c(cnn4-c4ccc(F)cc4)C[C@@]32C)cc1,8.2
904,CC(C)(C)c1ccc(C[C@H](O)[C@H]2CCCC3=Cc4c(cnn4-c4ccc(F)cc4)C[C@@]32C)cc1,7.78
905,Cc1cc(C)c(S(=O)(=O)N[C@@H](C)CNc2cc(C)cc3c2cnn3-c2ccc(NC3CC3)cc2)c(C)c1,8.366666666666665
906,CCC1(CC(O)(CNC(=O)c2cnn(-c3ccc(F)cc3F)c2N)C(F)(F)F)CCCc2ccccc21,8.3
907,CC1(CC(O)(CNC(=O)c2cnn(-c3ccccc3)c2N)C(F)(F)F)CCCc2ccccc21,8.1325
908,CCC1(CC(O)(CNC(=O)c2cnn(-c3ccccc3)c2N)C(F)(F)F)CCCc2ccccc21,8.57
909,Cc1c(C(=O)NCC(O)(CC2(C)CCCc3ccccc32)C(F)(F)F)cnn1-c1ccccc1,7.635
910,CCC1(CC(O)(CNC(=O)c2cnn(-c3ccc(F)cc3)c2N)C(F)(F)F)CCCc2ccccc21,8.1675
911,Cc1c(S(=O)(=O)NCC(O)(CC2(C)CCCc3ccccc32)C(F)(F)F)cnn1-c1ccccc1,7.423333333333333
912,Cc1nn(-c2ccccc2)c(C)c1S(=O)(=O)N[C@@H](C)COc1cccc2cnccc12,7.01
913,COc1ccc([C@@H](Oc2ccc(C#N)cc2Cl)[C@H](C)NC(=O)C(C)(F)F)cn1,7.975
914,COc1ccc([C@@H](Oc2ccc(C#N)c(Cl)c2)[C@H](C)NC(=O)C(C)(F)F)cn1,8.03
915,COc1ccc([C@@H](Oc2ccc(C#N)cc2)[C@H](C)NC(=O)C(C)(F)F)cn1,7.16
916,Cc1nn(C2CCCC2)c(C)c1S(=O)(=O)N[C@@H](C)COc1cccc2cnccc12,7.5
917,COc1ccc(F)cc1C(C)(C)C[C@@](O)(CNc1cc(C)cc2c1cnn2-c1cccc(C(=O)N2CCC[C@@H]2C(N)=O)c1)C(F)(F)F,8.2
918,CCC1(CC(O)(Cc2[nH]c3ccccc3c2C#N)C(F)(F)F)CCCc2ccccc21,7.846666666666666
919,CCC1(CC(O)(Cc2cc3ccncc3[nH]2)C(F)(F)F)CCCc2ccccc21,7.8375
920,CCC1(CC(O)(Cc2cc3ccccc3[nH]2)C(F)(F)F)CCCc2ccccc21,7.635
921,CC1(CC(O)(Cc2cc3ccccc3[nH]2)C(F)(F)F)CCCc2ccccc21,7.505
922,CCC1(CC(O)(Cc2cc3c(C)cc(C#N)cc3[nH]2)C(F)(F)F)CCCc2ccccc21,7.755
923,CC(C)(CC(O)(C(=O)Nc1ccc2c(c1)COC2=O)C(F)(F)F)c1cc(F)ccc1O,8.22
924,CC(C)(CC(O)(C(=O)Nc1ccc2c(c1)COC2=O)C(F)(F)F)c1ccccc1,7.1
925,CCC1(CC(O)(Cn2ccc(=O)c3ccccc32)C(F)(F)F)CCCc2ccccc21,7.97
926,CC1(CC(O)(Cc2ccnc3ccccc23)C(F)(F)F)CCCc2ccccc21,7.863333333333332
927,CCC1(CC(O)(Cc2cc(Cl)nc3ccccc23)C(F)(F)F)CCCc2ccccc21,7.535
928,CCC1(CC(O)(Cc2ccnc3ccccc23)C(F)(F)F)CCCc2ccccc21,8.082
929,CC1(CC(O)(Cn2ccc(=O)c3ccccc32)C(F)(F)F)CCCc2ccccc21,7.54
930,Cc1ccc([C@@H](Oc2ccc(C(=O)NC3CCCCC3)nc2)[C@H](C)NC(=O)C(F)(F)F)cc1,8.05
931,Cc1ccc([C@@H](Oc2ccc(C(=O)Nc3ccccc3)nc2)[C@H](C)NC(=O)C(F)(F)F)cc1,7.58
932,CCC(Cc1ccc2ccccc2c1)NS(=O)(=O)c1c(C)cc(C)cc1C,7.11
933,Cc1cc(C)c(S(=O)(=O)NC(CSc2ccccc2)C(F)(F)F)c(C)c1,7.7
934,Cc1cc(C)c(S(=O)(=O)N[C@@H](C)CCc2ccccc2)c(C)c1,7.26
935,Cc1cc(C)c(S(=O)(=O)N[C@@H](C)COc2c(C)cccc2C)c(C)c1,7.07
936,Cc1cc(C)c(S(=O)(=O)NC(CNc2ccccc2)C(F)(F)F)c(C)c1,7.02
937,COc1ccc(F)cc1C(C)(C)CC(O)(Cc1cc2cnccc2[nH]1)C1CC1,8.16
938,Cc1ccc(F)cc1C(C)(C)CC(O)(Cc1cc2cnccc2[nH]1)C1CC1,7.835
939,COc1ccc(F)cc1C(C)(C)CC(O)(Cc1cc2ccncc2[nH]1)C1CC1,7.575
940,Cc1c[nH]c2c(-c3c(F)cc4c(c3F)/C(=N/OCc3ccccc3)CC(C)(C)N4)cccc12,8.06
941,COc1ccc(F)cc1-c1ccc2c(c1)C(CSCCc1ccccc1)=CC(C)(C)N2,7.215
942,Cc1cn(CC(O)(CC(C)(C)c2cccc3c2OCC3)C(F)(F)F)cc(C)c1=O,7.47
943,Cc1noc(=O)c2ccc(NC(=O)C(O)(CC(C)(C)c3cccc4c3OCC4)C(F)(F)F)cc12,7.98
944,Cc1cc(C)c(S(=O)(=O)N[C@@H](C)CNc2cc(C)cc3c2cnn3-c2cccc(N3CCCC(CO)C3)c2)c(C)c1,7.583333333333333
945,CCn1nc(C)c(Br)c1C(=O)NCC(O)(CC1(C)CCCc2ccccc21)C(F)(F)F,7.39
946,Cc1ccc(F)cc1C(C)(C)CC(O)(Cc1cc2nc(N3CCCC3)ncc2[nH]1)C(F)(F)F,7.75
947,Cc1cc(C)c(S(=O)(=O)N[C@@H](C)CNc2cc(C)cc3c2cnn3-c2cccc(NC3CC3)c2)c(C)c1,8.833333333333332
948,CC(C)(CC(O)(CCc1ccccc1)C(=O)Nc1ccc2c(c1)COC2=O)c1ccccc1,7.24
949,CCC1(CC(O)(C(=O)Nc2ccc3c(=O)onc(C)c3c2)C(F)(F)F)CCCCc2ccccc21,8.05
950,Cc1c[nH]c2c(-c3c(F)cc4c(c3F)/C(=N/Oc3ccccc3)CC(C)(C)N4)cccc12,7.29
951,COc1ccc(F)cc1C(C)(C)CC(O)(CNC(=O)c1cnn(-c2ccc(F)cc2)c1N)C(F)(F)F,8.38
