0,C[C@@H]1C[C@H]2[C@@H]3CCC4=CC(=O)C=C[C@]4(C)[C@@]3(F)[C@@H](O)C[C@]2(C)[C@@]1(O)C(=O)CSCCNC(=S)NCCCN(C)CCCNC(=O)CCNC(=O)c1cc(NC(=O)c2nccn2C)cn1C,8.07
1,Cc1cnc(NC(=O)c2ccc3c(c2)CC[C@@H]2C[C@@](O)(C(F)(F)F)CC[C@@]32Cc2ccccc2)c(C)n1,9.46
2,Cc1ncccc1NC(=O)c1ccc2c(c1)C(=O)C[C@@H]1C[C@@](O)(C(F)(F)F)CC[C@@]21Cc1ccccc1,8.93
3,Cc1ncccc1NC(=O)c1ccc2c(c1)CC[C@@H]1C[C@@](O)(CCC(F)(F)F)CC[C@@]21Cc1ccccc1,8.91
4,Cc1ncccc1NC(=O)c1ccc2c(c1)CC[C@@H]1C[C@@](O)(C(F)(F)F)CC[C@@]21Cc1ccccc1,8.3875
5,Cc1ncccc1NC(=O)c1ccc2c(c1)[C@H](O)C[C@@H]1C[C@@](O)(C(F)(F)F)CC[C@@]21Cc1ccccc1,8.72
6,Cc1ccncc1NC(=O)c1ccc2c(c1)CC[C@@H]1C[C@@](O)(C(F)(F)F)CC[C@@]21Cc1ccccc1,8.69
7,Cc1c(NC(=O)c2ccc3c(c2)CC[C@@H]2C[C@@](O)(C(F)(F)F)CC[C@@]32Cc2ccccc2)ccc[n+]1[O-],8.67
8,Cc1ncc(NC(=O)c2ccc3c(c2)CC[C@@H]2C[C@@](O)(CCC(F)(F)F)CC[C@@]32Cc2ccccc2)c(C)n1,8.34
9,Cc1ncccc1NC(=O)c1ccc2c(c1)CC[C@@H]1C[C@@](O)(C(F)F)CC[C@@]21Cc1ccccc1,8.1
10,Cc1ncccc1NC(=O)c1ccc2c(c1)C=C[C@@H]1C[C@@](O)(C(F)(F)F)CC[C@@]21Cc1ccccc1,8.04
11,Cc1ncccc1NC(=O)c1ccc2c(c1)CC[C@@H]1C[C@@](OP(=O)(O)O)(C(F)(F)F)CC[C@@]21Cc1ccccc1,7.24
12,C[C@H]1C[C@H]2[C@@H]3CCC4=CC(=O)C=C[C@]4(C)[C@@]3(F)[C@@H](O)C[C@]2(C)[C@@]1(OC(=O)NC12CC3CC(CC(C3)C1)C2)C(=O)CO,8.24
13,Cc1cccc(SCC(=O)[C@@]2(O)[C@H](C)C[C@H]3[C@@H]4CCC5=CC(=O)C=C[C@]5(C)[C@H]4[C@@H](O)C[C@@]32C)n1,8.77
14,C[C@H]1C[C@H]2[C@@H]3CCC4=CC(=O)C=C[C@]4(C)[C@@]3(F)[C@@H](O)C[C@]2(C)[C@@]1(OC(=O)NC1CCCCC1)C(=O)CO,8.46
15,Cc1ccnc(SCC(=O)[C@@]2(O)CC[C@H]3[C@@H]4CCC5=CC(=O)C=C[C@]5(C)[C@H]4[C@@H](O)C[C@@]32C)n1,7.94
16,C[C@]12CCC(=O)C=C1CC[C@@H]1[C@@H]2[C@@H](O)C[C@@]2(C)[C@H]1CC[C@]2(O)C(=O)CSc1ccccn1,7.725
17,C[C@]12CCC(=O)C=C1CC[C@@H]1[C@@H]2[C@@H](O)C[C@@]2(C)[C@H]1CC[C@]2(O)C(=O)CSc1ccc(Cl)c(Cl)c1,7.57
18,C[C@]12C=CC(=O)C=C1CC[C@@H]1[C@@H]2[C@@H](O)C[C@@]2(C)[C@H]1CC[C@]2(O)C(=O)CSc1ccccn1,7.36
19,CC1(C)O[C@@H]2CC3C4C[C@H](F)C5=CC(=O)C=C[C@]5(C)[C@@]4(F)[C@@H](O)C[C@]3(C)[C@]2(S[C@@H]2CCOC2=O)O1,8.85
20,CCC[C@@H]1O[C@@H]2CC3C4C[C@H](F)C5=CC(=O)CC[C@]5(C)[C@@]4(F)[C@@H](O)C[C@]3(C)[C@]2(S[C@@H]2CCOC2=O)O1,8.19
21,Cc1ncccc1CNC(=O)c1ccc2c(c1)CC[C@@H]1C[C@@](O)(CCC(F)(F)F)CC[C@@]21Cc1ccccc1,8.15
22,C[C@H]1C[C@@H]2[C@H]3CCC4=CC(=O)C=C[C@@]4(C)[C@]3(F)[C@H](O)C[C@@]2(C)[C@]1(O)C(=O)CSCCNC(=S)NCCNC(=O)c1cc(NC(=O)c2cncn2C)cn1C,8.24
23,C[C@H]1C[C@H]2[C@@H]3CCC4=CC(=O)C=C[C@]4(C)[C@@]3(F)[C@@H](O)C[C@]2(C)[C@@]1(OC(=O)NC1CCCC1)C(=O)CO,8.42
24,Cc1nc(SCC(=O)[C@@]2(O)CC[C@H]3[C@@H]4CCC5=CC(=O)CC[C@]5(C)[C@H]4[C@@H](O)C[C@@]32C)sc1C,8.015
25,C[C@]12Cc3cnn(-c4ccc(F)cc4)c3C=C1CC[C@@H]1[C@@H]2[C@@H](O)C[C@@]2(C)[C@H]1CC[C@]2(O)C(=O)CSc1ccc2ccccc2c1,8.33
26,C[C@]12Cc3cnn(-c4ccc(F)cc4)c3C=C1CC[C@@H]1[C@@H]2[C@@H](O)C[C@@]2(C)[C@H]1CC[C@]2(O)C(=O)COc1ccc2ccccc2c1,8.255
27,C[C@]12Cc3cnn(-c4ccc(F)cc4)c3C=C1CC[C@@H]1[C@@H]2[C@@H](O)C[C@@]2(C)[C@H]1CC[C@]2(O)C(=O)COc1ccc2ccccc2n1,8.74
28,C[C@]12Cc3cnn(-c4ccc(F)cc4)c3C=C1CC[C@@H]1[C@@H]2[C@@H](O)C[C@@]2(C)[C@H]1CC[C@]2(O)C(=O)COc1cnc2ccccc2n1,7.865
29,C[C@]12Cc3cnn(-c4ccc(F)cc4)c3C=C1CC[C@@H]1[C@@H]2[C@@H](O)C[C@@]2(C)[C@H]1CC[C@]2(O)C(=O)CSc1cnc2ccccc2n1,8.7
30,C[C@]12Cc3cnn(-c4ccc(F)cc4)c3C=C1CC[C@@H]1[C@@H]2[C@@H](O)C[C@@]2(C)[C@H]1CC[C@]2(O)C(=O)CSc1nc2ccccc2c(=O)[nH]1,7.775
31,C[C@]12Cc3cnn(-c4ccccc4)c3C=C1CC[C@@H]1[C@@H]2[C@@H](O)C[C@@]2(C)[C@H]1CC[C@]2(O)C(=O)COc1cnc2ccccc2n1,7.97
32,C[C@]12Cc3cnn(-c4ccc(F)cc4)c3C=C1CC[C@@H]1[C@@H]2[C@@H](O)C[C@@]2(C)[C@H]1CC[C@]2(O)C(=O)CSc1ccc2ccccc2n1,8.01
33,C[C@]12Cc3cnn(-c4ccccc4)c3C=C1CC[C@@H]1[C@@H]2[C@@H](O)C[C@@]2(C)[C@H]1CC[C@]2(O)C(=O)CSc1cnc2ccccc2n1,7.905
34,C[C@]12Cc3cnn(C4CCCCC4)c3C=C1CC[C@@H]1[C@@H]2[C@@H](O)C[C@@]2(C)[C@H]1CC[C@]2(O)C(=O)CSc1cnc2ccccc2n1,7.91
35,C[C@]12Cc3cnn(-c4ccccc4)c3C=C1CC[C@@H]1[C@@H]2[C@@H](O)C[C@@]2(C)[C@H]1CC[C@]2(O)C(=O)CSc1ccc2ccccc2n1,7.525
36,C[C@]12Cc3cnn(C4CCCCC4)c3C=C1CC[C@@H]1[C@@H]2[C@@H](O)C[C@@]2(C)[C@H]1CC[C@]2(O)C(=O)CSc1ccc2ccccc2n1,7.35
37,Cc1noc(=O)c2ccc(NC(=O)C(O)(Cc3ccccc3)CC(C)(C)c3ccccc3)cc12,8.15
38,Cc1noc(=O)c2ccc(NC(=O)C(O)(CC3CCCCC3)CC(C)(C)c3cc(F)ccc3O)cc12,8.15
39,Cc1noc(=O)c2ccc(NC(=O)C(O)(Cc3ccccc3)CC(C)(C)c3cc(F)ccc3O)cc12,8.1
40,Cc1noc(=O)c2ccc(NC(=O)C(O)(CC3CCCCC3)CC(C)(C)c3ccccc3)cc12,8.05
41,Cc1noc(=O)c2ccc(NC(=O)C(O)(CC3(C4CCC4)CCCc4ccccc43)C(F)(F)F)cc12,8.165
42,C[C@H](NC(=O)[C@H]1CCCO1)[C@H](Oc1ccc(C(=O)O[C@H]2CCCN(C(=O)[C@H]3COC(=O)C3)C2)cc1)c1ccc(C2CC2)cc1,8.7
43,C[C@H](NC(=O)[C@@H]1CCCO1)[C@H](Oc1ccc(C(=O)O[C@H]2CCCN(C(=O)[C@H]3COC(=O)C3)C2)cc1)c1ccc(C2CC2)cc1,7.66
44,Cc1c(NS(C)(=O)=O)cccc1N(Cc1ccc(Oc2cccc(OC[C@@H]3C[C@@H](O)CC(=O)O3)c2)cc1)Cc1ccc(F)cc1F,7.6
45,Cc1nnc(C(=O)N[C@@H](C)[C@H](Oc2ccc3c(cnn3-c3ccc(F)cc3)c2)c2ccccc2)o1,10.05
46,Cc1nc(C(=O)N[C@@H](C)[C@H](Oc2ccc3c(cnn3-c3ccc(F)cc3)c2)c2ccccc2)no1,10.05
47,Cc1nnc(C(=O)N[C@@H]([C@H](C)O)[C@H](Oc2ccc3c(cnn3-c3ccc(F)cc3)c2)c2cc(F)cc(F)c2)o1,8.3
48,C=CCO[C@H]1C[C@@]2(C)[C@@H](CC[C@@]2(O)C#CC)[C@@H]2CCc3cc(C(=O)Nc4cccnc4C)ccc3[C@H]21,10.52
49,Cc1ncccc1NC(=O)c1ccc2c(c1)CC[C@@H]1[C@@H]2[C@@H](O)C[C@@]2(C)[C@H]1CC[C@@]2(O)C#CC(C)C,7.43
50,C=CCOC(=O)O[C@H]1C[C@@]2(C)[C@@H](CC[C@@]2(O)C#CC)[C@@H]2CCc3cc(C(=O)Nc4cccnc4C)ccc3[C@H]21,7.08
51,Cc1ccc(NC(=O)c2ccc3c(c2)CC[C@@H]2[C@@H]3[C@@H](O)C[C@]3(C)[C@@H](O)CC[C@@H]23)cn1,7.04
52,Cc1c(NS(C)(=O)=O)cccc1N(Cc1ccccc1)Cc1ccc(Oc2cccc(OCC(=O)NCCO[C@H]3CC[C@@]4(C)[C@@H](C3)C[C@@H](O)[C@@H]3[C@@H]4C[C@H](O)[C@]4(C)[C@@H]([C@H](C)CCC(=O)O)CC[C@@H]34)c2)cc1,7.24
53,CC#C[C@]1(O)CC[C@H]2[C@@H]3CCC4=CC(=O)CCC4=C3[C@@H](c3ccc(N(C)C[C@@H]4C[C@@H](O)CC(=O)O4)cc3)C[C@@]21C,8.14
54,COc1cccc2c1-c1ccc3c(c1[C@H]([C@@H]1C=C(C)CCC1)O2)C(C)=CC(C)(C)N3,8.24
55,COc1cccc2c1-c1ccc3c(c1C(c1cccc(OCSC)c1)O2)C(C)=CC(C)(C)N3,8.083333333333332
56,COc1cccc2c1-c1ccc3c(c1C(c1cccc(OC(=O)N(C)C)c1)O2)C(C)=CC(C)(C)N3,7.906666666666665
57,COc1cccc2c1-c1ccc3c(c1C(C1C=CCCC1)O2)C(C)=CC(C)(C)N3,7.785
58,COc1cccc2c1-c1ccc3c(c1C(C1C=C(C)CCC1)O2)C(C)=CC(C)(C)N3,7.985
59,COc1cccc2c1-c1ccc3c(c1C(c1cc(Cl)cc(Cl)c1)O2)C(C)=CC(C)(C)N3,7.953333333333333
60,COc1cccc2c1-c1ccc3c(c1C(c1cc(C)cc(C)c1)O2)C(C)=CC(C)(C)N3,7.803333333333333
61,COCOc1cccc(C2Oc3cccc(OC)c3-c3ccc4c(c32)C(C)=CC(C)(C)N4)c1,7.5
62,COc1cccc2c1-c1ccc3c(c1C(c1cc(C)cc(Br)c1)O2)C(C)=CC(C)(C)N3,7.7366666666666655
63,CC1=C[C@@H]([C@@H]2Oc3c(F)cc(F)cc3-c3ccc4c(c32)C(C)=CC(C)(C)N4)CCC1,7.47
64,COc1cccc2c1-c1ccc3c(c1[C@H]([C@H]1C=C(C)CCC1)O2)C(C)=CC(C)(C)N3,7.56
65,COc1cccc2c1-c1ccc3c(c1C(c1cccc(C(F)(F)F)c1)O2)C(C)=CC(C)(C)N3,7.366666666666665
66,COc1cccc2c1-c1ccc3c(c1C(c1ccccc1)O2)C(C)=CC(C)(C)N3,7.405
67,COc1cccc2c1-c1ccc3c(c1C(c1cc(F)cc(F)c1)O2)C(C)=CC(C)(C)N3,7.815
68,CC1=CC(C)(C)Nc2ccc3c(c21)C(c1ccc(Cl)c(Cl)c1)Oc1ccccc1-3,7.1
69,COc1cccc2c1-c1ccc3c(c1C(C1C=CCC1)O2)C(C)=CC(C)(C)N3,7.92
70,CC#C[C@]1(O)CC[C@H]2[C@@H]3CCC4=CC(=O)CCC4=C3[C@@H](c3ccc(-c4ccc(OC)cc4)cc3)C[C@@]21C,8.765
71,CC(C)(C)C#C[C@]1(O)CC[C@H]2[C@@H]3CCC4=CC(=O)CC[C@@H]4[C@H]3[C@@H](c3ccc(N4CCOCC4)cc3)C[C@@]21C,7.99
72,CC(C)(C)C#C[C@]1(O)CC[C@H]2[C@@H]3CCC4=CC(=O)CC[C@@H]4[C@H]3[C@@H](c3ccc(N4CCN(S(C)(=O)=O)CC4)cc3)C[C@@]21C,7.91
73,CC(C)(C)C#C[C@]1(O)CC[C@H]2[C@@H]3CCC4=CC(=O)CCC4=C3[C@@H](c3ccc(N4CCOCC4)cc3)C[C@@]21C,7.88
74,CC(C)(C)C#C[C@]1(O)CC[C@H]2[C@@H]3CCC4=CC(=O)CCC4=C3[C@@H](c3ccc(N4CCS(=O)(=O)CC4)cc3)C[C@@]21C,7.78
75,CN1CCN(c2ccc([C@H]3C[C@@]4(C)[C@@H](CC[C@@]4(O)C#CC(C)(C)C)[C@@H]4CCC5=CC(=O)CC[C@@H]5[C@H]43)cc2)CC1,7.45
76,Cc1ccc(C#C[C@]2(O)CC[C@H]3[C@@H]4OCC5=CC(=O)CCC5=C4[C@@H](c4ccc(N(C)C)cc4)C[C@@]32C)cc1,7.66
77,CN(C)c1ccc([C@H]2C[C@@]3(C)[C@@H](CC[C@@]3(O)C#Cc3ccc(Br)cc3)[C@@H]3OCC4=CC(=O)CCC4=C32)cc1,7.5
78,CN(C)c1ccc([C@H]2C[C@@]3(C)[C@@H](CC[C@@]3(O)C#Cc3cc(F)cc(F)c3)[C@@H]3OCC4=CC(=O)CCC4=C32)cc1,7.46
79,Cc1cccc(C#C[C@]2(O)CC[C@H]3[C@@H]4OCC5=CC(=O)CCC5=C4[C@@H](c4ccc(N(C)C)cc4)C[C@@]32C)c1,7.44
80,CN(C)c1ccc([C@H]2C[C@@]3(C)[C@@H](CC[C@@]3(O)C#Cc3ccc(F)cc3)[C@@H]3OCC4=CC(=O)CCC4=C32)cc1,7.42
81,CN(C)c1ccc([C@H]2C[C@@]3(C)[C@@H](CC[C@@]3(O)C#Cc3ccc(C#N)cc3)[C@@H]3OCC4=CC(=O)CCC4=C32)cc1,7.38
82,CN(C)c1ccc([C@H]2C[C@@]3(C)[C@@H](CC[C@@]3(O)C#Cc3ccc(Cl)cc3)[C@@H]3OCC4=CC(=O)CCC4=C32)cc1,7.36
83,CN(C)c1ccc([C@H]2C[C@@]3(C)[C@@H](CC[C@@]3(O)C#Cc3cccc(C(F)(F)F)c3)[C@@H]3OCC4=CC(=O)CCC4=C32)cc1,7.34
84,CN(C)c1ccc([C@H]2C[C@@]3(C)[C@@H](CC[C@@]3(O)C#Cc3cccc(Cl)c3)[C@@H]3OCC4=CC(=O)CCC4=C32)cc1,7.31
85,CN(C)c1ccc([C@H]2C[C@@]3(C)[C@@H](CC[C@@]3(O)C#Cc3ccccc3C(F)(F)F)[C@@H]3OCC4=CC(=O)CCC4=C32)cc1,7.29
86,CN(C)c1ccc([C@H]2C[C@@]3(C)[C@@H](CC[C@@]3(O)C#Cc3cccc(F)c3)[C@@H]3OCC4=CC(=O)CCC4=C32)cc1,7.25
87,CN(C)c1ccc([C@H]2C[C@@]3(C)[C@@H](CC[C@@]3(O)C#Cc3ccccc3Br)[C@@H]3OCC4=CC(=O)CCC4=C32)cc1,7.2
88,CN(C)c1ccc([C@H]2C[C@@]3(C)[C@@H](CC[C@@]3(O)C#Cc3ccccc3Cl)[C@@H]3OCC4=CC(=O)CCC4=C32)cc1,7.19
89,CN(C)c1ccc([C@H]2C[C@@]3(C)[C@@H](CC[C@@]3(O)C#Cc3ccccc3F)[C@@H]3OCC4=CC(=O)CCC4=C32)cc1,7.19
90,CN(C)c1ccc([C@H]2C[C@@]3(C)[C@@H](CC[C@@]3(O)C#Cc3ccc(C(C)(C)C)cc3)[C@@H]3OCC4=CC(=O)CCC4=C32)cc1,7.18
91,COc1ccc(C#C[C@]2(O)CC[C@H]3[C@@H]4OCC5=CC(=O)CCC5=C4[C@@H](c4ccc(N(C)C)cc4)C[C@@]32C)cc1,7.09
92,CC#C[C@]1(O)CC[C@H]2[C@@H]3CCC4=CC(=O)CCC4=C3[C@@H](c3ccc4oc(CC)nc4c3)C[C@@]21C,7.89
93,CC#C[C@]1(O)CC[C@H]2[C@@H]3CCC4=CC(=O)CCC4=C3[C@@H](c3ccc4oc(C)nc4c3)C[C@@]21C,7.64
94,CC#C[C@]1(O)CC[C@H]2[C@@H]3CCC4=CC(=O)CCC4=C3[C@@H](c3ccc4ocnc4c3)C[C@@]21C,7.35
95,CC#C[C@]1(NC=O)CC[C@H]2[C@@H]3CCC4=CC(=O)CCC4=C3[C@@H](c3ccc4ocnc4c3)C[C@@]21C,7.22
96,CC#C[C@]1(O)CC[C@H]2[C@@H]3CCC4=CC(=O)CCC4=C3[C@@H](c3ccc4oc(C(F)(F)F)nc4c3)C[C@@]21C,7.21
97,COc1c(O)ccc2c1-c1ccc3c(c1/C(=C/c1cccc(-c4cccnc4)c1)O2)C(C)=CC(C)(C)N3,8.795
98,COc1c(O)ccc2c1-c1ccc3c(c1/C(=C/c1cccc(-c4ccccc4)c1)O2)C(C)=CC(C)(C)N3,8.28
99,CC#C[C@]1(O)CC[C@H]2[C@@H]3CCC4=CC(=O)CCC4=C3[C@@H](c3ccc(N(C)CCO[C@H]4CC[C@@]5(C)[C@@H](C4)C[C@@H](O)[C@@H]4[C@@H]5C[C@H](O)[C@]5(C)[C@@H]([C@H](C)CCC(=O)O)CC[C@@H]45)cc3)C[C@@]21C,8.46
100,CC#C[C@]1(O)CC[C@H]2[C@@H]3CCC4=CC(=O)CCC4=C3[C@@H](c3ccc(OCCO[C@H]4CC[C@@]5(C)[C@@H](C4)C[C@@H](O)[C@@H]4[C@@H]5C[C@H](O)[C@]5(C)[C@@H]([C@H](C)CCC(=O)O)CC[C@@H]45)c(C)c3)C[C@@]21C,8.01
101,CC#C[C@]1(O)CC[C@H]2[C@@H]3CCC4=CC(=O)CCC4=C3[C@@H](c3cc(C)c(OCCO[C@H]4CC[C@@]5(C)[C@@H](C4)C[C@@H](O)[C@@H]4[C@@H]5C[C@H](O)[C@]5(C)[C@@H]([C@H](C)CCC(=O)O)CC[C@@H]45)c(C)c3)C[C@@]21C,8.31
102,CSc1ccc([C@H]2OC[C@@]3(C)[C@@H](CC[C@@]3(O)C(F)(F)C(F)(F)F)[C@@H]3CCC4=CC(=O)CCC4=C32)cc1,8.15
103,CC#C[C@]1(O)CC[C@H]2[C@@H]3CCC4=CC(=O)CCC4=C3[C@@H](c3ccc(N(C)C)cc3)OC[C@@]21C,7.77
104,CN(C)c1ccc([C@H]2OC[C@@]3(C)[C@@H](CC[C@@]3(O)C(F)(F)C(F)(F)F)[C@@H]3CCC4=CC(=O)CCC4=C32)cc1,7.7
105,CC#C[C@]1(O)CC[C@H]2[C@@H]3CCC4=CC(=O)CCC4=C3[C@@H](c3ccc(OC)cc3)OC[C@@]21C,7.39
106,C=C(C)[C@]1(O)CC[C@H]2[C@@H]3CCC4=CC(=O)CCC4=C3[C@@H](c3ccc(SC)cc3)OC[C@@]21C,7.24
107,C#C[C@]1(O)CC[C@H]2[C@@H]3CCC4=CC(=O)CCC4=C3[C@@H](c3ccc(N(C)C)cc3)OC[C@@]21C,7.17
108,CC(C)(O)[C@H]1CCCC2=Cc3c(cnn3-c3ccc(F)cc3)C[C@@]21C,8.72
109,C=CC[C@H](O)[C@H]1CCCC2=Cc3c(cnn3-c3ccc(F)cc3)C[C@@]21C,8.41
110,C=CCC[C@H](O)[C@H]1CCCC2=Cc3c(cnn3-c3ccc(F)cc3)C[C@@]21C,8.67
111,C[C@H](O)[C@H]1CCCC2=Cc3c(cnn3-c3ccc(F)cc3)C[C@@]21C,8.06
112,CC(C)(C)[C@H](O)[C@H]1CCCC2=Cc3c(cnn3-c3ccc(F)cc3)C[C@@]21C,7.11
113,CCCS(=O)(=O)N[C@@H](C)CNc1cc(C)cc2c1cnn2-c1cccc(C(=O)NC(C)C)c1,7.5666666666666655
114,COc1cc(F)ccc1-c1c(C)[nH]c2c(NS(C)(=O)=O)cc(F)cc12,7.66
115,Cc1cc(NC[C@H](C)NS(=O)(=O)C(C)C)c2cnn(-c3cccc(C(=O)NC(C)C)c3)c2c1,7.6
116,COc1cc([C@H](O)[C@H]2CCCC3=Cc4c(cnn4-c4ccc(F)cc4)C[C@@]32C)cc(F)c1F,8.72
117,C[C@]12Cc3cnn(-c4ccc(F)cc4)c3C=C1CCC[C@@H]2[C@@H](O)c1ccc(F)cc1,8.233333333333333
118,Cc1cc([C@H](O)[C@H]2CCCC3=Cc4c(cnn4-c4ccc(F)cc4)C[C@@]32C)ccc1F,8.17
119,C[C@]12Cc3cnn(-c4ccc(F)cc4)c3C=C1CCC[C@@H]2[C@@H](O)c1ccccc1F,8.14
120,COc1cc([C@H](O)[C@H]2CCCC3=Cc4c(cnn4-c4ccc(F)cc4)C[C@@]32C)ccc1F,8.1
121,C[C@]12Cc3cnn(-c4ccc(F)cc4)c3C=C1CCC[C@@H]2[C@@H](O)c1ccccc1,8.08
122,C[C@]12Cc3cnn(-c4ccc(F)cc4)c3C=C1CCC[C@@H]2[C@@H](O)c1ccc(Cl)cc1,8.05
123,C[C@]12Cc3cnn(-c4ccc(F)cc4)c3C=C1CCC[C@@H]2[C@H](O)c1ccc(F)nc1,8.04
124,C[C@]12Cc3cnn(-c4ccc(F)cc4)c3C=C1CCC[C@@H]2[C@@H](O)c1ccc(O)cc1,8.02
125,C[C@]12Cc3cnn(-c4ccc(F)cc4)c3C=C1CCC[C@@H]2[C@@H](O)c1ccc(F)nc1,7.87
126,C[C@]12Cc3cnn(-c4ccc(F)cc4)c3C=C1CCC[C@@H]2[C@H](O)c1ccc(F)cc1,7.695
127,C[C@]12Cc3cnn(-c4ccc(F)cc4)c3C=C1CCC[C@@H]2[C@](C)(O)c1ccc(F)cc1,8.15
128,C[C@]12Cc3cnn(-c4ccc(F)cc4)c3C=C1CCC[C@@H]2[C@@H](O)c1ccncc1,7.63
129,C[C@]12Cc3cnn(-c4ccc(F)cc4)c3C=C1CCC[C@@H]2[C@@H](O)c1cccc(O)c1,7.6
130,C[C@H](NC(=O)C(C)(F)F)[C@H](Oc1ccc2c(cnn2-c2cccc(C(=O)N[C@@H]3CCOC3)c2)c1)c1ccc2c(c1)OCCO2,9.556666666666665
131,C[C@H](NC(=O)C(C)(F)F)[C@H](Oc1ccc2c(cnn2-c2cccc(C(=O)N[C@@H]3CCC[C@@H]3O)c2)c1)c1ccc2c(c1)OCCO2,9.19
132,C[C@H](NC(=O)C(C)(F)F)[C@H](Oc1ccc2c(cnn2-c2cccc(C(=O)NC3CCS(=O)(=O)C3)c2)c1)c1ccc2c(c1)OCCO2,9.18
133,C[C@H](NC(=O)C(C)(F)F)[C@H](Oc1ccc2c(cnn2-c2cccc(C(=O)NC3CCCC3)c2)c1)c1ccc2c(c1)OCOC2,9.1
134,C[C@H](NC(=O)C(C)(F)F)[C@H](Oc1ccc2c(cnn2-c2cccc(C(=O)N[C@H]3CCOC3)c2)c1)c1ccc2c(c1)OCCO2,9.48
135,C[C@H](NC(=O)C(C)(F)F)[C@H](Oc1ccc2c(cnn2-c2cccc(C(=O)N[C@H]3CCOC3)c2)c1)c1ccc2c(c1)OCOC2,9.293333333333331
136,C[C@H](NC(=O)C(C)(F)F)[C@H](Oc1ccc2c(cnn2-c2cccc(C(=O)NC3CCCC3)c2)c1)c1ccc2c(c1)OCCO2,8.89
137,C[C@H](NC(=O)C(C)(F)F)[C@H](Oc1ccc2c(cnn2-c2cccc(C(=O)N[C@H]3CCS(=O)(=O)C3)c2)c1)c1ccc2c(c1)OCCO2,9.136666666666665
138,C[C@H](NC(=O)C(C)(F)F)[C@H](Oc1ccc2c(cnn2-c2cccc(C(=O)N[C@@H]3CCS(=O)(=O)C3)c2)c1)c1ccc2c(c1)OCCO2,9.106
139,C[C@H](NC(=O)C(C)(F)F)[C@H](Oc1ccc2c(cnn2-c2cccc(C(=O)N[C@@H]3CCC[C@@H]3O)c2)c1)c1ccc2c(c1)OCOC2,8.76
140,C[C@H](NC(=O)C(C)(F)F)[C@H](Oc1ccc2c(cnn2-c2cccc(C(=O)N[C@@H]3CCOC3=O)c2)c1)c1ccc2c(c1)OCCO2,8.926666666666666
141,C[C@H](NC(=O)C(C)(F)F)[C@H](Oc1ccc2c(cnn2-c2cccc(C(=O)N[C@H]3CCC[C@@H]3O)c2)c1)c1ccc2c(c1)OCOC2,8.46
142,C[C@H](NC(=O)C(C)(F)F)[C@H](Oc1ccc2c(cnn2-c2cccc(C(=O)N[C@H]3CC[S+]([O-])C3)c2)c1)c1ccc2c(c1)OCOC2,8.405
143,C[C@H](NC(=O)C(C)(F)F)[C@@H](Oc1ccc2c(cnn2-c2cccc(C(=O)N[C@@H]3CCOC3)c2)c1)c1ccc2c(c1)OCCO2,7.9
144,C[C@H](NC(=O)C(C)(F)F)[C@@H](Oc1ccc2c(cnn2-c2cccc(C(=O)N[C@H]3CCOC3)c2)c1)c1ccc2c(c1)OCCO2,7.61
145,C[C@]12Cc3cnn(-c4ccc(F)cc4)c3C=C1CCC[C@@H]2[C@](C)(O)c1ccsc1,9.1
146,C[C@]12Cc3cnn(-c4ccc(F)cc4)c3C=C1CCC[C@@H]2[C@@H](O)c1ccoc1,8.54
147,C[C@]12Cc3cnn(-c4ccc(F)cc4)c3C=C1CCC[C@@H]2[C@@H](O)c1cccs1,8.15
148,C[C@]12Cc3cnn(-c4ccc(F)cc4)c3C=C1CCC[C@@H]2[C@@H](O)c1ccc(Cl)s1,8.12
149,C[C@]12Cc3cnn(-c4ccc(F)cc4)c3C=C1CCC[C@@H]2[C@@H](O)c1cc(Cl)sc1Cl,7.99
150,C[C@]12Cc3cnn(-c4ccc(F)cc4)c3C=C1CCC21O[C@H](c2ccccc2)[C@@H](c2ccccc2)O1,8.0
151,C[C@H](NC(=O)C(C)(F)F)[C@H](Oc1ccc2c(cnn2-c2ccc(F)cc2)c1)c1ccc2c(c1)OCCO2,10.4
152,C[C@H](NC(=O)C(F)(F)F)[C@H](Oc1ccc2c(cnn2-c2ccc(F)cc2)c1)c1ccc2c(c1)OCCO2,10.34
153,C[C@H](NC(=O)C(F)(F)F)[C@H](Oc1ccc2c(cnn2-c2ccc(F)cc2)c1)c1cnc2ccccc2c1,10.4
154,C[C@H](NC(=O)C(C)(F)F)[C@H](Oc1ccc2c(cnn2-c2ccc(F)cc2)c1)c1ccc2c(c1)OCOC2,10.03
155,C[C@H](NC(=O)C(C)(F)F)[C@H](Oc1ccc2c(cnn2-c2ccc(F)cc2)c1)c1ccc2c(c1)COCO2,9.65
156,CC[C@@H](O)CNC(=O)c1cccc(-n2ncc3cc(O[C@H](c4ccc5c(c4)OCOC5)[C@H](C)NC(=O)C(C)(F)F)ccc32)c1,8.67
157,C[C@H](NC(=O)C(F)(F)F)[C@H](Oc1ccc2c(cnn2-c2ccc(F)cc2)c1)c1ccc2ccccc2c1,9.225
158,COc1ccc(F)cc1C(C)(C)CC(O)(Cc1cc2cc(N3CCOCC3)ncc2[nH]1)C(F)(F)F,8.7
159,Cc1ccc(F)cc1C(C)(C)CC(O)(Cc1cc2cc(N3CCOCC3)ncc2[nH]1)C(F)(F)F,8.52
160,Cc1ccc(F)cc1C(C)(C)CC(O)(Cc1cc2cc(-c3ccccc3)nnc2[nH]1)C(F)(F)F,8.055
161,Cc1ccc(F)cc1C(C)(C)CC(O)(Cc1cc2nc(-c3ccccc3)ncc2[nH]1)C(F)(F)F,8.2
162,CC(C)(CC(O)(Cc1cc2cc(N3CCOCC3)ncc2[nH]1)C(F)(F)F)c1ccccc1,7.935
163,CC(C)(CC(O)(Cc1cc2cc(N3CCOCC3)ncc2[nH]1)C(F)(F)F)c1cccc(F)c1,7.9
164,CC(C)(CC(O)(Cc1cc2cc(N3CCOCC3)ncc2[nH]1)C(F)(F)F)c1ccccc1S(C)(=O)=O,8.35
165,Cc1ccc(F)cc1C(C)(C)CC(O)(Cc1cc2nc(-c3ccccc3)cnc2[nH]1)C(F)(F)F,7.96
166,Cc1ccc(F)cc1C(C)(C)CC(O)(Cc1cc2nc(-c3cccnc3)ncc2[nH]1)C(F)(F)F,8.11
167,CC(C)(CC(O)(Cc1cc2cc(N3CCOCC3)ncc2[nH]1)C(F)(F)F)c1ccc(F)cc1,7.585
168,Cc1ccc(F)cc1C(C)(C)CC(O)(Cc1cc2nc(N3CCOCC3)ncc2[nH]1)C(F)(F)F,8.06
169,Cc1ccc(F)cc1C(C)(C)CC(O)(Cc1cc2nc(N3CCS(=O)(=O)CC3)ncc2[nH]1)C(F)(F)F,7.91
170,CC(C)(CC(O)(Cc1cc2cc(N3CCOCC3)ncc2[nH]1)C(F)(F)F)c1ccccc1C(N)=O,8.06
171,CC(C)(CC(O)(Cc1cc2cc(N3CCOCC3)ncc2[nH]1)C(F)(F)F)c1ccccc1S(N)(=O)=O,7.915
172,CC(C)(CC(O)(Cc1cc2cc(N3CCOCC3)ncc2[nH]1)C(F)(F)F)c1cccc(O)c1,7.45
173,Cc1ccc(F)cc1C(C)(C)CC(O)(Cc1cc2cc(-c3ccccc3)ncc2[nH]1)C(F)(F)F,8.14
174,CC(C)(CC(O)(Cc1cc2cc(N3CCOCC3)ncc2[nH]1)C(F)(F)F)c1cccc(C(N)=O)c1,7.295
175,CC(C)(CC(O)(Cc1cc2cc(N3CCOCC3)ncc2[nH]1)C(F)(F)F)c1cccc(S(C)(=O)=O)c1,7.215
176,COc1ccc(F)cc1C(C)(C)CC(O)(Cc1cc(C)cc(C)c1C#N)C(F)(F)F,8.1
177,CCC(Cc1cccc(C)c1C)NS(=O)(=O)c1c(C)cc(C)cc1C,8.0
178,CCC(Cc1cc(Cl)cc(Cl)c1)NS(=O)(=O)c1c(C)cc(C)cc1C,8.0
179,COc1ccc(F)cc1C(C)(C)CC(O)(CN1C[C@@H](C)C(=O)[C@@H](C)C1)C(F)(F)F,8.0
180,CCC(Cc1cc(C)cc(C)c1)NS(=O)(=O)c1c(C)cc(C)cc1C,7.96
181,COc1ccc(F)cc1C(C)(C)CC(O)(Cc1cc(C)c(C#N)c(C)c1)C(F)(F)F,7.96
182,CCC(Cc1ccc(O)c(C)c1C)NS(=O)(=O)c1c(C)cc(C)cc1C,8.06
183,COc1ccc(F)cc1C(C)(C)CC(O)(Cc1ccc(C#N)cc1Cl)C(F)(F)F,7.77
184,COc1ccc(F)cc1C(C)(C)CC(O)(Cc1ccc(C=O)cc1Cl)C(F)(F)F,7.72
185,COc1ccc(F)cc1C(C)(C)CC(O)(Cc1ccc(C=O)cc1)C(F)(F)F,7.7
186,COc1ccc(F)cc1C(C)(C)CC(O)(Cc1ccc(C#N)cc1F)C(F)(F)F,7.66
187,CC[C@@H](Cc1ccc(O)c(C)c1C)NS(=O)(=O)c1c(C)cc(C)cc1C,8.18
188,CC[C@@H](Cc1ccc(O)c(C)c1)NS(=O)(=O)c1c(C)cc(C)cc1C,7.64
189,CCC(Cc1cccc(C)c1)NS(=O)(=O)c1c(C)cc(C)cc1C,7.64
190,CCC(Cc1cc(C)ccc1C)NS(=O)(=O)c1c(C)cc(C)cc1C,7.6
191,CC[C@@H](Cc1ccc(O)cc1C)NS(=O)(=O)c1c(C)cc(C)cc1C,7.57
192,COc1ccc(F)cc1C(C)(C)CC(O)(Cc1cc(Cl)cc(C#N)c1)C(F)(F)F,7.57
193,COc1ccc(F)cc1C(C)(C)CC(O)(Cc1ccc(C#N)cc1)C(F)(F)F,7.52
194,COc1ccc(F)cc1C(C)(C)CC(O)(CN1C[C@@H](C)O[C@@H](C)C1)C(F)(F)F,7.42
195,COc1ccc(F)cc1C(C)(C)CC(O)(Cc1cc(Cl)ccc1Cl)C(F)(F)F,7.35
196,COc1ccc(F)cc1C(C)(C)CC(O)(Cc1cc(C)cc(Cl)c1)C(F)(F)F,7.34
197,CCC(Cc1cc(F)cc(F)c1)NS(=O)(=O)c1c(C)cc(C)cc1C,7.32
198,COc1ccc(F)cc1C(C)(C)CC(O)(Cc1cc(C)cc(C)c1)C(F)(F)F,7.26
199,COc1ccc(F)cc1C(C)(C)CC(O)(Cc1cc(Cl)cc(Cl)c1)C(F)(F)F,7.22
200,CCC(Cc1ccc(OC)c(C)c1C)NS(=O)(=O)c1c(C)cc(C)cc1C,7.21
201,COc1ccc(F)cc1C(C)(C)CC(O)(Cc1ccc(Cl)cc1Cl)C(F)(F)F,7.17
202,COc1ccc(F)cc1C(C)(C)CC(O)(Cc1cccc(Cl)c1Cl)C(F)(F)F,7.12
203,COc1ccc(F)cc1C(C)(C)CC(O)(Cc1cccc(C#N)c1)C(F)(F)F,7.09
204,CCC(Cc1ccccc1C)NS(=O)(=O)c1c(C)cc(C)cc1C,7.08
205,CCC(Cc1cc(C)c(O)c(C)c1)NS(=O)(=O)c1c(C)cc(C)cc1C,7.485
206,COc1ccc(F)cc1C(C)(C)C[C@@](O)(Cc1ccc(Cl)cc1)C(F)(F)F,7.0
207,Cc1ccc2c(NCC(O)(CC(C)(C)c3cc(F)ccc3O)C(F)(F)F)cccc2n1,8.24
208,CC(C)(CC(O)(CNc1cccc2c(=O)[nH]ccc12)C(F)(F)F)c1cccc(F)c1O,8.25
209,CC(C)(CC(O)(CNc1cccc2ccccc12)C(F)(F)F)c1cc(F)ccc1O,7.8
210,Cc1cc(C)c(S(=O)(=O)N[C@@H](C)CNc2ccc(C)c3ncccc23)c(C)c1,7.75
211,Cc1cc(C)c(S(=O)(=O)N[C@@H](C)COc2cccc3cnccc23)c(C)c1,7.75
212,CC(C)(CC(O)(CNc1cccc2ncccc12)C(F)(F)F)c1cc(F)ccc1O,8.3
213,COc1ccc(F)cc1C(C)(C)CC(O)(CNc1cccc2ncccc12)C(F)(F)F,7.65
214,COc1ccc(F)cc1C(C)(C)CC(O)(CNc1cccc2nc(C)ccc12)C(F)(F)F,8.5
215,Cc1cc(C)c(S(=O)(=O)N[C@@H](C)CNc2cccc3ncccc23)c(C)c1,7.12
216,C[C@@H](COc1cccc2ncccc12)NS(=O)(=O)c1c(Cl)cc(Cl)cc1Cl,7.1
217,CC[C@@H]1C[C@](O)(C(F)(F)F)[C@@H](Nc2cccc3nc(C)ccc23)c2ccc(F)c(O)c21,8.1
218,CC1(C)C[C@](O)(C(F)(F)F)[C@@H](Nc2cccc3c(=O)[nH]ccc23)c2ccc(F)c(O)c21,8.0
219,CC[C@@H]1C[C@](O)(C(F)(F)F)[C@@H](Nc2cccc3[nH]c(=O)ccc23)c2cc(F)c(F)c(O)c21,8.108
220,CC[C@@H]1C[C@](O)(C(F)(F)F)[C@@H](Nc2cc(F)cc3nc(C)ncc23)c2ccc(F)c(O)c21,8.0
221,CC1(C)C[C@](O)(C(F)(F)F)[C@@H](Nc2cccc3[nH]c(=O)ccc23)c2ccc(F)c(O)c21,7.75
222,Cc1ccc2c(N[C@H]3c4ccc(F)c(O)c4[C@H](C)C[C@]3(O)C(F)(F)F)cccc2n1,7.65
223,Cc1ncc2c(N[C@H]3c4ccc(F)c(O)c4C(C)(C)C[C@]3(O)C(F)(F)F)cc(F)cc2n1,7.4
224,CC(C)(CC(O)(Cn1ccc(=O)c2ccccc21)C(F)(F)F)c1ccc(F)cc1O,8.52
225,COc1ccc(F)cc1C(C)(C)CC(O)(CN1CCC(=O)c2ccccc21)C(F)(F)F,8.4
226,CC(C)(CC(O)(Cn1ccc(=O)c2ccccc21)C(F)(F)F)c1cc(F)ccc1O,8.3
227,CC(C)(CC(O)(Cn1ccc(=O)c2ccccc21)C(F)(F)F)c1ccccc1O,8.22
228,Cc1ccc(O)c(C(C)(C)CC(O)(Cn2ccc(=O)c3ccccc32)C(F)(F)F)c1,8.1
229,COc1ccc(F)cc1C(C)(C)CC(O)(Cn1ccc(=O)c2ccccc21)C(F)(F)F,8.0
230,Cc1ccc(F)cc1C(C)(C)CC(O)(Cn1ccc(=O)c2ccccc21)C(F)(F)F,8.0
231,CCC(Cc1cccc2ccccc12)NS(=O)(=O)c1c(C)cc(C)cc1C,8.0
232,COc1ccc(C)c(C(C)(C)CC(O)(Cn2ccc(=O)c3ccccc32)C(F)(F)F)c1,7.96
233,COc1ccc(F)cc1C(C)(C)CC(O)(CN1CCOc2ccccc21)C(F)(F)F,7.82
234,COc1ccc(F)cc1C(C)(C)CC(O)(Cc1ccc(C#N)c2ccccc12)C(F)(F)F,7.68
235,Cc1ccccc1C(C)(C)CC(O)(Cn1ccc(=O)c2ccccc21)C(F)(F)F,7.66
236,CCC(Cc1ccc(O)c2ccccc12)NS(=O)(=O)c1c(C)cc(C)cc1C,8.08
237,CC(C)(CC(O)(Cn1ccc(=O)c2ccccc21)C(F)(F)F)c1ccccc1,7.55
238,COc1ccc(F)cc1C(C)(C)CC(O)(Cn1ccc(=O)c2cnccc21)C(F)(F)F,7.47
239,Cc1ccc(F)cc1C(C)(C)CC(O)(Cn1ccc(=O)c2cnccc21)C(F)(F)F,7.32
240,COc1ccc(F)cc1C(C)(C)CC(O)(Cc1ccc(C)c2ccccc12)C(F)(F)F,7.24
241,COc1ccc(F)cc1C(C)(C)CC(O)(Cc1c(C)ccc2ccccc12)C(F)(F)F,7.19
242,COc1ccc(F)cc1C(C)(C)CC(O)(Cn1ccc(=O)c2ncccc21)C(F)(F)F,7.11
243,CCN(CC(O)(CNc1cc(C)cc2c1cnn2-c1ccc(F)cc1)C(F)(F)F)C(=O)c1ccccc1F,9.7
244,CCN(CC(O)(CNc1cc(C)cc2c1cnn2-c1ccccc1)C(F)(F)F)C(=O)c1ccccc1F,9.6
245,CCN(CC(O)(CNc1cccc2c1cnn2-c1ccc(F)cc1)C(F)(F)F)C(=O)c1ccccc1Cl,9.6
246,CCN(CC(O)(CNc1cccc2c1cnn2-c1ccccc1)C(F)(F)F)C(=O)c1ccccc1F,9.5
247,CCN(CC(O)(CNc1cccc2c1cnn2-c1ccc(F)cc1)C(F)(F)F)C(=O)c1ccccc1C,9.5
248,CCN(CC(O)(CNc1cccc2c1cnn2-c1ccc(F)cc1)C(F)(F)F)C(=O)c1c(F)cccc1F,9.5
249,CCN(CC(O)(CNc1cc(C)cc2c1cnn2-c1ccccc1)C(F)(F)F)C(=O)c1ccccc1,9.4
250,CCN(CC(O)(CNc1cc(C)cc2c1cnn2-c1ccc(F)cc1)C(F)(F)F)C(=O)c1ccccc1,9.4
251,CCN(CC(O)(CNc1cccc2c1cnn2-c1ccc(F)cc1)C(F)(F)F)C(=O)c1c(C)cccc1C,9.3
252,CCN(CC(O)(CNc1cccc2c1cnn2-c1ccc(F)cc1)C(F)(F)F)C(=O)c1ccccc1,9.1
253,CCN(CC(O)(CNc1cccc2c1cnn2-c1ccccc1)C(F)(F)F)C(=O)c1ccccc1,9.1
254,CCN(CC(O)(CNc1cccc2c1cnn2-c1ccccc1)C(F)(F)F)S(=O)(=O)c1ccccc1,8.6
255,CCCN(CC(O)(CNc1cccc2c1cnn2-c1ccccc1)C(F)(F)F)C(=O)c1ccccc1,8.5
256,CN(CC(O)(CNc1cccc2c1cnn2-c1ccccc1)C(F)(F)F)C(=O)c1ccccc1,8.3
257,CCN(CC(O)(CNc1cccc2c1cnn2-c1ccccc1)C(F)(F)F)S(=O)(=O)c1ccc(F)cc1,8.1
258,CCN(CC(O)(CNc1cccc2c1cnn2-c1ccc(F)cc1)C(F)(F)F)C(=O)c1c(Cl)cccc1Cl,9.33333333333333
259,CCN(C[C@](O)(CNc1cccc2c1cnn2-c1ccc(F)cc1)C(F)(F)F)C(=O)c1c(Cl)cccc1Cl,9.133333333333331
260,CCN(CC(O)(CNc1nc(C)nc2c1cnn2-c1ccccc1)C(F)(F)F)S(=O)(=O)c1ccc(F)cc1,7.6
261,CCN(CC(O)(CNc1cccc2c1cnn2-c1ccc(F)cc1)C(F)(F)F)C(=O)c1ccccc1F,9.033333333333331
262,CC(C)(CC(O)(Cc1cc2ccncc2[nH]1)C(F)(F)F)c1cc(-c2cccnc2)ccc1O,7.91
263,COc1ccc(-c2cncnc2)cc1C(C)(C)C[C@@](O)(Cc1cc2ccncc2[nH]1)C(F)(F)F,7.9
264,COc1ccc(-c2ccncc2)cc1C(C)(C)CC(O)(Cc1cc2ccncc2[nH]1)C(F)(F)F,7.81
265,CC(C)(CC(O)(Cc1cc2ccncc2[nH]1)C(F)(F)F)c1cc(-c2ccccc2)ccc1O,7.703333333333333
266,COc1ccc(-c2ccccc2)cc1C(C)(C)CC(O)(Cc1cc2ccncc2[nH]1)C(F)(F)F,7.66
267,CC(C)(CC(O)(Cc1cc2ccncc2[nH]1)C(F)(F)F)c1cc(-c2cncnc2)ccc1O,7.7
268,COc1ccc(-c2cncnc2)cc1C(C)(C)CC(O)(Cc1cc2ccncc2[nH]1)C(F)(F)F,7.435
269,Cc1noc(=O)c2ccc(NC(=O)C(O)(CC(C)(C)c3cc(F)ccc3O)C(F)(F)F)cc12,8.05
270,COc1ccc(F)cc1C(C)(C)CC(O)(C(=O)Nc1ccc2c(=O)onc(C)c2c1)C(F)(F)F,8.55
271,COc1ccc(F)cc1C(C)(C)CC(O)(CNc1ccc2c(=O)onc(C)c2c1)C(F)(F)F,8.0
272,C[C@]12C=CC(=O)C=C1CC[C@@H]1[C@@H]2[C@@H](O)C[C@@]2(C)[C@H]1CC[C@]2(OC(=O)c1ccco1)C(=O)CSc1nccc2ccccc12,8.68
273,C[C@]12CCC(=O)C=C1CC[C@@H]1[C@@H]2[C@@H](O)C[C@@]2(C)[C@H]1CC[C@]2(OC(=O)c1ccco1)C(=O)CSc1nccc2ccccc12,7.8
274,COc1cc(C(=O)c2cccc(C)c2)c(Oc2c(Br)cc(CC(=O)O)cc2Br)cc1C(C)C,7.71
