0,C[C@]12Cc3cnn(-c4ccc(F)cc4)c3C=C1CCC[C@@H]2[C@H](O)c1csc2ccccc12,8.82
1,C[C@]12Cc3cnn(-c4ccc(F)cc4)c3C=C1CCC[C@@H]2[C@@H](O)c1csc2ccccc12,8.29
2,CC1(C)Nc2c(cc(-c3cccc4nccn34)c3c2CCC3)C(C)(C)C1=O,7.68
3,CC1(C)Nc2c(cc(-c3cccn4nccc34)c3c2CCC3)C(C)(C)C1=O,7.08
4,CC1(C)Nc2c(cc(-c3cccc4nncn34)c3c2CCC3)C(C)(C)C1=O,7.04
5,CC1(C)Nc2c(cc(-c3cncc4nccn34)c3c2CCC3)C(C)(C)C1=O,7.03
6,CC#C[C@]1(O)CC[C@H]2[C@@H]3CCC4=CC(=O)CCC4=C3[C@@H](c3ccc(OC)c(C)c3)C[C@@]21C,9.48
7,C=CCOc1ccc([C@H]2C[C@@]3(C)[C@@H](CC[C@@]3(O)C#CC)[C@@H]3CCC4=CC(=O)CCC4=C32)cc1Cl,8.865
8,CC#C[C@]1(O)CC[C@H]2[C@@H]3CCC4=CC(=O)CCC4=C3[C@@H](c3cc(C)c(OC)c(C)c3)C[C@@]21C,8.975
9,CC#C[C@]1(O)CC[C@H]2[C@@H]3CCC4=CC(=O)CCC4=C3[C@@H](c3ccc(SC)cc3)C[C@@]21C,8.98
10,CC#C[C@]1(O)CC[C@H]2[C@@H]3CCC4=CC(=O)CCC4=C3[C@@H](c3c(F)cc(OC)cc3F)C[C@@]21C,8.575
11,CC#C[C@]1(O)CC[C@H]2[C@@H]3CCC4=CC(=O)CCC4=C3[C@@H](c3ccc(OC)cc3)C[C@@]21C,8.585
12,CC#C[C@]1(O)CC[C@H]2[C@@H]3CCC4=CC(=O)CCC4=C3[C@@H](c3ccc(N(C)C)cc3)C[C@@]21C,8.450416666666666
13,C=CCOc1c(C)cc([C@H]2C[C@@]3(C)[C@@H](CC[C@@]3(O)C#CC)[C@@H]3CCC4=CC(=O)CCC4=C32)cc1Cl,8.25
14,CC#C[C@]1(O)CC[C@H]2[C@@H]3CCC4=CC(=O)CCC4=C3[C@@H](c3ccc(C(C)C)cc3)C[C@@]21C,8.71
15,CC#C[C@]1(O)CC[C@H]2[C@@H]3CCC4=CC(=O)CCC4=C3[C@@H](c3cc(F)c(OC)cc3F)C[C@@]21C,8.155
16,CC#C[C@]1(O)CC[C@H]2[C@@H]3CCC4=CC(=O)CCC4=C3[C@@H](c3ccc(O)c(C)c3)C[C@@]21C,7.945
17,CC#C[C@]1(O)CCC2C3CCC4CC(=O)CCC4=C3C(c3ccc(N(C)C)cc3)C[C@@]21C,8.3
18,CN(C)c1ccc([C@H]2C[C@@]3(C)[C@@H](CC[C@@]3(O)C#CC(C)(C)C)[C@@H]3CCC4=CC(=O)CC[C@@H]4[C@H]32)cc1,8.25
19,CC(C)N(C)c1ccc([C@H]2C[C@@]3(C)[C@@H](CC[C@@]3(O)C#CC(C)(C)C)[C@@H]3CCC4=CC(=O)CC[C@@H]4[C@H]32)cc1,7.798
20,CC#C[C@]1(O)CC[C@H]2[C@@H]3CCC4=CC(=O)CCC4=C3[C@@H](c3c(F)cc(OC)cc3OC)C[C@@]21C,7.79
21,CC#C[C@]1(O)CC[C@H]2[C@@H]3CCC4=CC(=O)CCC4=C3[C@@H](c3ccc(N(C)C[C@@H](O)C[C@@H](O)CC(=O)O)cc3)C[C@@]21C,7.96
22,CCC#C[C@]1(O)CC[C@H]2[C@@H]3CCC4=CC(=O)CCC4=C3[C@@H](c3ccc(N(C)C)cc3)C[C@@]21C,8.07
23,CC#C[C@]1(O)CC[C@H]2[C@@H]3CCC4=CC(=O)CCC4=C3[C@@H](c3ccc(OC)cc3C)C[C@@]21C,7.775
24,CC#C[C@]1(O)CC[C@H]2[C@@H]3CCC4=CC(=O)CCC4=C3[C@@H](c3ccc(OC[C@@H](O)C[C@@H](O)CC(=O)O)cc3)C[C@@]21C,8.04
25,CC#C[C@]1(O)CC[C@H]2[C@@H]3CCC4=CC(=O)CCC4=C3[C@@H](c3ccc(P(C)(C)=O)cc3)C[C@@]21C,8.0
26,CN(C)c1ccc([C@H]2C[C@@]3(C)[C@@H](CC[C@@]3(O)C#CC(F)(F)F)[C@@H]3CCC4=CC(=O)CCC4=C32)cc1,7.95
27,CN(C)c1cc(F)c([C@H]2C[C@@]3(C)[C@@H](CC[C@@]3(O)C#CC(C)(C)C)[C@@H]3CCC4=CC(=O)CCC4=C32)c(F)c1,7.91
28,CCC(C)(C)C#C[C@]1(O)CC[C@H]2[C@@H]3CCC4=CC(=O)CC[C@@H]4[C@H]3[C@@H](c3ccc(N(C)C)cc3)C[C@@]21C,7.9
29,CCN(CC)c1ccc([C@H]2C[C@@]3(C)[C@@H](CC[C@@]3(O)C#CC(C)(C)C)[C@@H]3CCC4=CC(=O)CC[C@@H]4[C@H]32)cc1,7.86
30,CC#C[C@]1(O)CC[C@H]2[C@@H]3CCC4=CC(=O)CCC4=C3[C@@H](c3ccccc3)C[C@@]21C,7.85
31,CN(C)c1ccc([C@H]2C[C@@]3(C)[C@@H](CC[C@@]3(O)C#CC(C)(C)C)[C@@H]3CCC4=CC(=O)CCC4=C32)cc1,8.02
32,COC(C)(C)C#C[C@]1(O)CC[C@H]2[C@@H]3CCC4=CC(=O)CC[C@@H]4[C@H]3[C@@H](c3ccc(N(C)C)cc3)C[C@@]21C,7.84
33,CC(C)c1ccc([C@H]2C[C@@]3(C)[C@@H](CC[C@@]3(O)C#CC(C)(C)C)[C@@H]3CCC4=CC(=O)CCC4=C32)cc1,7.8
34,Cc1ccc([C@H]2C[C@@]3(C)[C@@H](CC[C@@]3(O)C#CC(C)(C)C)[C@@H]3CCC4=CC(=O)CCC4=C32)cc1,7.79
35,COc1ccc([C@H]2C[C@@]3(C)[C@@H](CC[C@@]3(O)C#CC(C)(C)C)[C@@H]3CCC4=CC(=O)CCC4=C32)cc1,7.78
36,CCc1ccc([C@H]2C[C@@]3(C)[C@@H](CC[C@@]3(O)C#CC(C)(C)C)[C@@H]3CCC4=CC(=O)CCC4=C32)cc1,7.76
37,CC#C[C@]1(O)CC[C@H]2[C@@H]3CCC4=CC(=O)CCC4=C3[C@@H](C3CCCCC3)C[C@@]21C,7.74
38,CC#C[C@]1(O)CC[C@H]2[C@@H]3CCC4=CC(=O)CC[C@]4(C)[C@H]3[C@@H](c3ccc(N(C)C(C)C)cc3)C[C@@]21C,7.69
39,CC(C)C#C[C@]1(O)CC[C@H]2[C@@H]3CCC4=CC(=O)CCC4=C3[C@@H](c3ccc(N(C)C)cc3)C[C@@]21C,7.58
40,CN(C)c1ccc([C@H]2C[C@]3(C)[C@@H](CC[C@]3(O)CCCO)[C@@H]3CCC4=CC(=O)CCC4=C32)cc1,7.57
41,Cc1cc([C@H]2C[C@@]3(C)[C@@H](CC[C@@]3(O)C#CC(C)(C)C)[C@@H]3CCC4=CC(=O)CCC4=C32)ccc1N(C)C,7.55
42,CC#C[C@]1(O)CC[C@H]2[C@@H]3CCC4=CC(=O)CC[C@]4(C)[C@H]3[C@@H](c3ccc(N(C)C)cc3)C[C@@]21C,7.803333333333333
43,CCCC[C@]1(O)CC[C@H]2[C@@H]3CCC4=CC(=O)CCC4=C3[C@@H](c3ccc(N(C)C)cc3)C[C@@]21C,7.5
44,CN(C)c1ccc([C@H]2C[C@@]3(C)[C@@H](CC[C@@]3(O)C#CC(C)(C)C)[C@@H]3CCC4=CC(=O)CC[C@]4(C)[C@H]32)cc1,7.47
45,CC#C[C@]1(O)CC[C@H]2[C@@H]3CCC4=CC(=O)CCC4=C3[C@@H](c3ccc(N(C)C[C@@H](O)CC(=O)O)cc3)C[C@@]21C,7.275
46,CN(C)c1c(F)cc([C@H]2C[C@@]3(C)[C@@H](CC[C@@]3(O)C#CC(C)(C)C)[C@@H]3CCC4=CC(=O)CCC4=C32)cc1F,7.37
47,CC(C)N(C)c1ccc([C@H]2C[C@@]3(C)[C@@H](CC[C@@]3(O)C#CC(C)(C)C)[C@@H]3CCC4=CC(=O)CCC4=C32)cc1,7.37
48,CN(C)c1ccc([C@H]2C[C@@]3(C)[C@@H](CC[C@@]3(O)C#CC(F)(F)F)[C@@H]3CCC4=CC(=O)CC[C@]4(C)[C@H]32)cc1,7.33
49,COc1cc([C@H]2C[C@@]3(C)[C@@H](CC[C@@]3(O)C#CC(C)(C)C)[C@@H]3CCC4=CC(=O)CCC4=C32)ccc1N(C)C,7.32
50,CC#C[C@]1(O)CC[C@H]2[C@@H]3CCC4=CC(=O)CC[C@]4(C)[C@H]3[C@@H](c3ccc(N(C)CCOC)cc3)C[C@@]21C,7.28
51,CN(C)c1ccc([C@H]2C[C@@]3(C)[C@@H](CC[C@@]3(O)C#CC(F)(F)F)[C@@H]3OCC4=CC(=O)CCC4=C32)cc1,7.26
52,CC#C[C@]1(O)CC[C@H]2[C@@H]3CCC4=CC(=O)CC[C@]4(C)[C@H]3[C@@H](c3ccc(OC)cc3)C[C@@]21C,7.23
53,CC#C[C@]1(O)CC[C@H]2[C@@H]3CCC4=CC(=O)CCC4=C3[C@@H](c3cc(OC)c(OC)c(OC)c3)C[C@@]21C,7.22
54,CC(C)C#C[C@]1(O)CC[C@H]2[C@@H]3CCC4=CC(=O)CC[C@]4(C)[C@H]3[C@@H](c3ccc(N(C)C)cc3)C[C@@]21C,7.21
55,CC#C[C@]1(O)CC[C@H]2[C@@H]3CCC4=CC(=O)CCC4=C3[C@@H](c3cccc(N(C)C)c3)C[C@@]21C,7.19
56,CCC#C[C@]1(O)CC[C@H]2[C@@H]3CCC4=CC(=O)CC[C@]4(C)[C@H]3[C@@H](c3ccc(N(C)C)cc3)C[C@@]21C,7.13
57,COC[C@]1(OC)CC[C@H]2[C@@H]3CCC4=CC(=O)CCC4=C3[C@@H](c3ccc(/C=N/O)cc3)C[C@@]21C,7.07
58,CC#C[C@]1(O)CC[C@H]2[C@@H]3OCC4=CC(=O)CCC4=C3[C@@H](c3ccc(N(C)C)cc3)C[C@@]21C,7.06
59,CC(C)(C)C#C[C@]1(O)CC[C@H]2[C@@H]3CCC4=CC(=O)CCC4=C3[C@@H](c3ccc(N4CCCC4)cc3)C[C@@]21C,7.71
60,CC#C[C@]1(O)CC[C@H]2[C@@H]3CCC4=CC(=O)CC[C@]4(C)[C@H]3[C@@H](c3ccc(-n4cccc4)cc3)C[C@@]21C,7.28
61,CC#C[C@]1(O)CC[C@H]2[C@@H]3CCC4=CC(=O)CC[C@]4(C)[C@H]3[C@@H](c3ccc(N4CCCC4)cc3)C[C@@]21C,7.24
62,CC(C)(C)C#C[C@]1(O)CC[C@H]2[C@@H]3CCC4=CC(=O)CCC4=C3[C@@H](c3ccc(C4(C)COC4)cc3)C[C@@]21C,8.02
63,CC1(C)O[C@@H]2C[C@H]3[C@@H]4CCC5=CC(=O)CC[C@]5(C)[C@@]4(F)[C@@H](O)C[C@]3(C)[C@]2(C(=O)CCl)O1,8.79
64,CC1(C)O[C@@H]2C[C@H]3[C@@H]4C[C@H](F)C5=CC(=O)C=C[C@]5(C)[C@@]4(F)[C@@H](O)C[C@]3(C)[C@]2(C(=O)CO)O1,8.5
65,CC1(C)O[C@@H]2C[C@H]3[C@@H]4CCC5=CC(=O)C=C[C@]5(C)[C@@]4(F)[C@@H](O)C[C@]3(C)[C@]2(C(=O)CO)O1,8.36
66,CC1(C)O[C@@H]2C[C@H]3[C@@H]4C[C@H](F)C5=CC(=O)CC[C@]5(C)[C@H]4[C@@H](O)C[C@]3(C)[C@]2(C(=O)CO)O1,8.35
67,CCCC1O[C@@H]2C[C@H]3[C@@H]4CCC5=CC(=O)C=C[C@]5(C)[C@H]4[C@@H](O)C[C@]3(C)[C@]2(C(=O)CO)O1,8.7175
68,CC(=O)OCC(=O)[C@@]12OC(C)(C)O[C@@H]1C[C@H]1[C@@H]3C[C@H](F)C4=CC(=O)C=C[C@]4(C)[C@@]3(F)[C@@H](O)C[C@@]12C,8.28
69,CC1(C)O[C@@H]2C[C@H]3[C@@H]4C[C@H](F)C5=CC(=O)C=C[C@]5(C)[C@H]4[C@@H](O)C[C@]3(C)[C@]2(C(=O)CO)O1,8.27
70,CC#C[C@]1(O)CC[C@H]2[C@@H]3CCc4cc(C(=O)Nc5cccnc5C)ccc4[C@H]3[C@@H](OCc3ccc(Cl)cc3)C[C@@]21C,10.15
71,CC#C[C@]1(O)CC[C@H]2[C@@H]3CCc4cc(C(=O)Nc5cccnc5C)ccc4[C@H]3[C@@H](OCc3ccccc3)C[C@@]21C,9.4
72,CC#C[C@]1(O)CC[C@H]2[C@@H]3CCc4cc(C(=O)Nc5cccnc5C)ccc4[C@H]3[C@@H](OCc3cccc(Cl)c3)C[C@@]21C,9.05
73,CC#C[C@]1(O)CC[C@H]2[C@@H]3CCc4cc(C(=O)Nc5cccnc5C)ccc4[C@H]3[C@@H](OCc3ccccc3Cl)C[C@@]21C,8.85
74,CS(=O)(=O)Nc1ccc2c(c1)C(c1ccccc1)Oc1cccc(OC(F)F)c1-2,7.97
75,COc1cccc2c1-c1ccc(NS(C)(=O)=O)cc1C(c1cccc(Cl)c1)O2,8.52
76,COc1cccc2c1-c1ccc(NS(C)(=O)=O)cc1C(c1cccc(F)c1)O2,7.82
77,COc1cccc2c1-c1ccc(NS(C)(=O)=O)cc1C(c1ccc(Cl)c(Cl)c1)O2,8.52
78,COc1cccc(C2Oc3cccc(OC)c3-c3ccc(NS(C)(=O)=O)cc32)c1,8.22
79,COc1cccc2c1-c1ccc(NS(C)(=O)=O)cc1C(c1ccc(C)cc1)O2,8.15
80,COc1cccc2c1-c1ccc(NS(C)(=O)=O)cc1C(c1ccc(Cl)cc1)O2,8.0
81,COc1cccc2c1-c1ccc(NS(C)(=O)=O)cc1C(c1ccccc1)O2,7.39
82,COc1cccc2c1-c1ccc(NS(C)(=O)=O)cc1C(c1cccc(C)c1)O2,8.34
83,CNc1cccc(C2Oc3cccc(OC)c3-c3ccc(NS(C)(=O)=O)cc32)c1,7.64
84,COc1cccc2c1-c1ccc(NS(C)(=O)=O)cc1C(c1ccc(F)cc1)O2,7.54
85,CCOC(=O)c1cccc(C2Oc3cccc(OC)c3-c3ccc(NS(C)(=O)=O)cc32)c1,7.51
86,COc1cccc2c1-c1ccc(NS(=O)(=O)N(C)C)cc1C(c1ccccc1)O2,7.39
87,COc1cccc2c1-c1ccc(NS(C)(=O)=O)cc1C(C1CCCCC1)O2,7.33
88,CCOC(=O)c1ccc(C2Oc3cccc(OC)c3-c3ccc(NS(C)(=O)=O)cc32)cc1,7.21
89,CCS(=O)(=O)Nc1ccc2c(c1)C(c1ccccc1)Oc1cccc(OC)c1-2,7.21
90,COc1cccc2c1-c1ccc(NC(C)=O)cc1C(c1ccccc1)O2,7.16
91,COc1cccc2c1-c1ccc(NS(C)(=O)=O)cc1C(c1cc(C)cc(C)c1)O2,7.905
92,CCOc1cccc2c1-c1ccc(NS(C)(=O)=O)cc1C(c1ccccc1)O2,7.09
93,CN(C)c1ccc([C@H]2C[C@@]3(C)[C@@H](CC[C@@]3(O)C#Cc3ccsc3)[C@@H]3OCC4=CC(=O)CCC4=C32)cc1,7.25
94,CC#C[C@]1(O)CC[C@H]2[C@@H]3CCC4=CC(=O)CCC4=C3[C@@H](c3ccc(N(C)C[C@@H]4C[C@@H](O)CC(=O)O4)cc3)C[C@@]21C,8.14
95,COc1cccc2c1-c1ccc3c(c1[C@H]([C@@H]1C=C(C)CCC1)O2)C(C)=CC(C)(C)N3,8.24
96,COc1cccc2c1-c1ccc3c(c1C(c1cccc(OCSC)c1)O2)C(C)=CC(C)(C)N3,8.083333333333332
97,COc1cccc2c1-c1ccc3c(c1C(c1cccc(OC(=O)N(C)C)c1)O2)C(C)=CC(C)(C)N3,7.906666666666665
98,COc1cccc2c1-c1ccc3c(c1C(C1C=CCCC1)O2)C(C)=CC(C)(C)N3,7.785
99,COc1cccc2c1-c1ccc3c(c1C(C1C=C(C)CCC1)O2)C(C)=CC(C)(C)N3,7.985
100,COc1cccc2c1-c1ccc3c(c1C(c1cc(Cl)cc(Cl)c1)O2)C(C)=CC(C)(C)N3,7.953333333333333
101,COc1cccc2c1-c1ccc3c(c1C(c1cc(C)cc(C)c1)O2)C(C)=CC(C)(C)N3,7.803333333333333
102,COCOc1cccc(C2Oc3cccc(OC)c3-c3ccc4c(c32)C(C)=CC(C)(C)N4)c1,7.5
103,COc1cccc2c1-c1ccc3c(c1C(c1cc(C)cc(Br)c1)O2)C(C)=CC(C)(C)N3,7.7366666666666655
104,CC1=C[C@@H]([C@@H]2Oc3c(F)cc(F)cc3-c3ccc4c(c32)C(C)=CC(C)(C)N4)CCC1,7.47
105,COc1cccc2c1-c1ccc3c(c1[C@H]([C@H]1C=C(C)CCC1)O2)C(C)=CC(C)(C)N3,7.56
106,COc1cccc2c1-c1ccc3c(c1C(c1cccc(C(F)(F)F)c1)O2)C(C)=CC(C)(C)N3,7.366666666666665
107,COc1cccc2c1-c1ccc3c(c1C(c1ccccc1)O2)C(C)=CC(C)(C)N3,7.405
108,COc1cccc2c1-c1ccc3c(c1C(c1cc(F)cc(F)c1)O2)C(C)=CC(C)(C)N3,7.815
109,CC1=CC(C)(C)Nc2ccc3c(c21)C(c1ccc(Cl)c(Cl)c1)Oc1ccccc1-3,7.1
110,COc1cccc2c1-c1ccc3c(c1C(C1C=CCC1)O2)C(C)=CC(C)(C)N3,7.92
111,CC#C[C@]1(O)CC[C@H]2[C@@H]3CCC4=CC(=O)CCC4=C3[C@@H](c3ccc(-c4ccc(OC)cc4)cc3)C[C@@]21C,8.765
112,CC(C)(C)C#C[C@]1(O)CC[C@H]2[C@@H]3CCC4=CC(=O)CC[C@@H]4[C@H]3[C@@H](c3ccc(N4CCOCC4)cc3)C[C@@]21C,7.99
113,CC(C)(C)C#C[C@]1(O)CC[C@H]2[C@@H]3CCC4=CC(=O)CC[C@@H]4[C@H]3[C@@H](c3ccc(N4CCN(S(C)(=O)=O)CC4)cc3)C[C@@]21C,7.91
114,CC(C)(C)C#C[C@]1(O)CC[C@H]2[C@@H]3CCC4=CC(=O)CCC4=C3[C@@H](c3ccc(N4CCOCC4)cc3)C[C@@]21C,7.88
115,CC(C)(C)C#C[C@]1(O)CC[C@H]2[C@@H]3CCC4=CC(=O)CCC4=C3[C@@H](c3ccc(N4CCS(=O)(=O)CC4)cc3)C[C@@]21C,7.78
116,CN1CCN(c2ccc([C@H]3C[C@@]4(C)[C@@H](CC[C@@]4(O)C#CC(C)(C)C)[C@@H]4CCC5=CC(=O)CC[C@@H]5[C@H]43)cc2)CC1,7.45
117,Cc1ccc(C#C[C@]2(O)CC[C@H]3[C@@H]4OCC5=CC(=O)CCC5=C4[C@@H](c4ccc(N(C)C)cc4)C[C@@]32C)cc1,7.66
118,CN(C)c1ccc([C@H]2C[C@@]3(C)[C@@H](CC[C@@]3(O)C#Cc3ccc(Br)cc3)[C@@H]3OCC4=CC(=O)CCC4=C32)cc1,7.5
119,CN(C)c1ccc([C@H]2C[C@@]3(C)[C@@H](CC[C@@]3(O)C#Cc3cc(F)cc(F)c3)[C@@H]3OCC4=CC(=O)CCC4=C32)cc1,7.46
120,Cc1cccc(C#C[C@]2(O)CC[C@H]3[C@@H]4OCC5=CC(=O)CCC5=C4[C@@H](c4ccc(N(C)C)cc4)C[C@@]32C)c1,7.44
121,CN(C)c1ccc([C@H]2C[C@@]3(C)[C@@H](CC[C@@]3(O)C#Cc3ccc(F)cc3)[C@@H]3OCC4=CC(=O)CCC4=C32)cc1,7.42
122,CN(C)c1ccc([C@H]2C[C@@]3(C)[C@@H](CC[C@@]3(O)C#Cc3ccc(C#N)cc3)[C@@H]3OCC4=CC(=O)CCC4=C32)cc1,7.38
123,CN(C)c1ccc([C@H]2C[C@@]3(C)[C@@H](CC[C@@]3(O)C#Cc3ccc(Cl)cc3)[C@@H]3OCC4=CC(=O)CCC4=C32)cc1,7.36
124,CN(C)c1ccc([C@H]2C[C@@]3(C)[C@@H](CC[C@@]3(O)C#Cc3cccc(C(F)(F)F)c3)[C@@H]3OCC4=CC(=O)CCC4=C32)cc1,7.34
125,CN(C)c1ccc([C@H]2C[C@@]3(C)[C@@H](CC[C@@]3(O)C#Cc3cccc(Cl)c3)[C@@H]3OCC4=CC(=O)CCC4=C32)cc1,7.31
126,CN(C)c1ccc([C@H]2C[C@@]3(C)[C@@H](CC[C@@]3(O)C#Cc3ccccc3C(F)(F)F)[C@@H]3OCC4=CC(=O)CCC4=C32)cc1,7.29
127,CN(C)c1ccc([C@H]2C[C@@]3(C)[C@@H](CC[C@@]3(O)C#Cc3cccc(F)c3)[C@@H]3OCC4=CC(=O)CCC4=C32)cc1,7.25
128,CN(C)c1ccc([C@H]2C[C@@]3(C)[C@@H](CC[C@@]3(O)C#Cc3ccccc3Br)[C@@H]3OCC4=CC(=O)CCC4=C32)cc1,7.2
129,CN(C)c1ccc([C@H]2C[C@@]3(C)[C@@H](CC[C@@]3(O)C#Cc3ccccc3Cl)[C@@H]3OCC4=CC(=O)CCC4=C32)cc1,7.19
130,CN(C)c1ccc([C@H]2C[C@@]3(C)[C@@H](CC[C@@]3(O)C#Cc3ccccc3F)[C@@H]3OCC4=CC(=O)CCC4=C32)cc1,7.19
131,CN(C)c1ccc([C@H]2C[C@@]3(C)[C@@H](CC[C@@]3(O)C#Cc3ccc(C(C)(C)C)cc3)[C@@H]3OCC4=CC(=O)CCC4=C32)cc1,7.18
132,COc1ccc(C#C[C@]2(O)CC[C@H]3[C@@H]4OCC5=CC(=O)CCC5=C4[C@@H](c4ccc(N(C)C)cc4)C[C@@]32C)cc1,7.09
133,CC#C[C@]1(O)CC[C@H]2[C@@H]3CCC4=CC(=O)CCC4=C3[C@@H](c3ccc4oc(CC)nc4c3)C[C@@]21C,7.89
134,CC#C[C@]1(O)CC[C@H]2[C@@H]3CCC4=CC(=O)CCC4=C3[C@@H](c3ccc4oc(C)nc4c3)C[C@@]21C,7.64
135,CC#C[C@]1(O)CC[C@H]2[C@@H]3CCC4=CC(=O)CCC4=C3[C@@H](c3ccc4ocnc4c3)C[C@@]21C,7.35
136,CC#C[C@]1(NC=O)CC[C@H]2[C@@H]3CCC4=CC(=O)CCC4=C3[C@@H](c3ccc4ocnc4c3)C[C@@]21C,7.22
137,CC#C[C@]1(O)CC[C@H]2[C@@H]3CCC4=CC(=O)CCC4=C3[C@@H](c3ccc4oc(C(F)(F)F)nc4c3)C[C@@]21C,7.21
138,COc1c(O)ccc2c1-c1ccc3c(c1/C(=C/c1cccc(-c4cccnc4)c1)O2)C(C)=CC(C)(C)N3,8.795
139,COc1c(O)ccc2c1-c1ccc3c(c1/C(=C/c1cccc(-c4ccccc4)c1)O2)C(C)=CC(C)(C)N3,8.28
140,CC#C[C@]1(O)CC[C@H]2[C@@H]3CCC4=CC(=O)CCC4=C3[C@@H](c3ccc(N(C)CCO[C@H]4CC[C@@]5(C)[C@@H](C4)C[C@@H](O)[C@@H]4[C@@H]5C[C@H](O)[C@]5(C)[C@@H]([C@H](C)CCC(=O)O)CC[C@@H]45)cc3)C[C@@]21C,8.46
141,CC#C[C@]1(O)CC[C@H]2[C@@H]3CCC4=CC(=O)CCC4=C3[C@@H](c3ccc(OCCO[C@H]4CC[C@@]5(C)[C@@H](C4)C[C@@H](O)[C@@H]4[C@@H]5C[C@H](O)[C@]5(C)[C@@H]([C@H](C)CCC(=O)O)CC[C@@H]45)c(C)c3)C[C@@]21C,8.01
142,CC#C[C@]1(O)CC[C@H]2[C@@H]3CCC4=CC(=O)CCC4=C3[C@@H](c3cc(C)c(OCCO[C@H]4CC[C@@]5(C)[C@@H](C4)C[C@@H](O)[C@@H]4[C@@H]5C[C@H](O)[C@]5(C)[C@@H]([C@H](C)CCC(=O)O)CC[C@@H]45)c(C)c3)C[C@@]21C,8.31
143,CSc1ccc([C@H]2OC[C@@]3(C)[C@@H](CC[C@@]3(O)C(F)(F)C(F)(F)F)[C@@H]3CCC4=CC(=O)CCC4=C32)cc1,8.15
144,CC#C[C@]1(O)CC[C@H]2[C@@H]3CCC4=CC(=O)CCC4=C3[C@@H](c3ccc(N(C)C)cc3)OC[C@@]21C,7.77
145,CN(C)c1ccc([C@H]2OC[C@@]3(C)[C@@H](CC[C@@]3(O)C(F)(F)C(F)(F)F)[C@@H]3CCC4=CC(=O)CCC4=C32)cc1,7.7
146,CC#C[C@]1(O)CC[C@H]2[C@@H]3CCC4=CC(=O)CCC4=C3[C@@H](c3ccc(OC)cc3)OC[C@@]21C,7.39
147,C=C(C)[C@]1(O)CC[C@H]2[C@@H]3CCC4=CC(=O)CCC4=C3[C@@H](c3ccc(SC)cc3)OC[C@@]21C,7.24
148,C#C[C@]1(O)CC[C@H]2[C@@H]3CCC4=CC(=O)CCC4=C3[C@@H](c3ccc(N(C)C)cc3)OC[C@@]21C,7.17
149,Cc1noc(C)c1-c1cc2c(c3c1CCC3)NC(C)(C)C(=O)C2(C)C,7.52
150,Cc1noc(C)c1-c1cc2c(c3c1OCO3)NC(C)(C)C(=O)C2(C)C,7.11
151,COc1c(O)ccc2c1-c1ccc3c(c1/C(=C/c1ccc(F)cc1/C=N/O)O2)C(C)=CC(C)(C)N3,8.885
152,COc1c(O)ccc2c1-c1ccc3c(c1/C(=C/c1cccc(C)c1)O2)C(C)=CC(C)(C)N3,9.375
153,COc1c(O)ccc2c1-c1ccc3c(c1/C(=C/c1ccc(O)cc1)O2)C(C)=CC(C)(C)N3,9.2
154,COc1c(O)ccc2c1-c1ccc3c(c1/C(=C/c1ccccc1C)O2)C(C)=CC(C)(C)N3,9.2
155,COCOCc1cc(F)ccc1/C=C1\Oc2ccc(O)c(OC)c2-c2ccc3c(c21)C(C)=CC(C)(C)N3,8.895
156,COc1c(O)ccc2c1-c1ccc3c(c1/C(=C/c1cccc(C)n1)O2)C(C)=CC(C)(C)N3,8.635
157,COc1c(O)ccc2c1-c1ccc3c(c1/C(=C/c1ccccc1F)O2)C(C)=CC(C)(C)N3,8.87
158,COc1c(O)ccc2c1-c1ccc3c(c1/C(=C/c1cccc(OC(F)(F)F)c1)O2)C(C)=CC(C)(C)N3,8.525
159,COc1c(O)ccc2c1-c1ccc3c(c1/C(=C/c1cccc(C(F)(F)F)c1)O2)C(C)=CC(C)(C)N3,8.495
160,COc1c(O)ccc2c1-c1ccc3c(c1/C(=C/c1cccc(C(F)(F)F)c1C)O2)C(C)=CC(C)(C)N3,8.205
161,COc1c(O)ccc2c1-c1ccc3c(c1/C(=C/c1cccc(O)c1)O2)C(C)=CC(C)(C)N3,8.645
162,COc1ccc(/C=C2\Oc3ccc(O)c(OC)c3-c3ccc4c(c32)C(C)=CC(C)(C)N4)cc1,8.0
163,COc1c(O)ccc2c1-c1ccc3c(c1/C(=C/c1ccc(F)cc1C(=O)N(C)C)O2)C(C)=CC(C)(C)N3,8.215
164,COc1c(O)ccc2c1-c1ccc3c(c1/C(=C/c1ccc(Cl)cc1)O2)C(C)=CC(C)(C)N3,7.92
165,COc1c(O)ccc2c1-c1ccc3c(c1/C(=C/c1ccc(C)cc1)O2)C(C)=CC(C)(C)N3,7.87
166,CCc1ccc(/C=C2\Oc3ccc(O)c(OC)c3-c3ccc4c(c32)C(C)=CC(C)(C)N4)cc1,7.77
167,COc1c(O)ccc2c1-c1ccc3c(c1/C(=C/c1ccccc1Cl)O2)C(C)=CC(C)(C)N3,7.685
168,CCc1ccccc1/C=C1\Oc2ccc(F)cc2-c2ccc3c(c21)C(C)=CC(C)(C)N3,7.11
169,CCN(CC)Cc1cc(F)ccc1/C=C1\Oc2ccc(O)c(OC)c2-c2ccc3c(c21)C(C)=CC(C)(C)N3,7.32
170,COc1c(O)ccc2c1-c1ccc3c(c1/C(=C/c1ccc(F)cc1CO)O2)C(C)=CC(C)(C)N3,8.025
171,COc1ccccc1/C=C1\Oc2ccc(F)cc2-c2ccc3c(c21)C(C)=CC(C)(C)N3,7.05
172,COc1c(O)ccc2c1-c1ccc3c(c1/C(=C/c1ccc(OC(F)(F)F)cc1)O2)C(C)=CC(C)(C)N3,7.04
173,CC#C[C@]1(O)CC[C@H]2[C@@H]3CCC4=CC(=O)CCC4=C3[C@@H](c3ccc(Oc4ccccc4)cc3)C[C@@]21C,8.275
174,COc1c(O)ccc2c1-c1ccc3c(c1/C(=C/c1ccc(F)cc1C(=O)N1CCCCC1)O2)C(C)=CC(C)(C)N3,8.72
175,COc1c(O)ccc2c1-c1ccc3c(c1/C(=C/c1ccc(F)cc1S(=O)(=O)N1CCCCC1)O2)C(C)=CC(C)(C)N3,7.92
176,COCc1ccsc1/C=C1\Oc2ccc(O)c(OC)c2-c2ccc3c(c21)C(C)=CC(C)(C)N3,9.7
177,CO/N=C(\C)c1ccsc1/C=C1\Oc2ccc(O)c(OC)c2-c2ccc3c(c21)C(C)=CC(C)(C)N3,9.7
178,COc1c(O)ccc2c1-c1ccc3c(c1/C(=C/c1sccc1CO)O2)C(C)=CC(C)(C)N3,9.7
179,COc1c(O)ccc2c1-c1ccc3c(c1/C(=C/c1sccc1C(C)=O)O2)C(C)=CC(C)(C)N3,9.52
180,CCO/N=C(\C)c1ccsc1/C=C1\Oc2ccc(O)c(OC)c2-c2ccc3c(c21)C(C)=CC(C)(C)N3,9.3
181,COc1c(O)ccc2c1-c1ccc3c(c1/C(=C/c1sccc1C#N)O2)C(C)=CC(C)(C)N3,9.1
182,COc1c(O)ccc2c1-c1ccc3c(c1/C(=C/c1sccc1CNCC(F)(F)F)O2)C(C)=CC(C)(C)N3,9.05
183,COc1c(O)ccc2c1-c1ccc3c(c1/C(=C/c1sccc1COCCO)O2)C(C)=CC(C)(C)N3,9.0
184,COc1c(O)ccc2c1-c1ccc3c(c1/C(=C/c1sccc1/C(C)=N/O)O2)C(C)=CC(C)(C)N3,8.96
185,COC(=O)c1ccsc1/C=C1\Oc2ccc(O)c(OC)c2-c2ccc3c(c21)C(C)=CC(C)(C)N3,8.74
186,COc1c(O)ccc2c1-c1ccc3c(c1/C(=C/c1oc(C)cc1C(=O)N(C)C)O2)C(C)=CC(C)(C)N3,8.465
187,CC/C=C(\C)c1ccsc1/C=C1\Oc2ccc(O)c(OC)c2-c2ccc3c(c21)C(C)=CC(C)(C)N3,8.21
188,CC1=CC(C)(C)Nc2ccc3c(c21)/C(=C/c1ccsc1)Oc1ccc(F)cc1-3,7.0
189,CC1(C)Nc2c(cc(-c3ccnc4ncccc34)c3c2CCC3)C(C)(C)C1=O,7.28
190,CC#C[C@]1(O)CC[C@H]2[C@@H]3CCC4=CC(=O)CC[C@]4(Cc4ccc(C)cc4)C3=CC[C@@]21C,7.995
191,COc1cccc2c1-c1ccc(NS(C)(=O)=O)cc1C(c1cccs1)O2,7.665
192,COc1cccc2c1-c1ccc(NS(C)(=O)=O)cc1C(c1ccsc1)O2,7.665
193,COc1c(O)ccc2c1-c1ccc3c(c1/C(=C/c1cc(F)cc4c1OCOC4)O2)C(C)=CC(C)(C)N3,9.125
194,COc1cccc2c1-c1ccc(NS(C)(=O)=O)cc1C(c1cccc(Oc3ccccc3)c1)O2,7.32
195,COc1c(O)ccc2c1-c1ccc3c(c1/C(=C/c1cccc(-c4ccsc4)c1)O2)C(C)=CC(C)(C)N3,9.075
196,CC#C[C@]1(O)CC[C@H]2[C@@H]3CCC4=CC(=O)CC[C@]4(C)[C@H]3[C@@H](OCc3ccc(Cl)cc3)C[C@@]21C,7.75
197,COc1c(O)ccc2c1-c1ccc3c(c1/C(=C/c1cccc(Oc4ccccc4)c1)O2)C(C)=CC(C)(C)N3,7.925
198,COc1cc(F)ccc1-c1c(Cc2ccccc2)[nH]c2c(NS(C)(=O)=O)cc(C(C)C)cc12,8.12
199,COc1cc([C@@H]2c3cc4c(cc3[C@H](O)[C@H]3COC(=O)[C@H]23)OCO4)cc(OC)c1OC,7.85
200,CN(C)c1ccc([C@H]2C[C@@]3(C)[C@@H](CC[C@@]3(O)C#CC3CC3)[C@@H]3CCC4=CC(=O)CC[C@]4(C)[C@H]32)cc1,7.54
201,CN(C)c1ccc([C@H]2C[C@@]3(C)[C@@H](CC[C@@]3(O)C#CC3CC3)[C@@H]3OCC4=CC(=O)CCC4=C32)cc1,7.48
202,CC#C[C@]1(O)CC[C@H]2[C@@H]3CCC4=CC(=O)CCC4=C3[C@@H](c3ccc(-c4ccc(OCCO[C@H]5CC[C@@]6(C)[C@@H](C5)C[C@@H](O)[C@@H]5[C@@H]6C[C@H](O)[C@]6(C)[C@@H]([C@H](C)CCC(=O)O)CC[C@@H]56)cc4)cc3)C[C@@]21C,8.115
203,CC(=O)O[C@]1(C(C)=O)CCC2C3C=C(Cl)C4=CC(=O)[C@@H]5CC5[C@]4(C)C3CC[C@@]21C,9.05
204,C=C1CCO[C@]12CC[C@H]1[C@@H]3CCC4=CC(=O)CCC4=C3[C@@H](c3ccc(N(C)C)cc3)OC[C@@]12C,7.21
205,COc1c(O)ccc2c1-c1ccc3c(c1/C(=C/c1sccc1C(=O)N1CCCCC1)O2)C(C)=CC(C)(C)N3,8.846666666666666
206,C=C1OC(CC)=N[C@]12CC[C@H]1[C@@H]3CCC4=CC(=O)CCC4=C3[C@@H](c3ccc(N(C)C)cc3)C[C@@]12C,7.64
207,C=C1OC(C)=N[C@]12CC[C@H]1[C@@H]3CCC4=CC(=O)CCC4=C3[C@@H](c3ccc(N(C)C)cc3)C[C@@]12C,7.09
208,COc1c(O)ccc2c1-c1ccc3c(c1/C(=C/c1ccccc1-c1ccccc1)O2)C(C)=CC(C)(C)N3,8.4
209,CC#C[C@]1(O)CC[C@H]2[C@@H]3CCC4=CC(=O)CCC4=C3[C@@H](c3ccc(N(C)CCCC4OC(C(=O)O)C(O)C(O)C4O)cc3)C[C@@]21C,7.78
210,COc1c(O)ccc2c1-c1ccc3c(c1/C(=C/c1ccc(-c4ccccc4)cc1)O2)C(C)=CC(C)(C)N3,7.11
