molregno,stand_type,pchembl_value,stand_value,canonical_smiles,stand_inchi,chembl_id,tid,pref_name,scaffolds_csk,mfp,clusters
0,2135949,IC50,7.18,66.0,CC1CC2=C(C1=O)C(c1ccc(C#N)cc1)NC(=O)N2c1cccc(C(F)(F)F)c1,XVAKYHYZPKKXPJ-UHFFFAOYSA-N,CHEMBL3926578,235,Leukocyte elastase ,C1CCC(C2CCC(C3CCCCC3)C3CCCC23)CC1,<rdkit.DataStructs.cDataStructs.ExplicitBitVect object at 0x7ff2ab7e4f90>,0
1,2108566,IC50,7.7,20.0,Cc1c(-c2cccc(C(F)(F)F)c2)c(=O)c(C(=O)NCc2ccc(CN3CCCC3=O)cc2)cn1C(C)C,GVZLHJFVWYZJOL-UHFFFAOYSA-N,CHEMBL3899195,235,Leukocyte elastase ,C1CCC(C2CCCC(CCCC3CCC(CC4CCCC4)CC3)C2)CC1,<rdkit.DataStructs.cDataStructs.ExplicitBitVect object at 0x7ff2ab79e660>,1
2,2116233,IC50,7.38,42.0,COCCn1cc(C(=O)NCc2ccc(S(C)(=O)=O)cc2)c(=O)c(-c2cccc(C(F)(F)F)c2)c1C,MBIXKVGDRHLSCV-UHFFFAOYSA-N,CHEMBL3906862,235,Leukocyte elastase ,C1CCC(CCCC2CCCC(C3CCCCC3)C2)CC1,<rdkit.DataStructs.cDataStructs.ExplicitBitVect object at 0x7ff2ab79e430>,1
3,2526639,IC50,7.05,89.0,Cc1cccc(C(=O)n2cc(C#N)c3ncccc32)c1,YYSDWURRUMMAIG-UHFFFAOYSA-N,CHEMBL4790048,235,Leukocyte elastase ,C1CCC(CC2CCC3CCCCC32)CC1,<rdkit.DataStructs.cDataStructs.ExplicitBitVect object at 0x7ff2ab79e040>,4
4,2192565,IC50,8.42,3.8,N#Cc1ccc(C2C3=C(CCC3=O)N(c3cccc(C(F)(F)F)c3)C(=O)N2CC(=O)N2CCCCC2)cc1,FFGCQYSSTYWKTM-UHFFFAOYSA-N,CHEMBL3983194,235,Leukocyte elastase ,C1CCC(CCC2CC(C3CCCCC3)C3CCCC3C2C2CCCCC2)CC1,<rdkit.DataStructs.cDataStructs.ExplicitBitVect object at 0x7ff2ab79ef90>,1
5,2159628,IC50,8.96,1.1,CN(Cc1ccon1)C(=O)c1cc(C#N)ccc1C1C2=C(CCC2=O)N(c2cccc(C(F)(F)F)c2)C(=O)N1C,MZFGGIIYEPMXGV-UHFFFAOYSA-N,CHEMBL3950257,235,Leukocyte elastase ,C1CCC(C2CCC(C3CCCCC3CCCC3CCCC3)C3CCCC23)CC1,<rdkit.DataStructs.cDataStructs.ExplicitBitVect object at 0x7ff2ab79e350>,2
6,2129430,IC50,8.52,3.0,CCOC(=O)C1=C(C)N(c2cccc(C(F)(F)F)c2)C(=O)N(C)C1c1ccc(C#N)cc1C1=CCNCC1,WAZHOJFFATYPAC-UHFFFAOYSA-N,CHEMBL3920059,235,Leukocyte elastase ,C1CCC(C2CCC(C3CCCCC3C3CCCCC3)CC2)CC1,<rdkit.DataStructs.cDataStructs.ExplicitBitVect object at 0x7ff2ab79e4a0>,0
7,136052,IC50,6.36,440.0,CO[C@H]1C(=O)N2C(C(=O)OC(C)(C)C)=C(CS(=O)(=O)c3ccccc3)CS(=O)(=O)C12,CPRSGZFVRKAHPN-MYJWUSKBSA-N,CHEMBL313480,235,Leukocyte elastase ,C1CCC(CCC2CCC3CCC3C2)CC1,<rdkit.DataStructs.cDataStructs.ExplicitBitVect object at 0x7ff2ab79e200>,1
8,2253641,IC50,8.59,2.6,CC(=O)N(C)[C@@H]1CCN(C(=O)c2cc(C#N)ccc2C2C3=C(CCC3=O)N(c3cccc(C(F)(F)F)c3)C(=O)N2C)C1,MASSBCAOWGEISW-XJQHNOHDSA-N,CHEMBL4114290,235,Leukocyte elastase ,C1CCC(C2CCC(C3CCCCC3CC3CCCC3)C3CCCC23)CC1,<rdkit.DataStructs.cDataStructs.ExplicitBitVect object at 0x7ff2ab79e580>,4
9,1542088,IC50,7.54,29.0,C=CC[C@H]1C(=O)N(CCCCCC)[C@H]2CCN(C(=O)OCc3ccccc3)[C@H]12,WQIKUCFGGDPBEB-QHAWAJNXSA-N,CHEMBL2367637,235,Leukocyte elastase ,C1CCC(CCCC2CCC3CCCC23)CC1,<rdkit.DataStructs.cDataStructs.ExplicitBitVect object at 0x7ff2ab79e5f0>,2
10,2112978,IC50,8.89,1.3,CCOC(=O)C1=C(C)N(c2cccc(C(F)(F)F)c2)C(=O)N(C)C1c1ccc(C#N)cc1C(=O)NCC(C)(C)O,FELHSRRPEWGRTQ-UHFFFAOYSA-N,CHEMBL3903607,235,Leukocyte elastase ,C1CCC(C2CCC(C3CCCCC3)CC2)CC1,<rdkit.DataStructs.cDataStructs.ExplicitBitVect object at 0x7ff2ab79eeb0>,0
11,6734,IC50,7.08,83.0,CC(C)(C)C(=O)Oc1ccc(S(=O)(=O)c2ccc(OC(=O)C(C)(C)C)cc2)cc1,DYVPPEBHFAGTDY-UHFFFAOYSA-N,CHEMBL9923,235,Leukocyte elastase ,C1CCC(CC2CCCCC2)CC1,<rdkit.DataStructs.cDataStructs.ExplicitBitVect object at 0x7ff2ab79e3c0>,4
12,2135467,IC50,8.92,1.2,Cn1ccc(CNC(=O)N2C(=O)N(c3cccc(C(F)(F)F)c3)C3=C(C(=O)CC3)C2c2ccc(C#N)cc2)n1,YSGAZWCXFYPIPM-UHFFFAOYSA-N,CHEMBL3926096,235,Leukocyte elastase ,C1CCC(C2CC(CCCC3CCCC3)C(C3CCCCC3)C3CCCC23)CC1,<rdkit.DataStructs.cDataStructs.ExplicitBitVect object at 0x7ff2ab79ec80>,2
13,2247014,IC50,8.74,1.8,CC(=O)C1=C(C)N(c2cccc(C(F)(F)F)c2)C(=O)N(C)C1c1ccc(C#N)cc1C(=O)N1CC[C@@H](N(C)C)C1,XFGVHAKDXHIXGQ-FPSALIRRSA-N,CHEMBL4107663,235,Leukocyte elastase ,C1CCC(C2CCC(C3CCCCC3CC3CCCC3)CC2)CC1,<rdkit.DataStructs.cDataStructs.ExplicitBitVect object at 0x7ff2ab7d90b0>,4
14,2110991,IC50,8.02,9.5,Cc1nnc(CNC(=O)CN2C(=O)N(c3cccc(C(F)(F)F)c3)C3=C(C(=O)CC3)C2c2ccc(C#N)cc2)o1,CCPZSHNHMYIFEU-UHFFFAOYSA-N,CHEMBL3901620,235,Leukocyte elastase ,C1CCC(C2CC(CCCCC3CCCC3)C(C3CCCCC3)C3CCCC23)CC1,<rdkit.DataStructs.cDataStructs.ExplicitBitVect object at 0x7ff2ab7d9190>,2
15,2134147,IC50,8.55,2.8,CC(=O)C1=C(C)N(c2cccc(C(F)(F)F)c2)C(=O)N(C)C1c1ccc(C#N)cc1C(=O)N1CCc2nocc2C1,XGYSGMPTIPHZPS-UHFFFAOYSA-N,CHEMBL3924776,235,Leukocyte elastase ,C1CCC(C2CCC(C3CCCCC3CC3CCC4CCCC4C3)CC2)CC1,<rdkit.DataStructs.cDataStructs.ExplicitBitVect object at 0x7ff2ab7d9200>,2
16,591945,IC50,8.18,6.6,COC(=O)C(=O)[C@@H](NC(=O)[C@@H]1CCCN1C(=O)[C@@H](NC(=O)CN1CCN(CC(=O)O)C(=O)C1=O)C(C)C)C(C)C,FFMCMSNXESOOEV-SNRMKQJTSA-N,CHEMBL595377,235,Leukocyte elastase ,C1CCC(CCCCCC2CCCC2)CC1,<rdkit.DataStructs.cDataStructs.ExplicitBitVect object at 0x7ff2ab7d9270>,3
17,2172672,IC50,7.14,71.6,CN1C(=O)N(c2ccnc(C(F)(F)F)c2)C2=C(C(=O)CC2)C1c1ccc(C#N)cc1C(=O)N1CCOCC1,NIUXVQDDIAKGHN-UHFFFAOYSA-N,CHEMBL3963301,235,Leukocyte elastase ,C1CCC(CC2CCCCC2C2CCC(C3CCCCC3)C3CCCC32)CC1,<rdkit.DataStructs.cDataStructs.ExplicitBitVect object at 0x7ff2ab7d9350>,4
18,2101487,IC50,8.62,2.4,N#Cc1ccc(C2NC(=O)N(c3cccc(C(F)(F)F)c3)C3=C2C(=O)CC3)c(-c2cnco2)c1,QMMKGPRXXOVMFP-UHFFFAOYSA-N,CHEMBL3892116,235,Leukocyte elastase ,C1CCC(C2CCC(C3CCCCC3C3CCCC3)C3CCCC23)CC1,<rdkit.DataStructs.cDataStructs.ExplicitBitVect object at 0x7ff2ab7d93c0>,0
19,2105220,IC50,8.64,2.3,Cc1c(-c2cccc(C(F)(F)F)c2)c(=O)c(C(=O)NCc2ccc(S(C)(=O)=NC#N)cc2)cn1C1CCOC1,AOIFTRNKICFEAI-UHFFFAOYSA-N,CHEMBL3895849,235,Leukocyte elastase ,C1CCC(CCCC2CC(C3CCCCC3)CC(C3CCCC3)C2)CC1,<rdkit.DataStructs.cDataStructs.ExplicitBitVect object at 0x7ff2ab7d94a0>,1
20,88332,IC50,7.62,24.0,CC(C)C(NC(=O)c1ccc(S(=O)(=O)NC(=O)c2ccc(Cl)cc2)cc1)C(=O)N1C2CCC(CC2)[C@@H]1C(=O)NC(C(=O)C(F)(F)F)C(C)C,RSMRWUHFXSCYDW-SHRFQCPASA-N,CHEMBL60521,235,Leukocyte elastase ,C1CCC(CCCC2CCC(CCCCC3CC4CCC3CC4)CC2)CC1,<rdkit.DataStructs.cDataStructs.ExplicitBitVect object at 0x7ff2ab7d95f0>,3
21,116769,IC50,6.0,1000.0,CC(C)C1C(=O)N2C(C(=O)OCc3ccccc3)=C(c3ccccc3)S[C@H]12,QISYIUCLWWOGGY-FBLFFUNLSA-N,CHEMBL74344,235,Leukocyte elastase ,C1CCC(CCCC2C3CCC3CC2C2CCCCC2)CC1,<rdkit.DataStructs.cDataStructs.ExplicitBitVect object at 0x7ff2ab7d9660>,1
22,2322470,IC50,7.1,80.0,Cc1cccc(C(=O)n2cc(-c3nc(C)no3)c3cccnc32)c1,BLVWOCHQSGXLNO-UHFFFAOYSA-N,CHEMBL4283022,235,Leukocyte elastase ,C1CCC(CC2CC(C3CCCC3)C3CCCCC23)CC1,<rdkit.DataStructs.cDataStructs.ExplicitBitVect object at 0x7ff2ab7d96d0>,4
23,254622,IC50,8.13,7.4,CC(C)[C@H](NC(=O)[C@@H]1CCCN1C(=O)[C@@H](NC(=O)c1ccc(OCC(=O)O)cc1)C(C)C)C(=O)c1nc2ccccc2o1,WKSGBJHELSKLHB-HRNNMHKYSA-N,CHEMBL357495,235,Leukocyte elastase ,C1CCC(CCCCC2CCCC2CCCCC2CC3CCCCC3C2)CC1,<rdkit.DataStructs.cDataStructs.ExplicitBitVect object at 0x7ff2ab7d97b0>,1
24,419525,IC50,7.59,23.0,C/C=C1\NC(=O)[C@@H](NC(=O)[C@H](CCC(N)=O)NC(=O)CCCCC)[C@@H](C)OC(=O)[C@H](C(C)C)NC(=O)[C@H](Cc2ccc(O)cc2)N(C)C(=O)[C@H](Cc2ccccc2)N2C(=O)[C@H](CC[C@H]2O)NC1=O,DZIGKKCSWPSVIO-SWEGFNRNSA-N,CHEMBL398726,235,Leukocyte elastase ,C1CCCCCCC2CCCC(C2)C(CC2CCCCC2)CCC(CC2CCCCC2)CCCCC1,<rdkit.DataStructs.cDataStructs.ExplicitBitVect object at 0x7ff2ab7d9900>,4
25,1166173,IC50,6.03,930.0,Cc1cccc(C(=O)n2nc(C(=O)Nc3ccccc3)c3ccccc32)c1,HQOZHIXUCOLRTC-UHFFFAOYSA-N,CHEMBL1808478,235,Leukocyte elastase ,C1CCC(CCC2CC(CC3CCCCC3)C3CCCCC23)CC1,<rdkit.DataStructs.cDataStructs.ExplicitBitVect object at 0x7ff2ab7d9970>,4
26,2147142,IC50,8.92,1.2,CN1C(=O)N(c2cccc(C(F)(F)F)c2)C2=C(C(=O)CCC2)C1c1ccc(C#N)cc1-c1ccn(C)c(=O)c1,GLZQCGGYXDYPPN-UHFFFAOYSA-N,CHEMBL3937771,235,Leukocyte elastase ,C1CCC(C2CCC(C3CCCCC3C3CCCCC3)C3CCCCC23)CC1,<rdkit.DataStructs.cDataStructs.ExplicitBitVect object at 0x7ff2ab7d9a50>,0
27,2030305,IC50,7.1,80.0,CC(C)(C)C(=O)Oc1ccc(S(=O)(=O)Nc2ccccc2/C=N/O)cc1,OXSUHSQWSLABCN-XDHOZWIPSA-N,CHEMBL3697035,235,Leukocyte elastase ,C1CCC(CCC2CCCCC2)CC1,<rdkit.DataStructs.cDataStructs.ExplicitBitVect object at 0x7ff2ab7d9ac0>,3
28,2156824,IC50,8.43,3.7,Cc1c(-c2cccc(C(F)F)c2)c(=O)c(C(=O)NCc2ccc(S(C)(=O)=NC#N)cc2)cn1-c1ccccc1,IHFMBDIFKZQTNB-UHFFFAOYSA-N,CHEMBL3947453,235,Leukocyte elastase ,C1CCC(CCCC2CC(C3CCCCC3)CC(C3CCCCC3)C2)CC1,<rdkit.DataStructs.cDataStructs.ExplicitBitVect object at 0x7ff2ab7d9b30>,1
29,2147268,IC50,9.0,1.0,CC(=O)C1=C(C)N(c2cccc(C(F)(F)F)c2)C(=O)N(C)C1c1ccc(C#N)cc1C(=O)NC12CC(C1)C2,SMNVGVBMJQXUPA-UHFFFAOYSA-N,CHEMBL3937897,235,Leukocyte elastase ,C1CCC(C2CCC(C3CCCCC3CCC34CC(C3)C4)CC2)CC1,<rdkit.DataStructs.cDataStructs.ExplicitBitVect object at 0x7ff2ab7d9c80>,2
30,136662,IC50,6.37,430.0,CO[C@H]1C(=O)N2C(C(=O)OC(C)(C)C)=C(CCl)CS(=O)(=O)C12,BSHHBVCILYRRFB-FTNKSUMCSA-N,CHEMBL85935,235,Leukocyte elastase ,C1CCC2CCC2C1,<rdkit.DataStructs.cDataStructs.ExplicitBitVect object at 0x7ff2ab7fc040>,0
31,2191497,IC50,8.24,5.7,CN1C(=O)N(c2cccc(C(F)(F)F)c2)C2=C(C(=O)CCC2)C1c1ccc(C#N)cc1-c1ccco1,WULXEYAOXXAEPC-UHFFFAOYSA-N,CHEMBL3982126,235,Leukocyte elastase ,C1CCC(C2CCC(C3CCCCC3C3CCCC3)C3CCCCC23)CC1,<rdkit.DataStructs.cDataStructs.ExplicitBitVect object at 0x7ff2ab7fc0b0>,0
32,2133870,IC50,8.32,4.8,CCOC(=O)C1=C(C)N(c2cccc(C(F)(F)F)c2)C(=O)N(C)C1c1ccc(C#N)cc1C(=O)N1CCC(N)CC1,UFHIMCVYAFYDDM-UHFFFAOYSA-N,CHEMBL3924499,235,Leukocyte elastase ,C1CCC(CC2CCCCC2C2CCC(C3CCCCC3)CC2)CC1,<rdkit.DataStructs.cDataStructs.ExplicitBitVect object at 0x7ff2ab7fc270>,4
33,179777,IC50,7.7,20.0,CC[C@H](NC(=O)[C@H]1CCCN1C(=O)[C@@H](NC(=O)[C@@H](NC(=O)[C@H](CCC(=O)O)NC(=O)[C@@H](N)CC(=O)O)C(C)C)C(C)C)B1O[C@@H]2C[C@@H]3C[C@@H](C3(C)C)[C@]2(C)O1,WPOOMCSSVQWZRO-RCXOJNRVSA-N,CHEMBL419918,235,Leukocyte elastase ,C1CCC(CCCC2CC3CC4CC(C4)C3C2)C1,<rdkit.DataStructs.cDataStructs.ExplicitBitVect object at 0x7ff2ab7fc2e0>,1
34,179727,IC50,6.25,560.0,COc1ccc(CC[C@H](NC(=O)[C@H]2CCCN2C(=O)[C@@H](NC(=O)[C@@H](NC(=O)[C@H](CCC(=O)O)NC(=O)[C@@H](N)CC(=O)O)C(C)C)C(C)C)B2O[C@@H]3C[C@@H]4C[C@@H](C4(C)C)[C@]3(C)O2)cc1,RMVRFXPWQGESLH-NGLJXFLDSA-N,CHEMBL107287,235,Leukocyte elastase ,C1CCC(CCC(CCC2CCCC2)C2CC3CC4CC(C4)C3C2)CC1,<rdkit.DataStructs.cDataStructs.ExplicitBitVect object at 0x7ff2ab7fc4a0>,1
35,88449,IC50,7.75,18.0,CC(C)C(NC(=O)c1ccc(C(=O)NS(=O)(=O)c2ccc(Cl)cc2)cc1)C(=O)N1C2CCCCC2C[C@@H]1C(=O)NC(C(=O)C(F)(F)F)C(C)C,VDSVLBRPSRRDNV-YCIPHWOASA-N,CHEMBL294671,235,Leukocyte elastase ,C1CCC(CCCC2CCC(CCCCC3CCC4CCCCC34)CC2)CC1,<rdkit.DataStructs.cDataStructs.ExplicitBitVect object at 0x7ff2ab7fc660>,2
36,240053,IC50,6.39,404.0,CCOC(=O)C(F)(F)C(=O)[C@@H](NC(=O)CN(C(=O)[C@@H](NC(=O)c1ccc(C(=O)NS(=O)(=O)c2ccc(Cl)cc2)cc1)C(C)C)C1Cc2ccccc2C1)C(C)C,RBVHNXWKPIRSTF-LQJZCPKCSA-N,CHEMBL263927,235,Leukocyte elastase ,C1CCC(CCCC2CCC(CCCCCC3CC4CCCCC4C3)CC2)CC1,<rdkit.DataStructs.cDataStructs.ExplicitBitVect object at 0x7ff2ab7fc740>,3
37,1608190,IC50,7.1,80.0,CC(C)(C)C(=O)Oc1cn(-c2ccccc2)c(CSc2nc3cc(C(=O)O)ccc3o2)cc1=O,SXFSYTYYYGDVGV-UHFFFAOYSA-N,CHEMBL3093806,235,Leukocyte elastase ,C1CCC(C2CCCCC2CCC2CC3CCCCC3C2)CC1,<rdkit.DataStructs.cDataStructs.ExplicitBitVect object at 0x7ff2ab7fc7b0>,2
38,2125813,IC50,8.8,1.6,CN1C(=O)N(c2cccc(C(F)(F)F)c2)C2=C(C(=O)CCC2)C1c1ccc(C#N)cc1C(N)=O,FZRNGZMJAHANSY-UHFFFAOYSA-N,CHEMBL3916442,235,Leukocyte elastase ,C1CCC(C2CCC(C3CCCCC3)C3CCCCC23)CC1,<rdkit.DataStructs.cDataStructs.ExplicitBitVect object at 0x7ff2ab7fc890>,0
39,2106469,IC50,7.5,32.0,Cc1c(-c2cccc(C(F)(F)F)c2)c(=O)c(C(=O)NCc2ccc(S(C)(=O)=O)cn2)cn1C1CCC1,XYERBUCJAGIXSR-UHFFFAOYSA-N,CHEMBL3897098,235,Leukocyte elastase ,C1CCC(CCCC2CC(C3CCCCC3)CC(C3CCC3)C2)CC1,<rdkit.DataStructs.cDataStructs.ExplicitBitVect object at 0x7ff2ab7fcac0>,1
40,280383,IC50,6.5,320.0,CO[C@H]1C(=O)N2C(C(=O)OC(C)(C)C)=C(C)C(=C3SCC(OC(C)=O)CS3)S(=O)(=O)C12,UVBUJKCTJNSPSP-PDYJWHILSA-N,CHEMBL168607,235,Leukocyte elastase ,C1CCC(C2CCC3CCC3C2)CC1,<rdkit.DataStructs.cDataStructs.ExplicitBitVect object at 0x7ff2ab7fcba0>,0
41,2147113,IC50,8.22,6.0,CN1C(=O)N(c2cccc(C(F)(F)F)c2)C2=C(C(=O)CC2)C1c1ccc(C#N)cc1C(=O)NCC(=O)N1CCOCC1,RYEKCLJCZXZUTC-UHFFFAOYSA-N,CHEMBL3937742,235,Leukocyte elastase ,C1CCC(CCCCC2CCCCC2C2CCC(C3CCCCC3)C3CCCC32)CC1,<rdkit.DataStructs.cDataStructs.ExplicitBitVect object at 0x7ff2ab7fceb0>,2
42,2151567,IC50,8.62,2.4,CCOC(=O)C1=C(C)N(c2cccc(C(F)(F)F)c2)C(=O)N(C)C1c1ccc(C#N)cc1-c1ccn(C)n1,GWVDNLMXBIZMCO-UHFFFAOYSA-N,CHEMBL3942196,235,Leukocyte elastase ,C1CCC(C2CCC(C3CCCCC3C3CCCC3)CC2)CC1,<rdkit.DataStructs.cDataStructs.ExplicitBitVect object at 0x7ff2ab7fcf20>,0
43,649058,IC50,6.435,612.4,COc1ccccc1-c1nc2cc(Cl)ccc2c(=O)o1,PKKDUVVKHDAFOC-UHFFFAOYSA-N,CHEMBL1172107,235,Leukocyte elastase ,C1CCC(C2CCC3CCCCC3C2)CC1,<rdkit.DataStructs.cDataStructs.ExplicitBitVect object at 0x7ff2ab7fcf90>,0
44,265304,IC50,6.29,507.0,CCOC(=O)N1CCC(N(CC(=O)NC(C(=O)C(F)(F)F)C(C)C)C(=O)[C@@H](NC(=O)OCc2ccccc2)C(C)C)CC1,QSZWXTATIAPGTB-CGAIIQECSA-N,CHEMBL351784,235,Leukocyte elastase ,C(CCCC1CCCCC1)CCCC1CCCCC1,<rdkit.DataStructs.cDataStructs.ExplicitBitVect object at 0x7ff2ab7fa040>,3
45,1166245,IC50,6.0,1000.0,CC(SC(=O)c1cccs1)C(=O)NC1CCSC1=O,MKTVMEMIKNBVHI-UHFFFAOYSA-N,CHEMBL1808549,235,Leukocyte elastase ,C(CCC1CCCC1)CCC1CCCC1,<rdkit.DataStructs.cDataStructs.ExplicitBitVect object at 0x7ff2ab7fa120>,3
46,136230,IC50,6.89,130.0,CO[C@H]1C(=O)N2C(C(=O)OC(C)(C)C)=C(COC(=O)N[C@@H](Cc3ccccc3)C(=O)O)CS(=O)(=O)C12,VWDIAQLSGGZXOF-GHFFVFNYSA-N,CHEMBL85418,235,Leukocyte elastase ,C(CCCC1CCC2CCC2C1)CCC1CCCCC1,<rdkit.DataStructs.cDataStructs.ExplicitBitVect object at 0x7ff2ab7fa350>,3
47,2196354,IC50,8.01,9.8,CN1C(=O)N(c2cccc(C(F)(F)F)c2)C2=C(C(=O)CC2)C1c1ccc(C#N)cc1C(=O)N1CCc2nocc2C1,LEODYYXVZVWHAU-UHFFFAOYSA-N,CHEMBL3986983,235,Leukocyte elastase ,C1CCC(C2CCC(C3CCCCC3CC3CCC4CCCC4C3)C3CCCC23)CC1,<rdkit.DataStructs.cDataStructs.ExplicitBitVect object at 0x7ff2ab7fa3c0>,0
48,2150544,IC50,8.27,5.4,CC(=O)C1=C(C)N(c2cccc(C(F)(F)F)c2)C(=O)N(C)C1c1ccc(C#N)cc1C(=O)N1CC2CC1CN2,JCRDOUOGNROMMA-UHFFFAOYSA-N,CHEMBL3941173,235,Leukocyte elastase ,C1CCC(C2CCC(C3CCCCC3CC3CC4CCC3C4)CC2)CC1,<rdkit.DataStructs.cDataStructs.ExplicitBitVect object at 0x7ff2ab7fa430>,2
49,253894,IC50,8.05,8.9,CC(C)[C@H](NC(=O)[C@@H]1CCCN1C(=O)[C@@H](NC(=O)COc1ccc(OCC(=O)O)cc1)C(C)C)C(=O)c1nc2c(OC(=O)C(C)(C)C)cccc2o1,WOYYPGZEYALERU-YDZBWFOPSA-N,CHEMBL358943,235,Leukocyte elastase ,C(CCCC1CCCC1CCCCC1CC2CCCCC2C1)CCC1CCCCC1,<rdkit.DataStructs.cDataStructs.ExplicitBitVect object at 0x7ff2ab7fa510>,3
50,1442842,IC50,6.52,300.0,CCCCNC(=O)CC[Si](O)(O)[C@H](CC(C)C)NC(=O)[C@@H](NC(=O)Cc1ccc2ccccc2c1)[C@@H](C)CC,FBPIBRMHEXSDCR-GJDOKZOISA-N,CHEMBL2182011,235,Leukocyte elastase ,C1CCC2CCCCC2C1,<rdkit.DataStructs.cDataStructs.ExplicitBitVect object at 0x7ff2ab7fa740>,0
51,2155695,IC50,9.0,1.0,CN1C(=O)N(c2cccc(C(F)(F)F)c2)C2=C(C(=O)CC2)C1c1ccc(C#N)cc1-c1ccncc1,OUSITUAYCROZCQ-UHFFFAOYSA-N,CHEMBL3946324,235,Leukocyte elastase ,C1CCC(C2CCC(C3CCCCC3C3CCCCC3)C3CCCC23)CC1,<rdkit.DataStructs.cDataStructs.ExplicitBitVect object at 0x7ff2ab7fa820>,0
52,103383,IC50,7.36,44.0,Cc1cccc2nc(N[C@@H](C)c3ccccc3)oc(=O)c12,CIKYYIMTVLHWRC-LBPRGKRZSA-N,CHEMBL67023,235,Leukocyte elastase ,C1CCC(CCC2CCC3CCCCC3C2)CC1,<rdkit.DataStructs.cDataStructs.ExplicitBitVect object at 0x7ff2ab7fa900>,1
53,2160683,IC50,8.08,8.4,CN1C(=O)N(c2cccc(C(F)(F)F)c2)C2=C(C(=O)CC2)C1c1ccc(C#N)cc1C(=O)NC1CCOCC1,QEFXOBKNDNHPJT-UHFFFAOYSA-N,CHEMBL3951312,235,Leukocyte elastase ,C1CCC(CCC2CCCCC2C2CCC(C3CCCCC3)C3CCCC32)CC1,<rdkit.DataStructs.cDataStructs.ExplicitBitVect object at 0x7ff2ab7fa970>,2
54,264510,IC50,7.24,57.0,CCOC(=O)N1CCC(N(CC(=O)NC(C(=O)C(F)(F)F)C(C)C)C(=O)[C@@H](NC(=O)c2ccc(C(=O)NS(=O)(=O)c3ccc(Cl)cc3)cc2)C(C)C)CC1,UTMHJLQMVSNZMR-XIJSCUBXSA-N,CHEMBL160570,235,Leukocyte elastase ,C1CCC(CCCCCC2CCC(CCCC3CCCCC3)CC2)CC1,<rdkit.DataStructs.cDataStructs.ExplicitBitVect object at 0x7ff2ab7fa9e0>,3
55,117309,IC50,6.7,200.0,CN(C(=O)C(F)(F)F)[C@H]1C(=O)N2[C@@H](C(=O)OCc3ccccc3)C(C)(C)S(=O)(=O)[C@H]12,CDMMYFXWUKDJJX-SGMGOOAPSA-N,CHEMBL75615,235,Leukocyte elastase ,C1CCC(CCCC2CCC3CCC23)CC1,<rdkit.DataStructs.cDataStructs.ExplicitBitVect object at 0x7ff2ab7faac0>,2
56,6456,IC50,6.89,130.0,CCCCCC/C=C/CCCCCCCC(=O)OCc1cc(=O)c(OC(=O)C(C)(C)C)co1,NSQMOYMYNULOOJ-ZHACJKMWSA-N,CHEMBL9865,235,Leukocyte elastase ,C1CCCCC1,<rdkit.DataStructs.cDataStructs.ExplicitBitVect object at 0x7ff2ab7fab30>,3
57,1747070,IC50,6.3,500.0,O=C1/C(=C/c2cccc(-c3ccc(Cl)cc3)c2)Oc2ccccc21,KHFAYLHAZODNKZ-MOSHPQCFSA-N,CHEMBL3262105,235,Leukocyte elastase ,C1CCC(C2CCCC(CC3CC4CCCCC4C3)C2)CC1,<rdkit.DataStructs.cDataStructs.ExplicitBitVect object at 0x7ff2ab7d2430>,1
58,592097,IC50,7.33,47.0,CC(C)[C@H](NC(=O)[C@@H]1CCCN1C(=O)[C@@H](NC(=O)CN1C(=O)N(CC(=O)O)C(=O)C1(C)C)C(C)C)C(=O)c1nc2ccccc2o1,UFXGRDISHSOWGA-IGKWTDBASA-N,CHEMBL594037,235,Leukocyte elastase ,C(CCC1CCCC1)CCC1CCCC1CCCCC1CC2CCCCC2C1,<rdkit.DataStructs.cDataStructs.ExplicitBitVect object at 0x7ff2ab7d2eb0>,1
59,2110083,IC50,9.0,1.0,CCOC(=O)C1=C(C)N(c2cccc(C(F)(F)F)c2)C(=O)N(C)C1c1ccc(C#N)cc1C(=O)NCC(=O)N1CCOCC1,IPWWYUGRJUVQIY-UHFFFAOYSA-N,CHEMBL3900712,235,Leukocyte elastase ,C1CCC(CCCCC2CCCCC2C2CCC(C3CCCCC3)CC2)CC1,<rdkit.DataStructs.cDataStructs.ExplicitBitVect object at 0x7ff2ab7e46d0>,2
60,1573858,IC50,6.58,260.0,CCOC(=O)c1nn(C(=O)c2ccsc2)c2ccc(Br)cc12,JUBGEXACRYVWBP-UHFFFAOYSA-N,CHEMBL2409435,235,Leukocyte elastase ,C1CCC(CC2CCC3CCCCC32)C1,<rdkit.DataStructs.cDataStructs.ExplicitBitVect object at 0x7ff2ab7e4c80>,4
61,450594,IC50,7.09,81.0,O=C1c2ccccc2S(=O)(=O)N1c1c(F)c(F)nc(F)c1F,CCGODDKNKIRBST-UHFFFAOYSA-N,CHEMBL518500,235,Leukocyte elastase ,C1CCC(C2CC3CCCCC3C2)CC1,<rdkit.DataStructs.cDataStructs.ExplicitBitVect object at 0x7ff2ab7e42e0>,0
62,2148376,IC50,8.06,8.7,N#Cc1ccc(C2C3=C(CCC3=O)N(c3cccc(C(F)(F)F)c3)C(=O)N2CC(=O)N2CCN(C3CC3)CC2)cc1,FUUBOZQRVLROHI-UHFFFAOYSA-N,CHEMBL3939005,235,Leukocyte elastase ,C1CCC(C2CC(CCC3CCC(C4CC4)CC3)C(C3CCCCC3)C3CCCC23)CC1,<rdkit.DataStructs.cDataStructs.ExplicitBitVect object at 0x7ff2ab7e4190>,2
63,2172075,IC50,8.85,1.4,CC(=O)C1=C(C)N(c2cccc(C(F)(F)F)c2)C(=O)N(C)C1c1ccc(C#N)cc1C(=O)NC(C)c1ccco1,SHDXSCNHCAVNSA-UHFFFAOYSA-N,CHEMBL3962704,235,Leukocyte elastase ,C1CCC(C2CCC(C3CCCCC3CCCC3CCCC3)CC2)CC1,<rdkit.DataStructs.cDataStructs.ExplicitBitVect object at 0x7ff2ab7e4040>,2
64,2101827,IC50,8.41,3.9,CN1C(=O)N(c2cccc(C(F)(F)F)c2)C2=C(C(=O)CC2)C1c1ccc(C#N)cc1C(=O)NCc1cccnc1,PZUWIRBDRLNKPA-UHFFFAOYSA-N,CHEMBL3892456,235,Leukocyte elastase ,C1CCC(CCCC2CCCCC2C2CCC(C3CCCCC3)C3CCCC32)CC1,<rdkit.DataStructs.cDataStructs.ExplicitBitVect object at 0x7ff2ab7e4a50>,2
65,2136142,IC50,8.06,8.8,CC(=O)C1=C(C)N(c2cccc(C(F)(F)F)c2)C(=O)N(C)C1c1ccc(C#N)cc1C(=O)N1CCN(C2CC2)CC1,LZXGRUFWZAOXHR-UHFFFAOYSA-N,CHEMBL3926771,235,Leukocyte elastase ,C1CCC(C2CCC(C3CCCCC3CC3CCC(C4CC4)CC3)CC2)CC1,<rdkit.DataStructs.cDataStructs.ExplicitBitVect object at 0x7ff2ab7e4eb0>,2
66,2429071,IC50,6.44,360.0,CCC(C)C(NC(=O)[C@@H]1CCCN1C(=O)[C@@H](NC(=O)OC(C)(C)C)C(C)C)P(=O)(Oc1ccccc1)Oc1ccccc1,JASFXXAARYQCHV-LDCGRGHCSA-N,CHEMBL4558643,235,Leukocyte elastase ,C1CCC(CC(CCCC2CCCC2)CC2CCCCC2)CC1,<rdkit.DataStructs.cDataStructs.ExplicitBitVect object at 0x7ff2ab7e4970>,3
67,2527746,IC50,7.25,56.0,N#Cc1cn(C(=O)C2CC2)c2nccnc12,LBFAKEBBILVFED-UHFFFAOYSA-N,CHEMBL4791155,235,Leukocyte elastase ,C1CCC2C(C1)CCC2CC1CC1,<rdkit.DataStructs.cDataStructs.ExplicitBitVect object at 0x7ff2ab7e44a0>,4
68,97094,IC50,7.3,50.0,Cc1ccc(S(=O)(=O)O[C@H]2C(=O)N3[C@@H](C(=O)OCc4ccccc4)C(C)(C)S(=O)(=O)[C@H]23)cc1,DUGNTOIZHKXVCZ-CMKODMSKSA-N,CHEMBL416849,235,Leukocyte elastase ,C1CCC(CCCC2CCC3C(CCC4CCCCC4)CC23)CC1,<rdkit.DataStructs.cDataStructs.ExplicitBitVect object at 0x7ff2ab7df9e0>,2
69,254648,IC50,7.14,72.0,CC(C)[C@H](NC(=O)[C@@H]1CCCN1C(=O)[C@@H](NC(=O)/C=C/C(=O)O)C(C)C)C(=O)c1nc2ccccc2o1,GCWMVQUVNSVWDI-VCZCXIIOSA-N,CHEMBL152415,235,Leukocyte elastase ,C1CCC(CCCCC2CC3CCCCC3C2)C1,<rdkit.DataStructs.cDataStructs.ExplicitBitVect object at 0x7ff2ab7df270>,1
70,2193953,IC50,8.77,1.7,CS(=O)(=O)c1cc(C#N)ccc1C1C2=C(CCC2=O)N(c2cccc(C(F)(F)F)c2)C(=O)N1CC1CCOCC1,NHBYUIJIPXLGTR-UHFFFAOYSA-N,CHEMBL3984582,235,Leukocyte elastase ,C1CCC(CC2CC(C3CCCCC3)C3CCCC3C2C2CCCCC2)CC1,<rdkit.DataStructs.cDataStructs.ExplicitBitVect object at 0x7ff2ab7dff20>,4
71,1542118,IC50,10.44,0.036,C=CC[C@H]1C(=O)N(S(=O)(=O)c2ccc3ccccc3c2)[C@H]2CCN(C(=O)OCc3ccccc3)[C@H]12,DXUCJEXJRJNYHI-DSNGMDLFSA-N,CHEMBL2367667,235,Leukocyte elastase ,C1CCC(CCCC2CCC3C(CC4CCC5CCCCC5C4)CCC23)CC1,<rdkit.DataStructs.cDataStructs.ExplicitBitVect object at 0x7ff2ab7dfe40>,2
72,1387512,IC50,6.16,700.0,C[C@@H](OC(=O)NCc1ccccc1)[C@H]1C(=O)N2[C@@H](C(=O)OCc3ccccc3)C(C)(C)S(=O)(=O)[C@H]12,VYHORQGFCCUBFM-MOFCZTIZSA-N,CHEMBL2115561,235,Leukocyte elastase ,C1CCC(CCCCCC2CC3C(CCCC4CCCCC4)CCC23)CC1,<rdkit.DataStructs.cDataStructs.ExplicitBitVect object at 0x7ff2ab7df6d0>,3
73,2102152,IC50,8.77,1.7,Cn1ncc2c1CN(C(=O)CN1C(=O)N(c3cccc(C(F)(F)F)c3)C3=C(C(=O)CC3)C1c1ccc(C#N)cc1)C2,VBQDUXHBWHHUIF-UHFFFAOYSA-N,CHEMBL3892781,235,Leukocyte elastase ,C1CCC(C2CC(CCC3CC4CCCC4C3)C(C3CCCCC3)C3CCCC23)CC1,<rdkit.DataStructs.cDataStructs.ExplicitBitVect object at 0x7ff2ab7df350>,1
74,86611,IC50,7.47,34.0,CC(C)C(NC(=O)[C@@H]1CCCN1C(=O)[C@@H](NC(=O)c1ccc(C(=O)NS(=O)(=O)c2ccc(Cl)cc2)cc1)C(C)C)C(=O)C(F)(F)F,YGPYJEFIYYPEEE-OTKIHZFJSA-N,CHEMBL293809,235,Leukocyte elastase ,C1CCC(CCCC2CCC(CCCCC3CCCC3)CC2)CC1,<rdkit.DataStructs.cDataStructs.ExplicitBitVect object at 0x7ff2ab7df190>,3
75,1964315,IC50,9.68,0.21,CNC(=O)c1cc(-c2ccnn2-c2ccc(C#N)cc2)c(C)n(-c2cccc(C(F)(F)F)c2)c1=O,IVORQAQKBHVZHS-UHFFFAOYSA-N,CHEMBL3617966,235,Leukocyte elastase ,C1CCC(C2CCCC(C3CCCC3C3CCCCC3)C2)CC1,<rdkit.DataStructs.cDataStructs.ExplicitBitVect object at 0x7ff2ab7facf0>,0
76,2168548,IC50,8.41,3.9,N#Cc1ccc(C2C3=C(CCC3=O)N(c3cccc(C(F)(F)F)c3)C(=O)N2CC(=O)N2CCC(O)C2)cc1,GSSBJMFBYDLCKK-UHFFFAOYSA-N,CHEMBL3959177,235,Leukocyte elastase ,C1CCC(C2CC(CCC3CCCC3)C(C3CCCCC3)C3CCCC23)CC1,<rdkit.DataStructs.cDataStructs.ExplicitBitVect object at 0x7ff2ab7fadd0>,2
77,1794925,IC50,8.43,3.7,N#Cc1ccc(C2C3=C(CCC3=O)N(c3cccc(C(F)(F)F)c3)C(=O)N2CC(=O)N2CCC2)cc1,MAAIYZJSIBUOTJ-UHFFFAOYSA-N,CHEMBL3342778,235,Leukocyte elastase ,C1CCC(C2CC(CCC3CCC3)C(C3CCCCC3)C3CCCC23)CC1,<rdkit.DataStructs.cDataStructs.ExplicitBitVect object at 0x7ff2ab7db040>,4
78,239638,IC50,6.2,635.0,CCOC(=O)C(F)(F)C(=O)[C@@H](NC(=O)CN(C(=O)[C@@H](NC(=O)OCc1ccccc1)C(C)C)C1Cc2ccccc2C1)C(C)C,YHHXDFWUDUOLCT-NSOVKSMOSA-N,CHEMBL344768,235,Leukocyte elastase ,C(CCCC1CCCCC1)CCCC1CC2CCCCC2C1,<rdkit.DataStructs.cDataStructs.ExplicitBitVect object at 0x7ff2ab7db190>,3
79,135651,IC50,7.0,100.0,CO[C@H]1C(=O)N2C(C(=O)N(C)Cc3ccccc3)=C(COC(C)=O)CS(=O)(=O)[C@H]12,IOESOVUDYWYGIW-QFBILLFUSA-N,CHEMBL314155,235,Leukocyte elastase ,C1CCC(CCCC2CCCC3CCC23)CC1,<rdkit.DataStructs.cDataStructs.ExplicitBitVect object at 0x7ff2ab7db270>,2
80,1747067,IC50,6.3,500.0,O=C1/C(=C/c2ccc(Oc3ccc(Cl)cc3)cc2)Oc2ccccc21,ONNIREQQWIIWFA-MOSHPQCFSA-N,CHEMBL3262102,235,Leukocyte elastase ,C1CCC(CC2CCC(CC3CC4CCCCC4C3)CC2)CC1,<rdkit.DataStructs.cDataStructs.ExplicitBitVect object at 0x7ff2ab7db3c0>,4
81,592104,IC50,7.7,20.0,CC(C)[C@H](NC(=O)[C@@H]1CCCN1C(=O)[C@@H](NC(=O)CN1CCN(CC(=O)O)C(=O)C1=O)C(C)C)C(=O)C(=O)NCc1ccccc1,ZRYXPTMRIKHZOI-TUSQITKMSA-N,CHEMBL594572,235,Leukocyte elastase ,C(CCCC1CCCCC1)CCCC1CCCC1CCCCCC1CCCCC1,<rdkit.DataStructs.cDataStructs.ExplicitBitVect object at 0x7ff2ab7db660>,3
82,2115193,IC50,7.14,73.0,Cc1c(-c2cccc(C(F)(F)F)c2)c(=O)c(C(=O)NCc2ccc(S(C)(=O)=O)cn2)cn1CC1CCOC1,JKGWBRJLXZOQJA-UHFFFAOYSA-N,CHEMBL3905822,235,Leukocyte elastase ,C1CCC(CCCC2CC(CC3CCCC3)CC(C3CCCCC3)C2)CC1,<rdkit.DataStructs.cDataStructs.ExplicitBitVect object at 0x7ff2ab7db820>,1
83,2155928,IC50,8.72,1.9,CCOC(=O)C1=C(C)N(c2cccc(C(F)(F)F)c2)C(=O)N(C)C1c1ccc(C#N)cc1C(=O)N1CCC(N2CCOCC2)CC1,UURJCEDYZOQTNN-UHFFFAOYSA-N,CHEMBL3946557,235,Leukocyte elastase ,C1CCC(C2CCC(CC3CCCCC3C3CCC(C4CCCCC4)CC3)CC2)CC1,<rdkit.DataStructs.cDataStructs.ExplicitBitVect object at 0x7ff2ab7dbb30>,2
84,211112,IC50,7.06,88.0,C=CC[C@H]1C(=O)N(S(=O)(=O)c2cccc3ccccc23)[C@H]2CCN(C(=O)OCc3ccccc3)C12,TVSPRIRMHVAWPW-QRKINALSSA-N,CHEMBL127085,235,Leukocyte elastase ,C1CCC(CCCC2CCC3C(CC4CCCC5CCCCC54)CCC23)CC1,<rdkit.DataStructs.cDataStructs.ExplicitBitVect object at 0x7ff2ab7dbba0>,2
85,2172472,IC50,7.24,57.0,Cc1nnc(CNC(=O)c2cn(C3CCC3)c(C)c(-c3cccc(C(F)(F)F)c3)c2=O)o1,SEFKEGOJEMWYGK-UHFFFAOYSA-N,CHEMBL3963101,235,Leukocyte elastase ,C1CCC(C2CC(CCCC3CCCC3)CC(C3CCC3)C2)CC1,<rdkit.DataStructs.cDataStructs.ExplicitBitVect object at 0x7ff2ab7dbc10>,1
86,2119706,IC50,8.18,6.6,CN1C(=O)N(c2cccc(C(F)(F)F)c2)C2=C(C(=O)CC2)C1c1ccc(C#N)cc1C(=O)N(C)C1C2CC1C2,QLBMLSIKBKGCTR-UHFFFAOYSA-N,CHEMBL3910335,235,Leukocyte elastase ,C1CCC(C2CCC(C3CCCCC3CCC3C4CC3C4)C3CCCC23)CC1,<rdkit.DataStructs.cDataStructs.ExplicitBitVect object at 0x7ff2ab7dbdd0>,0
87,2176721,IC50,8.28,5.3,Cc1c(-c2cccc(C(F)(F)F)c2)c(=O)c(C(=O)NCc2cn3c(n2)S(=O)(=O)CC3)cn1C(C)C,QXUCOTMTPHLQTD-UHFFFAOYSA-N,CHEMBL3967350,235,Leukocyte elastase ,C1CCC(C2CCCC(CCCC3CC4CCCC4C3)C2)CC1,<rdkit.DataStructs.cDataStructs.ExplicitBitVect object at 0x7ff2ab7e5040>,1
88,88717,IC50,7.42,38.0,CC(C)C(NC(=O)c1ccc(S(=O)(=O)NC(=O)/C=C/c2cc(C(C)(C)C)c(O)c(C(C)(C)C)c2)cc1)C(=O)N1[C@@H](C(=O)NC(C(=O)C(F)(F)F)C(C)C)C[C@H]2CCCC[C@H]21,NLSJMSHPQIXQDG-LBWOIFQVSA-N,CHEMBL291766,235,Leukocyte elastase ,C1CCC(CCCCCC2CCC(CCCCC3CCC4CCCCC34)CC2)CC1,<rdkit.DataStructs.cDataStructs.ExplicitBitVect object at 0x7ff2ab7e5190>,4
89,2188036,IC50,7.96,10.9,CC(C)N1CCC(NC(=O)c2cc(C#N)ccc2C2C3=C(CCC3=O)N(c3cccc(C(F)(F)F)c3)C(=O)N2C)C1,UHZSWBRJPOUPKX-UHFFFAOYSA-N,CHEMBL3978665,235,Leukocyte elastase ,C1CCC(C2CCC(C3CCCCC3CCC3CCCC3)C3CCCC23)CC1,<rdkit.DataStructs.cDataStructs.ExplicitBitVect object at 0x7ff2ab7e5270>,2
90,2162433,IC50,7.68,20.7,N#Cc1ccc(C2C3=C(CCC3=O)N(c3cccc(C(F)(F)F)c3)C(=O)N2CC(=O)NCc2ccc(=O)[nH]c2)cc1,ADQNBSQGFJGWQU-UHFFFAOYSA-N,CHEMBL3953062,235,Leukocyte elastase ,C1CCC(CCCCC2CC(C3CCCCC3)C3CCCC3C2C2CCCCC2)CC1,<rdkit.DataStructs.cDataStructs.ExplicitBitVect object at 0x7ff2ab7e5350>,2
91,2121999,IC50,8.85,1.4,CCOC(=O)C1=C(C)N(c2cccc(C(F)(F)F)c2)C(=O)N(C)C1c1ccc(C#N)cc1C(=O)NC1CCOC1,YFFJUPIMCPZJIZ-UHFFFAOYSA-N,CHEMBL3912628,235,Leukocyte elastase ,C1CCC(C2CCC(C3CCCCC3CCC3CCCC3)CC2)CC1,<rdkit.DataStructs.cDataStructs.ExplicitBitVect object at 0x7ff2ab7e54a0>,2
92,555396,IC50,7.19,64.0,Cc1cccc2nc(-c3cccnc3-n3ccnc3)oc(=O)c12,WIPBFLKTVQUYGG-UHFFFAOYSA-N,CHEMBL554978,235,Leukocyte elastase ,C1CCC2CC(C3CCCCC3C3CCCC3)CCC2C1,<rdkit.DataStructs.cDataStructs.ExplicitBitVect object at 0x7ff2ab7e5580>,0
93,2117615,IC50,7.9,10.5,CN1C(=O)N(c2cccc(C(F)(F)F)c2)C2=C(C(=O)CC2)C1c1ccc(C#N)cc1C(=O)N1CCN(C2CC2)CC1,LNFYNZWJRSRZCE-UHFFFAOYSA-N,CHEMBL3908244,235,Leukocyte elastase ,C1CCC(C2CCC(C3CCCCC3CC3CCC(C4CC4)CC3)C3CCCC23)CC1,<rdkit.DataStructs.cDataStructs.ExplicitBitVect object at 0x7ff2ab7e56d0>,4
94,1166230,IC50,6.4,400.0,CCOC(=O)c1nn(C(=O)CC)c2ccccc12,ABEHZLCDNBUVNB-UHFFFAOYSA-N,CHEMBL1808534,235,Leukocyte elastase ,C1CCC2CCCC2C1,<rdkit.DataStructs.cDataStructs.ExplicitBitVect object at 0x7ff2ab7e57b0>,0
95,566013,IC50,7.8,16.0,CCc1cc(OC)cc2nc(-c3cccnc3N3CCN(CCOC)CC3)oc(=O)c12,INVSWQCFIQGOMZ-UHFFFAOYSA-N,CHEMBL563439,235,Leukocyte elastase ,C1CCC(C2CCCCC2C2CCC3CCCCC3C2)CC1,<rdkit.DataStructs.cDataStructs.ExplicitBitVect object at 0x7ff2ab7e59e0>,0
96,1608192,IC50,6.55,280.0,O=C(Oc1cn(-c2ccccc2)c(CSc2nc3ccccc3s2)cc1=O)c1ccccc1,WLQIUKJRTDZFJN-UHFFFAOYSA-N,CHEMBL3093808,235,Leukocyte elastase ,C1CCC(CCC2CCC(CCC3CC4CCCCC4C3)C(C3CCCCC3)C2)CC1,<rdkit.DataStructs.cDataStructs.ExplicitBitVect object at 0x7ff2ab7e5a50>,1
97,2129093,IC50,8.48,5.2,CCS(=O)(=NC#N)c1ccc(CNC(=O)c2cn(C3CC3)c(C)c(-c3cccc(C(F)(F)F)c3)c2=O)cc1,WYIULOUGUQFKMH-UHFFFAOYSA-N,CHEMBL3919722,235,Leukocyte elastase ,C1CCC(CCCC2CC(C3CCCCC3)CC(C3CC3)C2)CC1,<rdkit.DataStructs.cDataStructs.ExplicitBitVect object at 0x7ff2ab7e5b30>,1
98,2131618,IC50,8.52,3.0,CN1C(=O)N(c2cccc(C(F)(F)F)c2)C2=C(C(=O)CC2)C1c1ccc(C#N)cc1C(=O)N1CCC(N2CCOCC2)C1,VURUBOZDIVFUNV-UHFFFAOYSA-N,CHEMBL3922247,235,Leukocyte elastase ,C1CCC(C2CCC(CC3CCCCC3C3CCC(C4CCCCC4)C4CCCC43)C2)CC1,<rdkit.DataStructs.cDataStructs.ExplicitBitVect object at 0x7ff2ab7e5c10>,0
99,560641,IC50,6.77,170.0,Cc1cccc2nc(-c3ccccc3Oc3ccccc3)oc(=O)c12,CUQZYUAABIQJAI-UHFFFAOYSA-N,CHEMBL551405,235,Leukocyte elastase ,C1CCC(CC2CCCCC2C2CCC3CCCCC3C2)CC1,<rdkit.DataStructs.cDataStructs.ExplicitBitVect object at 0x7ff2ab7e5c80>,4
100,1544635,IC50,7.0,100.0,CCC[C@H](NC(=O)[C@@H]1CCCN1C(=O)[C@@H](NC(=O)[C@@H](NC(=O)[C@@H](CC(=O)O)NC(=O)[C@H](CC(=O)O)NC(C)=O)[C@@H](C)CC)C(C)C)C(=O)C(=O)NCc1ccccc1,QCEJIUAKOBMHJA-NWEZCWROSA-N,CHEMBL2370184,235,Leukocyte elastase ,C(CCCC1CCCCC1)CCCC1CCCC1,<rdkit.DataStructs.cDataStructs.ExplicitBitVect object at 0x7ff2ab7e5d60>,3
101,295928,IC50,7.39,41.0,CCOC(=O)c1c(C)nc(C)c(C(=O)OCC)c1-c1ccc(C(=O)NS(=O)(=O)c2ccc(C(=O)N[C@H](C(=O)N3C4CCC(CC4)[C@@H]3C(=O)NC(C(=O)C(F)(F)F)C(C)C)C(C)C)cc2)cc1,OHCTULZDELJOOU-LHIJAJSBSA-N,CHEMBL435348,235,Leukocyte elastase ,C1CCC(C2CCC(CCCC3CCC(CCCCC4CC5CCC4CC5)CC3)CC2)CC1,<rdkit.DataStructs.cDataStructs.ExplicitBitVect object at 0x7ff2ab7ff190>,3
102,409815,IC50,6.45,352.0,CNC(=O)O[C@@H](CC(C)C)c1nc([C@H]2OC(=O)/C(C)=C/C/C(C)=C/[C@@H](O)[C@@H](C)/C=C(C)\C=C(C)/C=C/[C@@H](O)[C@H](C)[C@H](OC)/C(C)=C/C=C/[C@@H]2C)cs1,CUYVVUGLFUIZAZ-YYRKZZGWSA-N,CHEMBL241106,235,Leukocyte elastase ,C1CCCCCCCCCCCC(C2CCCC2)CCCCCCCCCCC1,<rdkit.DataStructs.cDataStructs.ExplicitBitVect object at 0x7ff2ab7ff430>,0
103,2195575,IC50,8.54,2.9,CN1C(=O)N(c2cccc(C(F)(F)F)c2)C2=C(C(=O)CCC2)C1c1ccc(C#N)cc1C(=O)N1CCOCC1,RCAFENOUABRSKR-UHFFFAOYSA-N,CHEMBL3986204,235,Leukocyte elastase ,C1CCC(CC2CCCCC2C2CCC(C3CCCCC3)C3CCCCC32)CC1,<rdkit.DataStructs.cDataStructs.ExplicitBitVect object at 0x7ff2ab7ff4a0>,4
104,394996,IC50,6.17,680.0,CCC[C@H](NC(=O)[C@@H]1[C@H]2CCC[C@H]2CN1C(=O)[C@@H](NC(=O)[C@@H](NC(=O)c1cnccn1)C1CCCCC1)C(C)(C)C)C(=O)C(=O)NC1CC1,BBAWEDCPNXPBQM-GDEBMMAJSA-N,CHEMBL231813,235,Leukocyte elastase ,C(CCCC1C(CCCCC(CCC2CCCCC2)C2CCCCC2)CC2CCCC21)CCC1CC1,<rdkit.DataStructs.cDataStructs.ExplicitBitVect object at 0x7ff2ab7ff7b0>,3
105,253999,IC50,6.64,230.0,CC(C)[C@H](NC(=O)[C@H]1CCCN1C(=O)COc1ccc(OCC(=O)O)cc1)C(=O)c1nc2c(OC(=O)C(C)(C)C)cccc2o1,PVAOFNKIYLGCEQ-RLWLMLJZSA-N,CHEMBL346381,235,Leukocyte elastase ,C1CCC(CCCC2CCCC2CCCCC2CC3CCCCC3C2)CC1,<rdkit.DataStructs.cDataStructs.ExplicitBitVect object at 0x7ff2ab7ff820>,1
106,1573999,IC50,7.92,12.0,CCOC(=O)c1nn(C(=O)c2cccc(C)c2)c2ccc(NC(=O)C3CC3)cc12,ADRQRUHQDUYTFF-UHFFFAOYSA-N,CHEMBL2409575,235,Leukocyte elastase ,C1CCC(CC2CCC3CC(CCC4CC4)CCC23)CC1,<rdkit.DataStructs.cDataStructs.ExplicitBitVect object at 0x7ff2ab7ff9e0>,4
107,506604,IC50,6.77,170.0,N#C[C@@]1(NC(=O)C(N)Cc2sccc2F)C[C@@H]1c1ccccc1,FVCXUKFQJFQVFK-VVARSMMGSA-N,CHEMBL515494,235,Leukocyte elastase ,C1CCC(C2CC2CCCCC2CCCC2)CC1,<rdkit.DataStructs.cDataStructs.ExplicitBitVect object at 0x7ff2ab7dc0b0>,2
108,1975379,IC50,7.5,32.0,N#Cc1ccc([C@H]2NC(=O)N(c3cccc(C(F)(F)F)c3)C3=C2C(=O)NN(Cc2ccccc2F)C3)cc1,PZJBJICBUJRZED-XMMPIXPASA-N,CHEMBL3642659,235,Leukocyte elastase ,C1CCC(CC2CCC3C(C4CCCCC4)CCC(C4CCCCC4)C3C2)CC1,<rdkit.DataStructs.cDataStructs.ExplicitBitVect object at 0x7ff2ab7dc3c0>,4
109,2170166,IC50,6.97,106.0,CS(=O)(=O)c1cc(C#N)ccc1[C@H]1C2=C(CCC2=O)N(c2cccc(C(F)(F)F)c2)C(=O)N1CC1COC1,GDDCVCMWXCUCIC-DEOSSOPVSA-N,CHEMBL3960795,235,Leukocyte elastase ,C1CCC(C2CC(CC3CCC3)C(C3CCCCC3)C3CCCC23)CC1,<rdkit.DataStructs.cDataStructs.ExplicitBitVect object at 0x7ff2ab7dc6d0>,4
110,558839,IC50,7.13,74.0,Cc1cccc2nc(-c3cccnc3N3CCN(C4CCN(C)CC4)CC3)oc(=O)c12,LHSFZFBHRNZRTA-UHFFFAOYSA-N,CHEMBL560589,235,Leukocyte elastase ,C1CCC(C2CCC(C3CCCCC3C3CCC4CCCCC4C3)CC2)CC1,<rdkit.DataStructs.cDataStructs.ExplicitBitVect object at 0x7ff2ab7dc7b0>,0
111,264134,IC50,6.86,138.0,CC(C)C(NC(=O)CN(Cc1ccco1)C(=O)[C@@H](NC(=O)c1ccc(C(=O)NS(=O)(=O)c2ccc(Cl)cc2)cc1)C(C)C)C(=O)C(F)(F)F,VDKJYEIAMZITMG-GEVKEYJPSA-N,CHEMBL422356,235,Leukocyte elastase ,C(CCCC1CCC(CCCC2CCCCC2)CC1)CCC1CCCC1,<rdkit.DataStructs.cDataStructs.ExplicitBitVect object at 0x7ff2ab7dc970>,3
112,2099475,IC50,7.55,28.0,Cc1c(-c2cccc(C(F)F)c2)c(=O)c(C(=O)NCc2cn3ccccc3n2)cn1C(C)C,FSICGUDGFWDIPS-UHFFFAOYSA-N,CHEMBL3890104,235,Leukocyte elastase ,C1CCC(C2CCCC(CCCC3CC4CCCCC4C3)C2)CC1,<rdkit.DataStructs.cDataStructs.ExplicitBitVect object at 0x7ff2ab7dc9e0>,1
113,2131993,IC50,7.35,45.0,Cc1c(-c2cccc(C(F)F)c2)c(=O)c(C(=O)NCc2ccc3c(cnn3C)c2)cn1C(C)C,VOCKBYWTXINHIB-UHFFFAOYSA-N,CHEMBL3922622,235,Leukocyte elastase ,C1CCC(C2CCCC(CCCC3CCC4CCCC4C3)C2)CC1,<rdkit.DataStructs.cDataStructs.ExplicitBitVect object at 0x7ff2ab7dccf0>,1
114,1608201,IC50,6.17,670.0,CC(C)(C)C(=O)Oc1coc(CSc2nc3ccccc3o2)cc1=O,NIVRVFVVWWFNIB-UHFFFAOYSA-N,CHEMBL3093816,235,Leukocyte elastase ,C1CCC(CCC2CC3CCCCC3C2)CC1,<rdkit.DataStructs.cDataStructs.ExplicitBitVect object at 0x7ff2ab7dce40>,1
115,2250913,IC50,7.43,37.0,CC[C@@H](C)n1cc(C(=O)NCc2nnc(C)o2)c(=O)c(-c2cccc(C(F)(F)F)c2)c1C,QGPWXVOFVUVYDG-GFCCVEGCSA-N,CHEMBL4111562,235,Leukocyte elastase ,C1CCC(C2CCCC(CCCC3CCCC3)C2)CC1,<rdkit.DataStructs.cDataStructs.ExplicitBitVect object at 0x7ff2ab19a270>,1
116,179301,IC50,6.66,220.0,CC(C)[C@H](NC(=O)[C@H](CCC(=O)O)NC(=O)[C@@H](N)CC(=O)O)C(=O)N[C@H](C(=O)N1CCC[C@@H]1C(=O)N[C@@H](CCc1ccc(Oc2ccccc2)cc1)B1O[C@@H]2C[C@@H]3C[C@@H](C3(C)C)[C@]2(C)O1)C(C)C,DXPGMMXRSXDODO-DSUVQJOGSA-N,CHEMBL413150,235,Leukocyte elastase ,C1CCC(CC2CCC(CCC(CCC3CCCC3)C3CC4CC5CC(C5)C4C3)CC2)CC1,<rdkit.DataStructs.cDataStructs.ExplicitBitVect object at 0x7ff2ab19a350>,3
117,562507,IC50,6.82,150.0,COc1cc(C2CCC2)c2c(=O)oc(-c3cccnc3N3CCN(C)CC3)nc2c1,SXAFYUPGGIPTIS-UHFFFAOYSA-N,CHEMBL564058,235,Leukocyte elastase ,C1CCC(C2CCCCC2C2CCC3C(CCCC3C3CCC3)C2)CC1,<rdkit.DataStructs.cDataStructs.ExplicitBitVect object at 0x7ff2ab19a510>,0
118,2132635,IC50,8.46,3.5,N#Cc1ccc(C2C3=C(CCC3=O)N(c3cccc(C(F)(F)F)c3)C(=O)N2CC(=O)N2CC3CC3C2)cc1,ZYOKZYCTNOSXEC-UHFFFAOYSA-N,CHEMBL3923264,235,Leukocyte elastase ,C1CCC(C2CC(CCC3CC4CC4C3)C(C3CCCCC3)C3CCCC23)CC1,<rdkit.DataStructs.cDataStructs.ExplicitBitVect object at 0x7ff2ab19a5f0>,1
119,254621,IC50,7.89,13.0,CC(C)[C@H](NC(=O)[C@@H]1CCCN1C(=O)[C@@H](NC(=O)COC(=O)c1ccc(OCC(=O)O)cc1)C(C)C)C(=O)c1nc2ccccc2o1,FQKMMETXLGNJLZ-RNCAPKPVSA-N,CHEMBL152303,235,Leukocyte elastase ,C(CCCC1CCCCC1)CCCC1CCCC1CCCCC1CC2CCCCC2C1,<rdkit.DataStructs.cDataStructs.ExplicitBitVect object at 0x7ff2ab19a7b0>,3
120,548701,IC50,7.58,26.0,CC(C)[C@H]1C(=O)N(S(C)(=O)=O)[C@H]2CN(C(=O)/C=C/CN3CCCCC3)CC12,ACTHWTXHQUJEPZ-VWTAODDMSA-N,CHEMBL534687,235,Leukocyte elastase ,C1CCC(CCCCC2CC3CCCC3C2)CC1,<rdkit.DataStructs.cDataStructs.ExplicitBitVect object at 0x7ff2ab19ad60>,1
121,548731,IC50,6.62,242.0,CC(C)[C@H]1C(=O)N(S(C)(=O)=O)[C@H]2CN(C(=O)CCN3CCCCC3)C[C@H]12,MKVPGCMYNXRNNU-NOYXXFKXSA-N,CHEMBL557364,235,Leukocyte elastase ,C1CCC(CCCC2CC3CCCC3C2)CC1,<rdkit.DataStructs.cDataStructs.ExplicitBitVect object at 0x7ff2ab199040>,1
122,265274,IC50,6.66,217.0,CC(C)C(NC(=O)CN(Cc1ccccc1)C(=O)[C@@H](NC(=O)c1ccc(C(=O)NS(=O)(=O)c2ccc(Cl)cc2)cc1)C(C)C)C(=O)C(F)(F)F,FVTMMXGQLWOOKX-XIJSCUBXSA-N,CHEMBL159116,235,Leukocyte elastase ,C(CCCC1CCC(CCCC2CCCCC2)CC1)CCC1CCCCC1,<rdkit.DataStructs.cDataStructs.ExplicitBitVect object at 0x7ff2ab1992e0>,3
123,564206,IC50,7.47,34.0,CCc1cc(OC)cc2nc(-c3cccnc3N3CCN(C4CCCC4)CC3)oc(=O)c12,KKDHJXDWTVNXPT-UHFFFAOYSA-N,CHEMBL549709,235,Leukocyte elastase ,C1CCC(C2CCC(C3CCCCC3C3CCC4CCCCC4C3)CC2)C1,<rdkit.DataStructs.cDataStructs.ExplicitBitVect object at 0x7ff2ab199430>,0
124,133938,IC50,6.0,1000.0,CC(=O)OCC1=C(C(=O)OC(C)(C)C)N2C(=O)[C@H](Oc3ccccc3)[C@H]2S(=O)(=O)C1,HRSIFZHYQGBLKT-FUHWJXTLSA-N,CHEMBL309197,235,Leukocyte elastase ,C1CCC(CC2CC3CCCCC32)CC1,<rdkit.DataStructs.cDataStructs.ExplicitBitVect object at 0x7ff2ab1994a0>,4
125,2180955,IC50,7.23,59.0,Cc1c(-c2cccc(C(F)(F)F)c2)c(=O)c(C(=O)NCc2ccc(S(C)(=O)=O)cc2)cn1CC1CC1,VHEOSOAFKGTLTP-UHFFFAOYSA-N,CHEMBL3971584,235,Leukocyte elastase ,C1CCC(CCCC2CC(CC3CC3)CC(C3CCCCC3)C2)CC1,<rdkit.DataStructs.cDataStructs.ExplicitBitVect object at 0x7ff2ab199580>,1
126,560681,IC50,6.92,120.0,COc1cc(C2CC2)c2c(=O)oc(-c3cccnc3N3CCN(C)CC3)nc2c1,DTMPPDFJHKREJI-UHFFFAOYSA-N,CHEMBL549582,235,Leukocyte elastase ,C1CCC(C2CCCCC2C2CCC3C(CCCC3C3CC3)C2)CC1,<rdkit.DataStructs.cDataStructs.ExplicitBitVect object at 0x7ff2ab199ac0>,0
127,69363,IC50,7.0,100.0,O=C1N(Cc2ccccc2)C(=O)N1Cc1ccccc1,PGIXYPNBNAOYHW-UHFFFAOYSA-N,CHEMBL47394,235,Leukocyte elastase ,C1CCC(CC2CC(CC3CCCCC3)C2)CC1,<rdkit.DataStructs.cDataStructs.ExplicitBitVect object at 0x7ff2ab199b30>,4
128,1574001,IC50,6.48,330.0,CCOC(=O)c1nn(C(=O)c2cccc(C)c2)c2ccc(Nc3ccccc3)cc12,PHAHLUBDERYKHR-UHFFFAOYSA-N,CHEMBL2409576,235,Leukocyte elastase ,C1CCC(CC2CCC3C(CC4CCCCC4)CCC3C2)CC1,<rdkit.DataStructs.cDataStructs.ExplicitBitVect object at 0x7ff2ab199cf0>,4
129,2149735,IC50,8.82,1.5,N#Cc1ccc(C2C3=C(CCC3=O)N(c3cccc(C(F)(F)F)c3)C(=O)N2C(=O)NCC2COCCO2)cc1,HPXDMNXQGSPPNS-UHFFFAOYSA-N,CHEMBL3940364,235,Leukocyte elastase ,C1CCC(CCCC2CC(C3CCCCC3)C3CCCC3C2C2CCCCC2)CC1,<rdkit.DataStructs.cDataStructs.ExplicitBitVect object at 0x7ff2ab198350>,2
130,1573998,IC50,7.0,100.0,CCOC(=O)c1nn(C(=O)c2cccc(C)c2)c2ccc(NC(=O)C3CCCCC3)cc12,SPZFWGLIGJYXRE-UHFFFAOYSA-N,CHEMBL2409574,235,Leukocyte elastase ,C1CCC(CCC2CCC3C(CC4CCCCC4)CCC3C2)CC1,<rdkit.DataStructs.cDataStructs.ExplicitBitVect object at 0x7ff2ab198c10>,4
131,2188181,IC50,7.05,89.5,CC1CN(C(=O)N2C(=O)N(c3cccc(C(F)(F)F)c3)C3=C(C(=O)CC3)C2c2ccc(C#N)cc2)CC1C,QARVPVBQVSZNQP-UHFFFAOYSA-N,CHEMBL3978810,235,Leukocyte elastase ,C1CCC(C2CC(CC3CCCC3)C(C3CCCCC3)C3CCCC23)CC1,<rdkit.DataStructs.cDataStructs.ExplicitBitVect object at 0x7ff2ab198cf0>,4
132,1547461,IC50,7.5,32.0,CC(C)[C@H](NC(=O)OC(C)(C)C)C(=O)N1C2CCC(CC2)[C@@H]1C(=O)N[C@H](C(=O)C(F)(F)F)C(C)C,POVHMTSKZXKOCN-NUUXYWTLSA-N,CHEMBL2373010,235,Leukocyte elastase ,C1CC2CCC1CC2,<rdkit.DataStructs.cDataStructs.ExplicitBitVect object at 0x7ff2ab1970b0>,3
133,2118259,IC50,8.96,1.1,CN(C(=O)CN1C(=O)N(c2cccc(C(F)(F)F)c2)C2=C(C(=O)CC2)C1c1ccc(C#N)cc1)C1CC1,NJLUEIZBKKSELH-UHFFFAOYSA-N,CHEMBL3908888,235,Leukocyte elastase ,C1CCC(C2CC(CCCC3CC3)C(C3CCCCC3)C3CCCC23)CC1,<rdkit.DataStructs.cDataStructs.ExplicitBitVect object at 0x7ff2ab197200>,2
134,130637,IC50,8.143333333333333,23.0,CCC[C@@H](NC(=O)N1C(=O)C(CC)(CC)[C@@H]1Oc1ccc(C(=O)N2CCN(C)CC2)cc1)c1ccc2c(c1)OCO2,ZSDCIRYNTCVTMF-GIGWZHCTSA-N,CHEMBL310871,235,Leukocyte elastase ,C1CCC(CC2CCC(CC3CCC3CCCC3CCC4CCCC4C3)CC2)CC1,<rdkit.DataStructs.cDataStructs.ExplicitBitVect object at 0x7ff2ab197350>,4
135,279923,IC50,6.42,380.0,CO[C@H]1C(=O)N2C(C(=O)OC(C)(C)C)=C(C)C(=C3SCCS3)S(=O)(=O)C12,SYALQENZFZLDTR-NKUHCKNESA-N,CHEMBL354199,235,Leukocyte elastase ,C1CCC(C2CCC3CCC3C2)C1,<rdkit.DataStructs.cDataStructs.ExplicitBitVect object at 0x7ff2ab197430>,0
136,264379,IC50,6.16,693.0,COc1ccc(CCN(CC(=O)NC(C(=O)C(F)(F)F)C(C)C)C(=O)[C@@H](NC(=O)OCc2ccccc2)C(C)C)cc1OC,JORCZFGTWLRNKD-GEVKEYJPSA-N,CHEMBL280319,235,Leukocyte elastase ,C(CCCCC1CCCCC1)CCCCC1CCCCC1,<rdkit.DataStructs.cDataStructs.ExplicitBitVect object at 0x7ff2ab197660>,3
137,1608206,IC50,6.35,450.0,CC(C)(C)C(=O)Oc1coc(CSc2nnc(NC(=O)c3ccccc3)s2)cc1=O,QIYIURIHRKMCHH-UHFFFAOYSA-N,CHEMBL3093821,235,Leukocyte elastase ,C1CCC(CCC2CCC(CCC3CCCCC3)C2)CC1,<rdkit.DataStructs.cDataStructs.ExplicitBitVect object at 0x7ff2ab197ac0>,3
138,179021,IC50,6.4,400.0,CC(C)[C@H](NC(=O)[C@H](CCC(=O)O)NC(=O)[C@@H](N)CC(=O)O)C(=O)N[C@H](C(=O)N1CCC[C@@H]1C(=O)N[C@@H](CCCCc1ccccc1)B1O[C@@H]2C[C@@H]3C[C@@H](C3(C)C)[C@]2(C)O1)C(C)C,RBWUMQWKDAKXDV-JGJJZIBLSA-N,CHEMBL419567,235,Leukocyte elastase ,C1CCC(CCCCC(CCC2CCCC2)C2CC3CC4CC(C4)C3C2)CC1,<rdkit.DataStructs.cDataStructs.ExplicitBitVect object at 0x7ff2ab197b30>,3
139,159805,IC50,6.05,900.0,CO[C@@H]1C(=O)N(C(=O)NCc2ccncc2)[C@H]1Cc1ccccc1,MPJKKWKZCQFDKW-HOTGVXAUSA-N,CHEMBL318482,235,Leukocyte elastase ,C1CCC(CCCC2CCC2CC2CCCCC2)CC1,<rdkit.DataStructs.cDataStructs.ExplicitBitVect object at 0x7ff2ab197f20>,3
140,253955,IC50,6.89,130.0,CC(C)[C@H](NC(=O)COc1ccc(OCC(=O)O)cc1)C(=O)c1nc2c(OC(=O)C(C)(C)C)cccc2o1,RMFCQAPICUNNOK-QFIPXVFZSA-N,CHEMBL152211,235,Leukocyte elastase ,C(CCCC1CC2CCCCC2C1)CCC1CCCCC1,<rdkit.DataStructs.cDataStructs.ExplicitBitVect object at 0x7ff2ab197f90>,3
141,2174990,IC50,8.85,1.4,Cc1c(-c2cccc(C(F)(F)F)c2)c(=O)c(C(=O)NCc2ccc(S(=O)(=NC#N)C3CC3)cc2)cn1C(C)C,SDPUZAQJFQEMQK-UHFFFAOYSA-N,CHEMBL3965619,235,Leukocyte elastase ,C1CCC(C2CCCC(CCCC3CCC(CC4CC4)CC3)C2)CC1,<rdkit.DataStructs.cDataStructs.ExplicitBitVect object at 0x7ff2ab196200>,1
142,179776,IC50,6.4,400.0,CC(C)[C@H](NC(=O)[C@H](CCC(=O)O)NC(=O)[C@@H](N)CC(=O)O)C(=O)N[C@H](C(=O)N1CCC[C@@H]1C(=O)N[C@@H](CCc1ccc(C2CCCCC2)cc1)B1O[C@@H]2C[C@@H]3C[C@@H](C3(C)C)[C@]2(C)O1)C(C)C,BIOAIESFQROFGZ-GQDBRDKRSA-N,CHEMBL108657,235,Leukocyte elastase ,C1CCC(C2CCC(CCC(CCC3CCCC3)C3CC4CC5CC(C5)C4C3)CC2)CC1,<rdkit.DataStructs.cDataStructs.ExplicitBitVect object at 0x7ff2ab196430>,1
143,125953,IC50,6.75,180.0,C/C=C1\NC(=O)[C@H]2NC(=O)[C@@H](NC(=O)C(C)C)CCCNC(=O)Nc3cc(O)c(O)cc3C[C@@H](C(=O)N[C@@H](C(C)C)C(=O)O[C@H]2C)N(C)C(=O)[C@H](Cc2ccccc2)N2C(=O)[C@H](CC[C@H]2O)NC1=O,MHMMGTGXNPFNAJ-MVPXUFHVSA-N,CHEMBL437538,235,Leukocyte elastase ,C1CCCCC2CCCCCCC(CCC(CC3CCCCC3)C3CCCC(CCCCC2)C3)CC2CCCCC2CCCC1,<rdkit.DataStructs.cDataStructs.ExplicitBitVect object at 0x7ff2ab196580>,4
144,2192664,IC50,7.73,18.6,N#Cc1ccc(C2C3=C(CCC3=O)N(c3cccc(C(F)(F)F)c3)C(=O)N2CC(=O)NCCN2CCCC2)cc1,XPSHOCUFOSYYTO-UHFFFAOYSA-N,CHEMBL3983293,235,Leukocyte elastase ,C1CCC(C2CC(CCCCCC3CCCC3)C(C3CCCCC3)C3CCCC23)CC1,<rdkit.DataStructs.cDataStructs.ExplicitBitVect object at 0x7ff2ab1965f0>,3
145,2367177,IC50,6.1,794.33,Cc1cccc2c1B(O)OC(c1ccc(C(=N)N)c(OCc3cccnc3)c1)C2,LQXAUZRGEUWLRB-UHFFFAOYSA-N,CHEMBL4460168,235,Leukocyte elastase ,C1CCC(CCC2CCCC(C3CCC4CCCCC4C3)C2)CC1,<rdkit.DataStructs.cDataStructs.ExplicitBitVect object at 0x7ff2ab1967b0>,1
146,2114182,IC50,8.85,1.4,CCOC(=O)C1=C(C)N(c2cccc(C(F)(F)F)c2)C(=O)N(C)C1c1ccc(C#N)cc1C(=O)NC1CCOCC1,RULWMLQFCHTMPK-UHFFFAOYSA-N,CHEMBL3904811,235,Leukocyte elastase ,C1CCC(CCC2CCCCC2C2CCC(C3CCCCC3)CC2)CC1,<rdkit.DataStructs.cDataStructs.ExplicitBitVect object at 0x7ff2ab196890>,2
147,69496,IC50,7.24,58.0,CCN1C(=O)N(CC)C1=O,BYVVCQVQZLFQOJ-UHFFFAOYSA-N,CHEMBL298276,235,Leukocyte elastase ,C1CCC1,<rdkit.DataStructs.cDataStructs.ExplicitBitVect object at 0x7ff2ab196d60>,3
148,264690,IC50,7.14,73.0,CC(C)C(NC(=O)CNC(=O)[C@@H](NC(=O)c1ccc(C(=O)NS(=O)(=O)c2ccc(Cl)cc2)cc1)C(C)C)C(=O)C(F)(F)F,WYEWBNCUSYEPNA-KEKNWZKVSA-N,CHEMBL158735,235,Leukocyte elastase ,C1CCC(CCCC2CCCCC2)CC1,<rdkit.DataStructs.cDataStructs.ExplicitBitVect object at 0x7ff2ab196eb0>,3
149,2160958,IC50,7.37,43.0,Cc1nnc(CNC(=O)c2cn(C3CCCC3)c(C)c(-c3cccc(C(F)(F)F)c3)c2=O)o1,PWXOJMZQKNTMGT-UHFFFAOYSA-N,CHEMBL3951587,235,Leukocyte elastase ,C1CCC(C2CC(CCCC3CCCC3)CC(C3CCCC3)C2)CC1,<rdkit.DataStructs.cDataStructs.ExplicitBitVect object at 0x7ff2ab195190>,1
150,264648,IC50,7.21,61.0,CC(C)C(NC(=O)CN(C(=O)[C@@H](NC(=O)c1ccc(C(=O)NS(=O)(=O)c2ccc(Cl)cc2)cc1)C(C)C)C1CC2CCC1C2)C(=O)C(F)(F)F,VOZIXRPVZNFJIB-JSBHGNKRSA-N,CHEMBL435649,235,Leukocyte elastase ,C1CCC(CCCC2CCC(CCCCCC3CC4CCC3C4)CC2)CC1,<rdkit.DataStructs.cDataStructs.ExplicitBitVect object at 0x7ff2ab1954a0>,3
151,88796,IC50,7.7,20.0,Cc1c(C)c2c(c(C)c1O)CC(C)(C(=O)NS(=O)(=O)c1ccc(C(=O)NC(C(=O)N3C4CCC(CC4)[C@@H]3C(=O)NC(C(=O)C(F)(F)F)C(C)C)C(C)C)cc1)CO2,DCOGSJWSQGUXPZ-NWSQPUAGSA-N,CHEMBL56876,235,Leukocyte elastase ,C(CCC1CC2CCC1CC2)CC1CCC(CCCC2CCC3CCCCC3C2)CC1,<rdkit.DataStructs.cDataStructs.ExplicitBitVect object at 0x7ff2ab195970>,3
152,2355832,IC50,6.99,103.0,C/C=C1\NC(=O)[C@@H](NC(=O)[C@H](CCC(N)=O)NC(=O)CC2CCCCC2)[C@@H](C)OC(=O)[C@H](C(C)C)NC(=O)[C@H](Cc2ccc(O)cc2)N(C)C(=O)[C@H](Cc2ccccc2)N2C(=O)[C@H](CC[C@H]2O)NC1=O,WYZKOZPONGSWQB-BEIAZIKSSA-N,CHEMBL4448823,235,Leukocyte elastase ,C(CCCC1CCCCCCC(CC2CCCCC2)CCC(CC2CCCCC2)C2CCCC(CCCCC1)C2)CCC1CCCCC1,<rdkit.DataStructs.cDataStructs.ExplicitBitVect object at 0x7ff2ab195c80>,3
153,2177909,IC50,8.08,8.3,N#Cc1ccc(C2C3=C(CCC3=O)N(c3cccc(C(F)(F)F)c3)C(=O)N2CC(=O)N2CCN3CCCC3C2)cc1,BNFQOCHQLWGGHZ-UHFFFAOYSA-N,CHEMBL3968538,235,Leukocyte elastase ,C1CCC(C2CC(CCC3CCC4CCCC4C3)C(C3CCCCC3)C3CCCC23)CC1,<rdkit.DataStructs.cDataStructs.ExplicitBitVect object at 0x7ff2ab194430>,0
154,117379,IC50,6.16,700.0,CC(C)C1C(=O)N2C(C(=O)OCc3ccccc3)=C(CSc3nnnn3C)S[C@H]12,PCVZZJWGMJBSKX-FBMWCMRBSA-N,CHEMBL72575,235,Leukocyte elastase ,C1CCC(CCCC2C(CCC3CCCC3)CC3CCC32)CC1,<rdkit.DataStructs.cDataStructs.ExplicitBitVect object at 0x7ff2ab1949e0>,2
155,2104166,IC50,8.42,3.8,CCOC(=O)C1=C(C)N(c2cccc(C(F)(F)F)c2)C(=O)N(C)C1c1ccc(C#N)cc1C(=O)N1CCN2CCOCC2C1,YVDUZJJZSGRAJD-UHFFFAOYSA-N,CHEMBL3894795,235,Leukocyte elastase ,C1CCC(C2CCC(C3CCCCC3CC3CCC4CCCCC4C3)CC2)CC1,<rdkit.DataStructs.cDataStructs.ExplicitBitVect object at 0x7ff2ab194eb0>,2
156,2130461,IC50,7.79,16.2,CN1C(=O)N(c2cccc(C(F)(F)F)c2)C2=C(C(=O)CC2)C1c1ccc(C#N)cc1C(=O)N1CCN2CCOCC2C1,AJNZUONHWDFJJZ-UHFFFAOYSA-N,CHEMBL3921090,235,Leukocyte elastase ,C1CCC(C2CCC(C3CCCCC3CC3CCC4CCCCC4C3)C3CCCC23)CC1,<rdkit.DataStructs.cDataStructs.ExplicitBitVect object at 0x7ff2ab193350>,0
157,264330,IC50,6.885,73.0,CC(C)C(NC(=O)C1Cc2ccccc2CN1C(=O)[C@@H](NC(=O)OCc1ccccc1)C(C)C)C(=O)C(F)(F)F,IKRCWAVITYKYTF-VHYCJAOWSA-N,CHEMBL160365,235,Leukocyte elastase ,C(CCCC1CCC2CCCCC2C1)CCC1CCCCC1,<rdkit.DataStructs.cDataStructs.ExplicitBitVect object at 0x7ff2ab1934a0>,3
158,592102,IC50,7.21,62.0,CC(C)[C@H](NC(=O)[C@@H]1CCCN1C(=O)[C@@H](NC(=O)CN1CCN(CC(=O)O)CC1)C(C)C)C(=O)c1nc2ccccc2o1,VOBNDVZWACLUFY-MZBJOSPHSA-N,CHEMBL594497,235,Leukocyte elastase ,C1CCC(CCCCCC2CCCC2CCCCC2CC3CCCCC3C2)CC1,<rdkit.DataStructs.cDataStructs.ExplicitBitVect object at 0x7ff2ab193660>,1
159,2249473,IC50,8.14,7.3,CN1C(=O)N(c2cccc(C(F)(F)F)c2)C2=C(C(=O)CC2)C1c1ccc(C#N)cc1C(=O)N1C[C@H]2C[C@@H]1CN2,IJJLDWXORNOSEC-ZLGCBRMASA-N,CHEMBL4110122,235,Leukocyte elastase ,C1CCC(C2CCC(C3CCCCC3CC3CC4CCC3C4)C3CCCC23)CC1,<rdkit.DataStructs.cDataStructs.ExplicitBitVect object at 0x7ff2ab193740>,0
160,2194030,IC50,8.52,3.0,CCOC(=O)C1=C(C)N(c2cccc(C(F)(F)F)c2)C(=O)N(C)C1c1ccc(C#N)cc1C(=O)N1CCC1,FWUNDCBEIRXGDC-UHFFFAOYSA-N,CHEMBL3984659,235,Leukocyte elastase ,C1CCC(C2CCC(C3CCCCC3CC3CCC3)CC2)CC1,<rdkit.DataStructs.cDataStructs.ExplicitBitVect object at 0x7ff2ab193f90>,2
161,264178,IC50,7.19,65.0,CC(C)C(NC(=O)C1CCCN1C(=O)[C@@H](NC(=O)OC(C)(C)C)C(C)C)C(=O)C(F)(F)F,QIBCNTBFHAAXOX-NRXISQOPSA-N,CHEMBL423067,235,Leukocyte elastase ,C1CCCC1,<rdkit.DataStructs.cDataStructs.ExplicitBitVect object at 0x7ff2ab191350>,3
162,2135493,IC50,8.22,6.0,CN1C(=O)N(c2cccc(C(F)(F)F)c2)C2=C(C(=O)CC2)C1c1ccc(C#N)cc1-c1ccc2c(ccn2C)c1,UXHRULIUKCWUBH-UHFFFAOYSA-N,CHEMBL3926122,235,Leukocyte elastase ,C1CCC(C2CCC(C3CCCCC3C3CCC4CCCC4C3)C3CCCC23)CC1,<rdkit.DataStructs.cDataStructs.ExplicitBitVect object at 0x7ff2ab191510>,0
163,2172846,IC50,8.54,2.9,N#Cc1ccc(C2C3=C(CCC3=O)N(c3cccc(C(F)(F)F)c3)C(=O)N2CC(=O)N2CCc3[nH]c(=O)ccc3C2)cc1,FRARKFLNBJSASC-UHFFFAOYSA-N,CHEMBL3963475,235,Leukocyte elastase ,C1CCC(C2CC(CCC3CCC4CCCCC4C3)C(C3CCCCC3)C3CCCC23)CC1,<rdkit.DataStructs.cDataStructs.ExplicitBitVect object at 0x7ff2ab1915f0>,0
164,88938,IC50,7.34,46.0,CC(C)C(NC(=O)c1ccc(Cl)c(S(=O)(=O)NC(=O)CSc2cc(C(C)(C)C)c(O)c(C(C)(C)C)c2)c1)C(=O)N1[C@@H](C(=O)NC(C(=O)C(F)(F)F)C(C)C)C[C@H]2CCCC[C@H]21,RGZKGGRGAWVTHE-NETZONFISA-N,CHEMBL57041,235,Leukocyte elastase ,C1CCC(CCCCCC2CCCC(CCCCC3CCC4CCCCC34)C2)CC1,<rdkit.DataStructs.cDataStructs.ExplicitBitVect object at 0x7ff2ab191890>,4
165,264578,IC50,6.96,110.0,CC(C)C(NC(=O)C1Cc2ccccc2CN1C(=O)[C@@H](NC(=O)c1ccc(C(=O)NS(=O)(=O)c2ccc(Cl)cc2)cc1)C(C)C)C(=O)C(F)(F)F,OEZIHTMPBQHKKL-PPUMFKDSSA-N,CHEMBL158216,235,Leukocyte elastase ,C1CCC(CCCC2CCC(CCCCC3CCC4CCCCC4C3)CC2)CC1,<rdkit.DataStructs.cDataStructs.ExplicitBitVect object at 0x7ff2ab191dd0>,3
166,117383,IC50,7.0,100.0,CC1(C)[C@H](C(=O)OCC(F)(F)F)N2C(=O)[C@H](NC(=O)C(F)(F)F)[C@H]2S1(=O)=O,NXVVVSMTVSDJKA-KZLJYQGOSA-N,CHEMBL306508,235,Leukocyte elastase ,C1CC2CCC2C1,<rdkit.DataStructs.cDataStructs.ExplicitBitVect object at 0x7ff2ab191f20>,0
167,265305,IC50,7.17,67.0,CC(C)C(NC(=O)CN(C(=O)[C@@H](NC(=O)c1ccc(C(=O)NS(=O)(=O)c2ccc(Cl)cc2)cc1)C(C)C)C1CCCCCCC1)C(=O)C(F)(F)F,GXDFZMPHZIQPQT-ZSXSBBPPSA-N,CHEMBL352244,235,Leukocyte elastase ,C1CCCC(CCCCCC2CCC(CCCC3CCCCC3)CC2)CCC1,<rdkit.DataStructs.cDataStructs.ExplicitBitVect object at 0x7ff2ab1900b0>,3
168,555441,IC50,6.07,850.0,COc1cc(C2CCC2)c2c(=O)oc(-c3cccnc3N3CCN(C4CCN(C)CC4)CC3)nc2c1,CFOAWNKMMBOXJJ-UHFFFAOYSA-N,CHEMBL559678,235,Leukocyte elastase ,C1CCC(C2CCC(C3CCCCC3C3CCC4C(CCCC4C4CCC4)C3)CC2)CC1,<rdkit.DataStructs.cDataStructs.ExplicitBitVect object at 0x7ff2ab1903c0>,0
169,2111798,IC50,8.2,6.3,CN1C(=O)N(c2cccc(C(F)(F)F)c2)C2=C(C(=O)CC2)C1c1ccc(C#N)cc1C(=O)NC1CC1,GZVGIKMVTONQQY-UHFFFAOYSA-N,CHEMBL3902427,235,Leukocyte elastase ,C1CCC(C2CCC(C3CCCCC3CCC3CC3)C3CCCC23)CC1,<rdkit.DataStructs.cDataStructs.ExplicitBitVect object at 0x7ff2ab190890>,2
170,32135,IC50,6.21,610.0,COc1ccc2c(c1)CCC=C2c1nc2ccccc2c(=O)o1,NMZHFUYEMRFDQC-UHFFFAOYSA-N,CHEMBL26233,235,Leukocyte elastase ,C1CCC2CC(C3CCCC4CCCCC43)CCC2C1,<rdkit.DataStructs.cDataStructs.ExplicitBitVect object at 0x7ff2ab190970>,0
171,1054586,IC50,6.3,500.0,CCOC(=O)/C=C1\[C@@H](C(C)O[Si](C)(C)C(C)(C)C)C(=O)N1C(=O)c1cc(OCc2ccccc2)c(OCc2ccccc2)c(OCc2ccccc2)c1,MCGJTYKTHYDJNH-QMUCXUOUSA-N,CHEMBL1631754,235,Leukocyte elastase ,C1CCC(CCC2CC(CC3CCC3)CC(CCC3CCCCC3)C2CCC2CCCCC2)CC1,<rdkit.DataStructs.cDataStructs.ExplicitBitVect object at 0x7ff2ab190f20>,1
172,264595,IC50,6.34,452.0,CCOC(=O)CCC(=O)Nc1nc(/C(=N\OC)C(=O)N[C@H](C(=O)N(CC(=O)NC(C(=O)C(F)(F)F)C(C)C)C2Cc3ccccc3C2)C(C)C)cs1,LXWLHQGOHNOQHE-XHQDSURNSA-N,CHEMBL158647,235,Leukocyte elastase ,C(CCCC1CC2CCCCC2C1)CCC1CCCC1,<rdkit.DataStructs.cDataStructs.ExplicitBitVect object at 0x7ff2ab190f90>,3
173,1574000,IC50,7.3,50.0,CCOC(=O)c1nn(C(=O)c2cccc(C)c2)c2ccc(NC(=O)C3CCCC3)cc12,SEMFINVVJLHWGT-UHFFFAOYSA-N,CHEMBL2407116,235,Leukocyte elastase ,C1CCC(CC2CCC3CC(CCC4CCCC4)CCC23)CC1,<rdkit.DataStructs.cDataStructs.ExplicitBitVect object at 0x7ff2ab18f040>,4
174,2134333,IC50,8.66,2.2,CN1C(=O)N(c2cccc(C(F)(F)F)c2)C2=C(C(=O)CC2)C1c1ccc(C#N)cc1C(=O)N1CCC1,HHYPITXABGBNEA-UHFFFAOYSA-N,CHEMBL3924962,235,Leukocyte elastase ,C1CCC(C2CCC(C3CCCCC3CC3CCC3)C3CCCC23)CC1,<rdkit.DataStructs.cDataStructs.ExplicitBitVect object at 0x7ff2ab18f0b0>,4
175,88140,IC50,7.42,38.0,CC(C)C(NC(=O)c1ccc(S(=O)(=O)NC(=O)Cc2cc(C(C)(C)C)c(O)c(C(C)(C)C)c2)cc1)C(=O)N1[C@@H](C(=O)NC(C(=O)C(F)(F)F)C(C)C)C[C@H]2CCCC[C@H]21,SCJZIRCKIYZBPW-KDTHFSRRSA-N,CHEMBL56685,235,Leukocyte elastase ,C1CCC(CCCCC2CCC(CCCCC3CCC4CCCCC34)CC2)CC1,<rdkit.DataStructs.cDataStructs.ExplicitBitVect object at 0x7ff2ab18f270>,4
176,88862,IC50,8.52,3.0,CC(C)(CS(=O)(=O)c1ccc(OC(=O)C(C)(C)c2ccc(C(C)(C)C(=O)Oc3ccc(S(=O)(=O)CC(C)(C)C(=O)O)cc3)cc2)cc1)C(=O)O,HVXFLNJFYRWDQU-UHFFFAOYSA-N,CHEMBL56605,235,Leukocyte elastase ,C1CCC(CCCC2CCC(CCCC3CCCCC3)CC2)CC1,<rdkit.DataStructs.cDataStructs.ExplicitBitVect object at 0x7ff2ab18f580>,3
177,1543067,IC50,6.763333333333333,670.0,CC(C)[C@@H]1C(=O)N(S(C)(=O)=O)[C@@H]2CCN(C(=O)/C=C/CN3CCCCC3)[C@H]21,UFCZUKYPBPXODT-OFTZGUNKSA-N,CHEMBL2368616,235,Leukocyte elastase ,C1CCC(CCCCC2CCC3CCCC23)CC1,<rdkit.DataStructs.cDataStructs.ExplicitBitVect object at 0x7ff2ab18f7b0>,2
178,1621955,IC50,6.2,630.0,O=[N+]([O-])c1ccc2nc(-c3c[nH]c4ccccc34)cc(-c3ccccc3)c2c1,LQGHUZLZFHCQPO-UHFFFAOYSA-N,CHEMBL3125351,235,Leukocyte elastase ,C1CCC(C2CC(C3CCC4CCCCC43)CC3CCCCC32)CC1,<rdkit.DataStructs.cDataStructs.ExplicitBitVect object at 0x7ff2ab18f820>,0
179,1747065,IC50,6.05,900.0,O=C1/C(=C/c2ccc(NCc3ccccc3)cc2)Oc2ccccc21,DCFFAFGQWVFPTB-STZFKDTASA-N,CHEMBL3262100,235,Leukocyte elastase ,C1CCC(CCC2CCC(CC3CC4CCCCC4C3)CC2)CC1,<rdkit.DataStructs.cDataStructs.ExplicitBitVect object at 0x7ff2ab18f890>,3
180,2148901,IC50,8.28,5.3,CN1C(=O)N(c2cccc(C(F)(F)F)c2)C2=C(C(=O)CC2)C1c1ccc(C#N)cc1C(=O)NC1COC1,MTEYTVRTZYWDIA-UHFFFAOYSA-N,CHEMBL3939530,235,Leukocyte elastase ,C1CCC(C2CCC(C3CCCCC3CCC3CCC3)C3CCCC23)CC1,<rdkit.DataStructs.cDataStructs.ExplicitBitVect object at 0x7ff2ab18fb30>,2
181,264525,IC50,6.76,175.0,CC(C)C(NC(=O)CN(C(=O)[C@@H](NC(=O)c1ccc(C(=O)NS(=O)(=O)c2ccc(Cl)cc2)cc1)C(C)C)C1CCCCCC1)C(=O)C(F)(F)F,VYKIXEFKTDZFEZ-XIJSCUBXSA-N,CHEMBL158470,235,Leukocyte elastase ,C1CCCC(CCCCCC2CCC(CCCC3CCCCC3)CC2)CC1,<rdkit.DataStructs.cDataStructs.ExplicitBitVect object at 0x7ff2ab18fba0>,3
182,1992797,IC50,8.52,3.0,CCOC(=O)C1=C(C)N(c2cccc(C(F)(F)F)c2)c2nc3cncnc3n2C1c1ccc(C#N)cc1,CTCQBLGGGIATOM-UHFFFAOYSA-N,CHEMBL3659903,235,Leukocyte elastase ,C1CCC(C2CCC(C3CCCCC3)C3C4CCCCC4CC23)CC1,<rdkit.DataStructs.cDataStructs.ExplicitBitVect object at 0x7ff2ab18ff20>,0
183,558889,IC50,7.55,28.0,CCc1cc(OC)cc2nc(-c3cccnc3N3CCN(CC4CC4)CC3)oc(=O)c12,URSQPYXIQMPVNM-UHFFFAOYSA-N,CHEMBL562391,235,Leukocyte elastase ,C1CCC2CC(C3CCCCC3C3CCC(CC4CC4)CC3)CCC2C1,<rdkit.DataStructs.cDataStructs.ExplicitBitVect object at 0x7ff2ab18e200>,0
184,432961,IC50,6.27,540.0,CC1(C)C2CC[C@]1(C)C(OC(=O)/C=C/c1cc(O)c(O)c(O)c1)C2,IMMWANKYSKQCQN-UOAQAXRFSA-N,CHEMBL408621,235,Leukocyte elastase ,C1CCC(CCCCC2CC3CCC2C3)CC1,<rdkit.DataStructs.cDataStructs.ExplicitBitVect object at 0x7ff2ab18d350>,3
185,547053,IC50,7.12,11.0,CC(C)[C@@H]1C(=O)N(S(C)(=O)=O)[C@@H]2CCN(C(=O)c3cnc(CNC4CC4)cn3)[C@H]21,HWPSYMARTMTZTA-UNLWNTODSA-N,CHEMBL543416,235,Leukocyte elastase ,C1CC2CCC(CC3CCC(CCC4CC4)CC3)C2C1,<rdkit.DataStructs.cDataStructs.ExplicitBitVect object at 0x7ff2ab18dd60>,4
186,264323,IC50,7.08,84.0,COc1ccc(CCN(CC(=O)NC(C(=O)C(F)(F)F)C(C)C)C(=O)[C@@H](NC(=O)c2ccc(C(=O)NS(=O)(=O)c3ccc(Cl)cc3)cc2)C(C)C)cc1OC,CIULFVWQBFILOP-JYUUXGOASA-N,CHEMBL346534,235,Leukocyte elastase ,C(CCCC1CCCCC1)CCCC1CCC(CCCC2CCCCC2)CC1,<rdkit.DataStructs.cDataStructs.ExplicitBitVect object at 0x7ff2ab18deb0>,3
187,2134799,IC50,7.44,36.2,CN1C(=O)N(c2cccc(C(F)(F)F)c2)C2=C(C(=O)CC2)C1c1ccc(C#N)cc1C(=O)N1CC2COCC(C1)N2,ZPMXPZDIARQWCC-UHFFFAOYSA-N,CHEMBL3925428,235,Leukocyte elastase ,C1CCC(C2CCC(C3CCCCC3CC3CC4CCCC(C4)C3)C3CCCC23)CC1,<rdkit.DataStructs.cDataStructs.ExplicitBitVect object at 0x7ff2ab18df20>,4
188,117529,IC50,6.22,600.0,CC(C)C1C(=O)N2C(C(=O)OCc3ccccc3)=C(Cc3ccccc3)S[C@H]12,KVCHDIXLACHWHX-AVKWCDSFSA-N,CHEMBL74147,235,Leukocyte elastase ,C1CCC(CCCC2C(CC3CCCCC3)CC3CCC32)CC1,<rdkit.DataStructs.cDataStructs.ExplicitBitVect object at 0x7ff2ab18cc80>,2
189,2129287,IC50,8.82,1.5,N#Cc1ccc(C2C3=C(CCC3=O)N(c3ccnc(C(F)(F)F)c3)C(=O)N2C(=O)NC2CC2)cc1,OFGJUYPMRQYHIG-UHFFFAOYSA-N,CHEMBL3919916,235,Leukocyte elastase ,C1CCC(C2CC(CCC3CC3)C(C3CCCCC3)C3CCCC23)CC1,<rdkit.DataStructs.cDataStructs.ExplicitBitVect object at 0x7ff2ab18cf20>,2
190,264691,IC50,7.04,92.0,CC(C)C(NC(=O)CN(C(=O)[C@@H](NC(=O)c1ccc(C(=O)NS(=O)(=O)c2ccc(Cl)cc2)cc1)C(C)C)C1CCCC1)C(=O)C(F)(F)F,TTYXCGZEZQXECO-GEVKEYJPSA-N,CHEMBL348342,235,Leukocyte elastase ,C1CCC(CCCC2CCC(CCCCCC3CCCC3)CC2)CC1,<rdkit.DataStructs.cDataStructs.ExplicitBitVect object at 0x7ff2ab18b040>,3
191,567826,IC50,6.96,110.0,COc1cc(C2CC2)c2c(=O)oc(-c3cccnc3N3CCN(C4CCN(C)CC4)CC3)nc2c1,QYOQPXSPQKIITP-UHFFFAOYSA-N,CHEMBL564263,235,Leukocyte elastase ,C1CCC(C2CCC(C3CCCCC3C3CCC4C(CCCC4C4CC4)C3)CC2)CC1,<rdkit.DataStructs.cDataStructs.ExplicitBitVect object at 0x7ff2ab18b0b0>,0
192,2184715,IC50,7.94,11.4,CCOC(=O)C1=C(C)N(c2cccc(C(F)(F)F)c2)C(=O)N(C)C1c1ccc(C#N)cc1C(=O)N1CC2COCC(C1)N2,IMUSNBJMKQUTFX-UHFFFAOYSA-N,CHEMBL3975344,235,Leukocyte elastase ,C1CCC(C2CCC(C3CCCCC3CC3CC4CCCC(C4)C3)CC2)CC1,<rdkit.DataStructs.cDataStructs.ExplicitBitVect object at 0x7ff2ab18b200>,2
193,2251748,IC50,9.05,0.9,[C-]#[N+]C1=C(C)N(c2cccc(C(F)(F)F)c2)C(=O)N(C(=O)N2CCN(c3ccccn3)CC2)[C@@H]1c1ccc(C#N)cc1S(C)(=O)=O,YDWJHQPOYAGXMI-MUUNZHRXSA-N,CHEMBL4112397,235,Leukocyte elastase ,C1CCC(C2CCC(CC3CC(C4CCCCC4)CCC3C3CCCCC3)CC2)CC1,<rdkit.DataStructs.cDataStructs.ExplicitBitVect object at 0x7ff2ab18b740>,4
194,2159651,IC50,8.52,3.0,CC(=O)C1=C(C)N(c2cccc(C(F)(F)F)c2)C(=O)N(C)C1c1ccc(C#N)cc1-c1ccc2c(cnn2C)c1,HPMXUGYYKLZEOK-UHFFFAOYSA-N,CHEMBL3950280,235,Leukocyte elastase ,C1CCC(C2CCC(C3CCCCC3C3CCC4CCCC4C3)CC2)CC1,<rdkit.DataStructs.cDataStructs.ExplicitBitVect object at 0x7ff2ab18be40>,0
195,2181100,IC50,8.96,1.1,CCOC(=O)C1=C(C)N(c2cccc(C(F)(F)F)c2)C(=O)N(C)C1c1ccc(C#N)cc1C(=O)N1CCC(N2CCOCC2)C1,INUNTHMYHWGVIK-UHFFFAOYSA-N,CHEMBL3971729,235,Leukocyte elastase ,C1CCC(C2CCC(C3CCCCC3CC3CCC(C4CCCCC4)C3)CC2)CC1,<rdkit.DataStructs.cDataStructs.ExplicitBitVect object at 0x7ff2ab189120>,2
196,2135644,IC50,7.16,69.0,Cc1c(-c2cccc(C(F)F)c2)c(=O)c(C(=O)NCc2ccc(N3CCNC3=O)cc2)cn1C(C)C,POYWSPGHAGNCGA-UHFFFAOYSA-N,CHEMBL3926273,235,Leukocyte elastase ,C1CCC(C2CCCC(CCCC3CCC(C4CCCC4)CC3)C2)CC1,<rdkit.DataStructs.cDataStructs.ExplicitBitVect object at 0x7ff2ab189270>,1
197,1975380,IC50,7.64,23.0,N#Cc1ccc([C@H]2NC(=O)N(c3cccc(C(F)(F)F)c3)C3=C2C(=O)NN(CCN2CCOCC2)C3)cc1,QBKBCVKHXGJUQY-HSZRJFAPSA-N,CHEMBL3642660,235,Leukocyte elastase ,C1CCC(CCC2CCC3C(C4CCCCC4)CCC(C4CCCCC4)C3C2)CC1,<rdkit.DataStructs.cDataStructs.ExplicitBitVect object at 0x7ff2ab1895f0>,1
198,2123416,IC50,8.77,1.7,CC(=O)C1=C(C)N(c2cccc(C(F)(F)F)c2)C(=O)N(C)C1c1ccc(C#N)cc1C(=O)N1Cc2ccncc2C1,VLLZLUVNBJJAAC-UHFFFAOYSA-N,CHEMBL3914045,235,Leukocyte elastase ,C1CCC(C2CCC(C3CCCCC3CC3CC4CCCCC4C3)CC2)CC1,<rdkit.DataStructs.cDataStructs.ExplicitBitVect object at 0x7ff2ab1884a0>,2
199,555361,IC50,7.66,22.0,CCc1cc(OC)cc2nc(-c3cccnc3N3CCN(CCN4CCOCC4)CC3)oc(=O)c12,IGHRJMJAQMMXEU-UHFFFAOYSA-N,CHEMBL560070,235,Leukocyte elastase ,C1CCC(CCC2CCC(C3CCCCC3C3CCC4CCCCC4C3)CC2)CC1,<rdkit.DataStructs.cDataStructs.ExplicitBitVect object at 0x7ff2ab188660>,0
200,547065,IC50,6.973333333333333,37.0,CC(C)[C@@H]1C(=O)N(S(C)(=O)=O)[C@@H]2CCN(C(=O)C3CN(CC(C)(C)C)C3)[C@H]21,HCEUESUXJOAMBT-GBEOHXTHSA-N,CHEMBL554013,235,Leukocyte elastase ,C1CC(CC2CCC3CCCC32)C1,<rdkit.DataStructs.cDataStructs.ExplicitBitVect object at 0x7ff2ab188ac0>,4
201,2099611,IC50,9.0,1.0,CC(=O)C1=C(C)N(c2cccc(C(F)(F)F)c2)C(=O)N(C)C1c1ccc(C#N)cc1C(=O)NCc1ccccc1,XFFPRDFKBGZPPG-UHFFFAOYSA-N,CHEMBL3890240,235,Leukocyte elastase ,C1CCC(CCCC2CCCCC2C2CCC(C3CCCCC3)CC2)CC1,<rdkit.DataStructs.cDataStructs.ExplicitBitVect object at 0x7ff2ab187120>,2
202,2172181,IC50,8.39,4.1,CN1C(=O)N(c2cccc(C(F)(F)F)c2)C2=C(C(=O)CC2)C1c1ccc(C#N)cc1C(=O)N1Cc2cnn(C)c2C1,RURSLEVSKMEFTR-UHFFFAOYSA-N,CHEMBL3962810,235,Leukocyte elastase ,C1CCC(C2CCC(C3CCCCC3CC3CC4CCCC4C3)C3CCCC23)CC1,<rdkit.DataStructs.cDataStructs.ExplicitBitVect object at 0x7ff2ab187510>,4
203,6536,IC50,6.0,1000.0,CC(C)(C)C(=O)Oc1coc(COC(c2ccccc2)(c2ccccc2)c2ccccc2)cc1=O,NNNIKWBDQIKPNY-UHFFFAOYSA-N,CHEMBL9909,235,Leukocyte elastase ,C1CCC(CCC(C2CCCCC2)(C2CCCCC2)C2CCCCC2)CC1,<rdkit.DataStructs.cDataStructs.ExplicitBitVect object at 0x7ff2ab187c80>,3
204,2105708,IC50,7.86,13.8,N#Cc1ccc(C2C3=C(CCC3=O)N(c3cccc(C(F)(F)F)c3)C(=O)N2CC(=O)NCC2CC2)cc1,AWYJGNTUBZJUCM-UHFFFAOYSA-N,CHEMBL3896337,235,Leukocyte elastase ,C1CCC(C2CC(CCCCC3CC3)C(C3CCCCC3)C3CCCC23)CC1,<rdkit.DataStructs.cDataStructs.ExplicitBitVect object at 0x7ff2ab187f20>,2
205,88489,IC50,7.23,59.0,CC(C)C(NC(=O)[C@@H]1CC2CCCCC2N1C(=O)[C@@H](CSc1cc(C(C)(C)C)c(O)c(C(C)(C)C)c1)NC(=O)c1ccc(C(=O)NS(=O)(=O)c2ccc(Cl)cc2)cc1)C(=O)C(F)(F)F,GOJDEHQCNCQXBP-YJCQRWTBSA-N,CHEMBL299236,235,Leukocyte elastase ,C1CCC(CCCC2CCC(CCC(CCC3CCCCC3)CC3CCC4CCCCC43)CC2)CC1,<rdkit.DataStructs.cDataStructs.ExplicitBitVect object at 0x7ff2ab186270>,4
206,547127,IC50,7.003333333333333,10.0,CC(C)[C@@H]1C(=O)N(S(C)(=O)=O)[C@@H]2CCN(C(=O)c3coc(CN4CCCC4)n3)[C@H]21,JBNLFTKHQUYTHL-UANXYBPYSA-N,CHEMBL542949,235,Leukocyte elastase ,C1CCC(CC2CCC(CC3CCC4CCCC43)C2)C1,<rdkit.DataStructs.cDataStructs.ExplicitBitVect object at 0x7ff2ab186430>,4
207,88610,IC50,7.4,40.0,CC(C)C(NC(=O)c1ccc(S(=O)(=O)NC(=O)c2ccc(CCSc3cc(C(C)(C)C)c(O)c(C(C)(C)C)c3)cc2)cc1)C(=O)N1[C@@H](C(=O)NC(C(=O)C(F)(F)F)C(C)C)C[C@H]2CCCC[C@H]21,XMHOMKVYVFLBQK-NQMVFAOCSA-N,CHEMBL262266,235,Leukocyte elastase ,C1CCC(CCCC2CCC(CCCC3CCC(CCCCC4CCC5CCCCC45)CC3)CC2)CC1,<rdkit.DataStructs.cDataStructs.ExplicitBitVect object at 0x7ff2ab1864a0>,2
208,210973,IC50,7.16,69.0,C=CC[C@H]1C(=O)O[C@H]2CCN(C(=O)OCC)C21,HVBZENRYJFPJCR-ZDGBYWQASA-N,CHEMBL127027,235,Leukocyte elastase ,C1CC2CCCC2C1,<rdkit.DataStructs.cDataStructs.ExplicitBitVect object at 0x7ff2ab1854a0>,1
209,2250257,IC50,8.72,1.9,[C-]#[N+]C1=C(C)N(c2cccc(C(F)(F)F)c2)C(=O)N(C(=O)N2CCN(CCO)CC2)[C@@H]1c1ccc(C#N)cc1S(C)(=O)=O,VDNUSPMQNMMZPW-RUZDIDTESA-N,CHEMBL4110906,235,Leukocyte elastase ,C1CCC(CC2CC(C3CCCCC3)CCC2C2CCCCC2)CC1,<rdkit.DataStructs.cDataStructs.ExplicitBitVect object at 0x7ff2ab185660>,4
210,1964314,IC50,9.3,0.5,Cc1c([S+]([O-])c2ccc(C#N)cc2)cc(C(=O)NCCCN2CCCC2=O)c(=O)n1-c1cccc(C(F)(F)F)c1,YDYDOJWRRZKZGN-UHFFFAOYSA-N,CHEMBL3617965,235,Leukocyte elastase ,C1CCC(CC2CC(CCCCCC3CCCC3)CC(C3CCCCC3)C2)CC1,<rdkit.DataStructs.cDataStructs.ExplicitBitVect object at 0x7ff2ab185a50>,1
211,88561,IC50,7.52,30.0,CC(C)C(NC(=O)c1ccc(S(=O)(=O)NC(=O)Cc2cc(C(C)(C)C)c(O)c(C(C)(C)C)c2)cc1)C(=O)N1C2CCC(CC2)[C@@H]1C(=O)NC(C(=O)C(F)(F)F)C(C)C,ZUPHITMINFZLLP-IUGFDARYSA-N,CHEMBL264237,235,Leukocyte elastase ,C1CCC(CCCCC2CCC(CCCCC3CC4CCC3CC4)CC2)CC1,<rdkit.DataStructs.cDataStructs.ExplicitBitVect object at 0x7ff2ab185dd0>,3
212,2165415,IC50,8.52,3.0,CCOC(=O)C1=C(C)N(c2cccc(C(F)(F)F)c2)C(=O)N(C)C1c1ccc(C#N)cc1C(=O)NC1CC1,FPTMCPUSBLSGFP-UHFFFAOYSA-N,CHEMBL3956044,235,Leukocyte elastase ,C1CCC(C2CCC(C3CCCCC3CCC3CC3)CC2)CC1,<rdkit.DataStructs.cDataStructs.ExplicitBitVect object at 0x7ff2ab184190>,2
213,2320305,IC50,6.1,800.0,O=C(Nc1ccccc1)c1cn(C(=O)C2CC2)c2ncccc12,YAQCMERNUDLGCS-UHFFFAOYSA-N,CHEMBL4280854,235,Leukocyte elastase ,C1CCC(CCC2CC(CC3CC3)C3CCCCC23)CC1,<rdkit.DataStructs.cDataStructs.ExplicitBitVect object at 0x7ff2ab184270>,4
214,69173,IC50,6.64,230.0,Cc1ccc(N2C(=O)N(c3ccc(C)cc3)C2=O)cc1,AZZFGWWOGRBVOV-UHFFFAOYSA-N,CHEMBL296771,235,Leukocyte elastase ,C1CCC(C2CC(C3CCCCC3)C2)CC1,<rdkit.DataStructs.cDataStructs.ExplicitBitVect object at 0x7ff2ab184510>,1
215,2137653,IC50,8.41,3.9,CN1C(=O)N(c2cccc(C(F)(F)F)c2)C2=C(C(=O)CC2)C1c1ccc(C#N)cc1C(=O)N1Cc2ccncc2C1,OZHWFTPSRFSWRF-UHFFFAOYSA-N,CHEMBL3928282,235,Leukocyte elastase ,C1CCC(C2CCC(C3CCCCC3CC3CC4CCCCC4C3)C3CCCC23)CC1,<rdkit.DataStructs.cDataStructs.ExplicitBitVect object at 0x7ff2ab1849e0>,0
216,88510,IC50,10.0,0.1,CC(SC(=O)c1cccs1)C(=O)NCC(=O)N1CSCC1C(=O)O,OFCXTUWNBCBZFB-UHFFFAOYSA-N,CHEMBL293138,235,Leukocyte elastase ,C(CCCC1CCCC1)CCCC1CCCC1,<rdkit.DataStructs.cDataStructs.ExplicitBitVect object at 0x7ff2ab184a50>,3
