1069940,Ki,9.10,0.795,CC(C)n1cc(-c2ccc(C#N)cc2)c2ccc(NS(C)(=O)=O)cc21,LGAUBOVPGJHLSD-UHFFFAOYSA-N,CHEMBL1672545,36,Progesterone receptor 
1162076,Ki,7.51,31.0,CC(C)(C(=O)Nc1nccs1)[C@@H](c1ccccc1)c1ccc(O)c(Br)c1,ZTKAFVSUBJCXFM-KRWDZBQOSA-N,CHEMBL1801006,36,Progesterone receptor 
187495,Ki,7.19,64.0,CCCOC1Oc2ccccc2-c2ccc3c(c21)C(C)=CC(C)(C)N3,PJEFWRFWSGVMAK-UHFFFAOYSA-N,CHEMBL113099,36,Progesterone receptor 
172786,Ki,8.96,1.1,CC1=CC(C)(C)Nc2ccc3c(c21)C(c1cccc(C(F)(F)F)c1)Oc1ccc(Cl)cc1-3,YSWIPPWIWOBVFS-UHFFFAOYSA-N,CHEMBL431807,36,Progesterone receptor 
77286,Ki,7.11,77.0,C=C1CCCC(C)(C)C1Cc1cc(OC)c(Br)cc1O,NHOGRLKDZYGUSJ-UHFFFAOYSA-N,CHEMBL48858,36,Progesterone receptor 
151077,Ki,7.52,30.0,O=[N+]([O-])c1cccc(-c2ccc3nc(S)n(Cc4ccccc4)c3c2)c1,RZKXRZWOXZPSBJ-UHFFFAOYSA-N,CHEMBL93906,36,Progesterone receptor 
188065,Ki,8.82,1.5,CCCOC1Oc2ccc(Cl)cc2-c2ccc3c(c21)C(C)=CC(C)(C)N3,UDYVQHLPMVKSOP-UHFFFAOYSA-N,CHEMBL116221,36,Progesterone receptor 
1069941,Ki,8.84,1.45,COc1cc(-c2cn(C(C)C)c3cc(NS(C)(=O)=O)ccc23)ccc1C#N,CUIMAZBZRVOSOP-UHFFFAOYSA-N,CHEMBL1672546,36,Progesterone receptor 
149948,Ki,7.11,77.62,CC1=CC(C)(C)Nc2ccc3c(oc4ccccc43)c21,ODCOFTJGVUCRGA-UHFFFAOYSA-N,CHEMBL327551,36,Progesterone receptor 
1581789,Ki,7.25,56.0,CC(C)(C(=O)Nc1nncs1)[C@H](c1ccccc1)c1ccc2c(cnn2-c2ccc(F)cc2)c1,XFFATDFCPKLQRT-HSZRJFAPSA-N,CHEMBL2426663,36,Progesterone receptor 
218918,Ki,9.21,0.62,CC1=CC(C)(C)Nc2ccc3c(c21)/C(=C/c1ccccc1F)Oc1ccc(F)cc1-3,PMTFOILKAFIZEU-FMCGGJTJSA-N,CHEMBL335249,36,Progesterone receptor 
221453,Ki,7.26,54.95,CC1=CC(C)(C)Nc2ccc(-c3ccc(C#N)s3)cc21,LSOBAHZDRVSYKZ-UHFFFAOYSA-N,CHEMBL132193,36,Progesterone receptor 
218916,Ki,7.79,16.4,CC1=CC(C)(C)Nc2ccc3c(c21)/C(=C/c1ccccc1Br)Oc1ccc(F)cc1-3,PLBNJBDMVLYMMO-FMCGGJTJSA-N,CHEMBL334586,36,Progesterone receptor 
644717,Ki,7.18,66.0,O=C(CC(Nc1ccc([N+](=O)[O-])cc1)c1ccc(C(F)(F)F)cc1)c1ccc(Br)cc1,JEMHPFWVOVZKFL-UHFFFAOYSA-N,CHEMBL1164857,36,Progesterone receptor 
187494,Ki,8.22,6.0,CCCOC1Oc2ccc(F)cc2-c2ccc3c(c21)C(C)=CC(C)(C)N3,PDCKFSAAPNNPMC-UHFFFAOYSA-N,CHEMBL113098,36,Progesterone receptor 
3248,Ki,7.885,4.8,C=CCC1Oc2ccccc2-c2ccc3c(c21)C(C)=CC(C)(C)N3,BQFHIOXHOTZDCT-UHFFFAOYSA-N,CHEMBL8639,36,Progesterone receptor 
220445,Ki,8.46,3.467,CC1=CC(C)(C)Nc2ccc(-c3csc(C#N)c3)cc21,QASVQWYKHBDCLY-UHFFFAOYSA-N,CHEMBL335992,36,Progesterone receptor 
218988,Ki,8.82,1.5,CC1=CC(C)(C)Nc2ccc3c(c21)/C(=C/c1ccncc1)Oc1ccc(F)cc1-3,JXKBRVHDTSWUJM-UUYOSTAYSA-N,CHEMBL336751,36,Progesterone receptor 
1069938,Ki,7.55,28.0,Cn1cc(-c2ccc(C#N)cc2)c2ccc(NS(C)(=O)=O)cc21,CHKQRCNHKANTSK-UHFFFAOYSA-N,CHEMBL1672543,36,Progesterone receptor 
644671,Ki,7.51,31.0,COc1cccc(C(=O)CC(Nc2ccc([N+](=O)[O-])cc2)c2ccc(C(F)(F)F)cc2)c1,HLHSWHRGWJMGGH-UHFFFAOYSA-N,CHEMBL1163898,36,Progesterone receptor 
149852,Ki,7.20,62.5,CC1=CC(C)(C)Nc2cc3c(c(F)c21)-c1ccc(F)cc1C3OC(=O)C(F)(F)F,MIOXCNSKJLNGHT-UHFFFAOYSA-N,CHEMBL327934,36,Progesterone receptor 
220291,Ki,7.49,32.36,CC1=CC(C)(C)Nc2ccc(-c3cc(Br)cs3)cc21,QRGCGNOXVSPDPZ-UHFFFAOYSA-N,CHEMBL538158,36,Progesterone receptor 
645197,Ki,7.64,23.0,O=C(CC(Nc1ccc([N+](=O)[O-])cc1)c1cccc(F)c1)c1cccc(Cl)c1,JBHNSKHKWQLGNV-UHFFFAOYSA-N,CHEMBL1163597,36,Progesterone receptor 
150110,Ki,7.95,11.22,CC1=CC(C)(C)Nc2cc3c(cc21)-c1c(F)cccc1C3,FKBVCCHPJMWHKF-UHFFFAOYSA-N,CHEMBL313418,36,Progesterone receptor 
187383,Ki,7.58,26.5,CCCCC1Oc2cc(F)ccc2-c2ccc3c(c21)C(C)=CC(C)(C)N3,KTYXHEXVPYONGV-UHFFFAOYSA-N,CHEMBL321243,36,Progesterone receptor 
426066,Ki,7.12,75.0,Cc1cc(-c2ccc(F)c3cc[nH]c23)c(Cl)c2c1NC(C)(C)CC2C,KXMVPYRKURWIPA-UHFFFAOYSA-N,CHEMBL257152,36,Progesterone receptor 
187557,Ki,7.61,24.3,CCCSC1Oc2ccccc2-c2ccc3c(c21)C(C)=CC(C)(C)N3,KXZQVMAYYXKOIF-UHFFFAOYSA-N,CHEMBL114611,36,Progesterone receptor 
187452,Ki,8.77,1.7,CC1=CC(C)(C)Nc2ccc3c(c21)C(CCC(C)C)Oc1ccccc1-3,NVTFLQJKFXTAOZ-UHFFFAOYSA-N,CHEMBL114607,36,Progesterone receptor 
186748,Ki,7.64,23.0,CCCCCCC1Oc2ccccc2-c2ccc3c(c21)C(C)=CC(C)(C)N3,GFRGGNGHBUJYSJ-UHFFFAOYSA-N,CHEMBL115173,36,Progesterone receptor 
448343,Ki,7.85,14.0,CC1=C[C@H]([C@@H]2Oc3c(F)cc(F)cc3-c3ccc4c(c32)C(C)=CC(C)(C)N4)CCC1,NNEGFNICKYKFDF-GYCJOSAFSA-N,CHEMBL510373,36,Progesterone receptor 
186749,Ki,8.48,3.3,CC1=CC(C)(C)Nc2ccc3c(c21)C(C)Oc1ccccc1-3,XINDXFULSUFSOD-UHFFFAOYSA-N,CHEMBL115174,36,Progesterone receptor 
319186,Ki,7.00,100.0,CN(C)c1ccc([C@@H]2CN(S(=O)(=O)c3ccc(Cl)cc3)N=C2c2ccc(Cl)c(Cl)c2)cc1,YYFWMWSMLYGHCD-FQEVSTJZSA-N,CHEMBL190264,36,Progesterone receptor 
100578,Ki,7.78,16.6,CC/C(C)=C1/Oc2ccc(F)cc2-c2ccc3c(c21)C(C)=CC(C)(C)N3,WLEYQRHXERCYNY-LPYMAVHISA-N,CHEMBL63015,36,Progesterone receptor 
3167,Ki,7.21,61.0,C=CCC1Oc2cccc(Cl)c2-c2ccc3c(c21)C(C)=CC(C)(C)N3,UXGUYYJUKZKENF-UHFFFAOYSA-N,CHEMBL8007,36,Progesterone receptor 
100829,Ki,7.96,6.1,CC1=CC(C)(C)Nc2ccc3c(c21)COc1ccc(F)cc1-3,GXFYVOIWLKLUCK-UHFFFAOYSA-N,CHEMBL65079,36,Progesterone receptor 
191748,Ki,8.00,10.0,CC1=CC(C)(C)Nc2ccc(-c3cc(F)cc(C#N)c3)cc21,POQODJWQWWICOY-UHFFFAOYSA-N,CHEMBL117465,36,Progesterone receptor 
167471,Ki,8.62,2.4,CC1=CC(C)(C)Nc2ccc3c(c21)C(c1cc(F)cc(Br)c1)Oc1ccccc1-3,YFNBIUHMEJNYNB-UHFFFAOYSA-N,CHEMBL102602,36,Progesterone receptor 
448413,Ki,8.92,1.2,CC1=CC(C)(C)Nc2ccc3c(c21)[C@H]([C@H]1CCC[C@@]2(C)O[C@@H]12)Oc1c(F)cc(F)cc1-3,ZQAXPAQOUWPHMI-PYTIWUIXSA-N,CHEMBL507701,36,Progesterone receptor 
644636,Ki,7.11,78.0,O=C(CC(Nc1ccc([N+](=O)[O-])cc1)c1cccc(F)c1)c1ccc(N2CCOCC2)cc1,LFKDQCVODYHILG-UHFFFAOYSA-N,CHEMBL1163620,36,Progesterone receptor 
191719,Ki,8.30,5.012,CC1=CC(C)(C)Nc2ccc(-c3cc(F)cc([N+](=O)[O-])c3)cc21,FWUZRFHZKYRBHJ-UHFFFAOYSA-N,CHEMBL117308,36,Progesterone receptor 
172016,Ki,8.57,2.7,CC1=CC(C)(C)Nc2ccc3c(c21)C(c1ccc(Cl)cc1)Oc1cc(F)ccc1-3,FHSXWSTVPUQKCJ-UHFFFAOYSA-N,CHEMBL108230,36,Progesterone receptor 
167027,Ki,8.28,5.3,CC1=CC(C)(C)Nc2ccc3c(c21)C(c1ccc(F)cc1)Oc1ccccc1-3,GZVGUQWAUCAVDI-UHFFFAOYSA-N,CHEMBL323324,36,Progesterone receptor 
1781794,Ki,7.64,22.7,CC(C)(C(=O)NC(N)=O)[C@@H]1c2ccc(-c3ccc(C(=O)N4CCOCC4)nc3)nc2Oc2c(F)cccc21,MDMKCVXYKPOLIM-NRFANRHFSA-N,CHEMBL3315068,36,Progesterone receptor 
99926,Ki,8.51,3.09,CCC/C=C1\Oc2ccc(F)cc2-c2ccc3c(c21)C(C)=CC(C)(C)N3,ZODFDPOWQOXZOI-SCDVKCJHSA-N,CHEMBL65014,36,Progesterone receptor 
49697,Ki,8.28,5.3,CC1(C)Nc2ccc3c(c2C(C)(C)C1=O)C(c1ccc(Cl)cc1)Oc1ccccc1-3,BSNXEAPCSYQIRZ-UHFFFAOYSA-N,CHEMBL34589,36,Progesterone receptor 
187140,Ki,8.49,3.2,CC1=CC(C)(C)Nc2ccc3c(c21)C(CCCCCl)Oc1ccccc1-3,YRVFOAARONPYKD-UHFFFAOYSA-N,CHEMBL332264,36,Progesterone receptor 
645234,Ki,7.12,76.0,O=C(CC(Nc1ccc([N+](=O)[O-])cc1)c1cccc(F)c1)c1ccc(C2CCCCC2)cc1,IEVTWPPTWHIEGU-UHFFFAOYSA-N,CHEMBL1163902,36,Progesterone receptor 
312088,Ki,8.92,1.2,C#C[C@]1(O)CC[C@H]2[C@@H]3CCC4=CC(=O)CCC4=C3[C@@H](c3ccc(N(C)C(=O)CC[C@H](NC(=O)CC[C@@H](C)[C@H]4CC[C@H]5[C@H]6[C@H](C[C@H](O)[C@@]54C)[C@@]4(C)CC[C@@H](O)C[C@H]4C[C@H]6O)C(=O)O)cc3)C[C@@]21C,RFZAHUIHPLZLLA-LXGVTRKRSA-N,CHEMBL436859,36,Progesterone receptor 
77407,Ki,7.08,84.0,C=C1C=C(C)CC(C)(C)C1C/C=C/c1cc(OC)c(Br)cc1O,HBEGIVRBESAQLK-VOTSOKGWSA-N,CHEMBL49978,36,Progesterone receptor 
77691,Ki,7.68,21.0,C=C1C=C(C)C[C@@H](C)[C@@H]1Cc1cc(OC)c(Br)cc1OC(C)=O,IDYFIJMAKRNLNH-CZUORRHYSA-N,CHEMBL51933,36,Progesterone receptor 
220762,Ki,7.59,25.7,CC1=CC(C)(C)Nc2ccc(-c3sc(C#N)cc3C)cc21,CJZROCCAPJVVQO-UHFFFAOYSA-N,CHEMBL131855,36,Progesterone receptor 
644672,Ki,7.75,18.0,COc1ccc(C(=O)CC(Nc2ccc([N+](=O)[O-])cc2)c2ccc(C(F)(F)F)cc2)cc1,JOCQGPAPUMPYTP-UHFFFAOYSA-N,CHEMBL1163899,36,Progesterone receptor 
353096,Ki,7.20,63.1,O=S(=O)(c1ccc(Br)s1)N1CCCCC(c2cccc(Br)c2)=N1,VRWHVENNQXXKMP-UHFFFAOYSA-N,CHEMBL379276,36,Progesterone receptor 
645164,Ki,7.46,35.0,Cc1cccc(C(=O)CC(Nc2ccc([N+](=O)[O-])cc2)c2cccc(F)c2)c1,WWSDKIIWGPNMOK-UHFFFAOYSA-N,CHEMBL1163976,36,Progesterone receptor 
150101,Ki,7.54,28.84,CC1=CC(C)(C)Nc2cc3c(cc21)-c1ccc(Cl)cc1C3,YMCRFHPNNNQNKO-UHFFFAOYSA-N,CHEMBL328523,36,Progesterone receptor 
188063,Ki,8.18,6.6,CCCSC1Oc2ccc(F)cc2-c2ccc3c(c21)C(C)=CC(C)(C)N3,GKVFDSTWCKBSBV-UHFFFAOYSA-N,CHEMBL325213,36,Progesterone receptor 
226190,Ki,8.82,1.5,CC1=CC(C)(C)Nc2ccc3c(c21)/C(=C/c1cc(F)ccc1F)Oc1ccccc1-3,ZVALABNDJZPNNC-QRVIBDJDSA-N,CHEMBL137103,36,Progesterone receptor 
101403,Ki,7.07,85.11,COc1ccc2c(c1)-c1ccc3c(c1CO2)C(C)=CC(C)(C)N3,GHHQOEGOQYZOJT-UHFFFAOYSA-N,CHEMBL65522,36,Progesterone receptor 
226426,Ki,8.25,5.6,CC1=CC(C)(C)Nc2ccc3c(c21)/C(=C/c1ccccc1F)Oc1ccccc1-3,QYVBBZZDPZDFFU-UCQKPKSFSA-N,CHEMBL435822,36,Progesterone receptor 
319002,Ki,7.40,39.81,CC1CC(c2ccc(Cl)c(Cl)c2)=NN1S(=O)(=O)c1ccc(Cl)cc1,OVNWHRHFWJKTER-UHFFFAOYSA-N,CHEMBL190198,36,Progesterone receptor 
167765,Ki,7.86,13.8,CC1=CC(C)(C)Nc2ccc3c(c21)C(c1cccc(Br)n1)Oc1ccccc1-3,XCSXILAHHMAZHI-UHFFFAOYSA-N,CHEMBL101852,36,Progesterone receptor 
172409,Ki,9.03,0.93,COc1ccc(C2Oc3ccc(Cl)cc3-c3ccc4c(c32)C(C)=CC(C)(C)N4)cc1,DLEYVIMVXHWFBW-UHFFFAOYSA-N,CHEMBL322312,36,Progesterone receptor 
100044,Ki,8.60,2.5,CC(C)=C/C=C1\Oc2ccc(F)cc2-c2ccc3c(c21)C(C)=CC(C)(C)N3,VRWXHHASXOUVMH-FBHDLOMBSA-N,CHEMBL65690,36,Progesterone receptor 
226629,Ki,7.16,70.0,CC1=CC(C)(C)Nc2ccc3c(c21)/C(=C/c1ccc(C)cc1)Oc1ccccc1-3,LIIUVDJGHOAMSK-IWIPYMOSSA-N,CHEMBL139468,36,Progesterone receptor 
187453,Ki,7.79,16.4,COC1Oc2ccc(Cl)cc2-c2ccc3c(c21)C(C)=CC(C)(C)N3,AACVSEPXXNRBIR-UHFFFAOYSA-N,CHEMBL114553,36,Progesterone receptor 
312156,Ki,8.19,6.4,C#C[C@]1(O)CC[C@H]2[C@@H]3CCC4=CC(=O)CCC4=C3[C@@H](c3ccc(N(C)C(C)=O)cc3)C[C@@]21C,ZDCMJDVSSLHLLQ-GCNJZUOMSA-N,CHEMBL364368,36,Progesterone receptor 
279896,Ki,9.31,0.49,C[C@]1(O)CC[C@H]2[C@@H]3CCC4=CC(=O)CCC4=C3C=C[C@@]21C,CCCIJQPRIXGQOE-XWSJACJDSA-N,CHEMBL166444,36,Progesterone receptor 
100045,Ki,9.18,0.66,CC1=CC(C)(C)Nc2ccc3c(c21)/C(=C/c1ccccc1C)Oc1ccccc1-3,YXKBVHXOKVRRKO-IWIPYMOSSA-N,CHEMBL302362,36,Progesterone receptor 
312053,Ki,8.72,1.9,C#C[C@]1(O)CC[C@H]2[C@@H]3CCC4=CC(=O)CCC4=C3[C@@H](c3ccc(N(C)CCCS(=O)(=O)N(C)C4CC[C@@]5(C)[C@@H](C4)C[C@@H](O)[C@@H]4[C@@H]5C[C@H](O)[C@@]5(C)[C@H]4CC[C@@H]5[C@H](C)CCC(=O)O)cc3)C[C@@]21C,JDCXFBDZIJWEFO-PLCYUVIZSA-N,CHEMBL406027,36,Progesterone receptor 
49912,Ki,7.98,10.5,CC1(C)C=Cc2c(ccc3c2C(c2ccc(Cl)cc2)Oc2ccccc2-3)N1,DITXHXHXUDEFMA-UHFFFAOYSA-N,CHEMBL33909,36,Progesterone receptor 
167051,Ki,9.37,0.43,CC1=CC(C)(C)Nc2ccc3c(c21)C(c1cccc(Cl)c1)Oc1ccccc1-3,WCWNFANFHMNQEP-UHFFFAOYSA-N,CHEMBL320690,36,Progesterone receptor 
219002,Ki,7.94,11.4,CC1=CC(C)(C)Nc2ccc3c(c21)/C(=C/c1ccccc1C#N)Oc1ccc(F)cc1-3,GPYINFZHNYJFJI-MSXFZWOLSA-N,CHEMBL334747,36,Progesterone receptor 
218873,Ki,8.72,1.9,CC1=CC(C)(C)Nc2ccc3c(c21)/C(=C/c1ccccc1C(C)C)Oc1ccc(F)cc1-3,QXUJGHLIYHYUAH-WGARJPEWSA-N,CHEMBL132672,36,Progesterone receptor 
644821,Ki,7.89,13.0,O=C(CC(Nc1ccc([N+](=O)[O-])cc1)C1CCCCC1)c1ccccc1,PONOGVXIIRSESP-UHFFFAOYSA-N,CHEMBL1165353,36,Progesterone receptor 
50622,Ki,8.31,4.9,CC1C(=O)C(C)(C)Nc2ccc3c(c21)/C(=C/c1ccccc1)Oc1ccccc1-3,OCLPHOSZZDWUFZ-JCMHNJIXSA-N,CHEMBL32603,36,Progesterone receptor 
150139,Ki,7.62,23.99,CC1=CC(C)(C)Nc2cc3c(cc21)-c1ccc(Br)cc1C3,GVOMUZMTQPGWTA-UHFFFAOYSA-N,CHEMBL446418,36,Progesterone receptor 
150098,Ki,8.64,2.291,CC1=CC(C)(C)Nc2cc3c(cc21)-c1cccc(F)c1C3,HABVEGMNVSOGOR-UHFFFAOYSA-N,CHEMBL93690,36,Progesterone receptor 
312089,Ki,8.62,2.4,C#C[C@]1(O)CC[C@H]2[C@@H]3CCC4=CC(=O)CCC4=C3[C@@H](c3ccc(N(C)C(=O)CNC(=O)OC4CC[C@]5(C)[C@H]6C[C@H](O)[C@@]7(C)[C@@H](CC[C@@H]7[C@H](C)CCC(=O)O)[C@@H]6[C@H](O)C[C@@H]5C4)cc3)C[C@@]21C,DLXBCJBMEVKPIX-DYIFYJHRSA-N,CHEMBL411185,36,Progesterone receptor 
644718,Ki,7.89,13.0,Cc1ccc(C(=O)CC(Nc2ccc([N+](=O)[O-])cc2)C2CCCCC2)cc1,AWYOCGCIYQEWJB-UHFFFAOYSA-N,CHEMBL1164858,36,Progesterone receptor 
101712,Ki,8.25,5.623,CC1=CC(C)(C)Nc2ccc3c(c21)COc1c(F)cc(Cl)cc1-3,JAPBAKGEKZXGRM-UHFFFAOYSA-N,CHEMBL65743,36,Progesterone receptor 
218830,Ki,9.23,0.59,CSc1ccccc1/C=C1\Oc2ccc(F)cc2-c2ccc3c(c21)C(C)=CC(C)(C)N3,ISFPMZBOTSJQDY-QRVIBDJDSA-N,CHEMBL422444,36,Progesterone receptor 
100661,Ki,8.68,2.089,CC1=CC(C)(C)Nc2ccc3c(c21)/C(=C/Br)Oc1ccc(F)cc1-3,NGNZPJWDMRRGGD-YVLHZVERSA-N,CHEMBL62700,36,Progesterone receptor 
1059759,Ki,7.85,14.0,Cc1cc(-c2cccc3cc[nH]c23)c(Cl)c2c1NC(C)(C)C(=O)C2(C)C,FAZOJHMTURPXLD-UHFFFAOYSA-N,CHEMBL1644755,36,Progesterone receptor 
172368,Ki,9.32,0.48,CC1=CC(C)(C)Nc2ccc3c(c21)C(c1cccc(Cl)c1)Oc1ccc(Cl)cc1-3,YTMMXBWUMWUPPN-UHFFFAOYSA-N,CHEMBL104183,36,Progesterone receptor 
312270,Ki,8.34,4.6,C#C[C@]1(O)CC[C@H]2[C@@H]3CCC4=CC(=O)CCC4=C3[C@@H](c3ccc(N(C)CCNC(=O)O[C@@H]4C[C@@H]5CC(O)CC[C@]5(C)[C@H]5C[C@H](O)[C@@]6(C)[C@@H](CC[C@@H]6[C@H](C)CCC(=O)O)[C@@H]54)cc3)C[C@@]21C,YJQZIBMOUFVTHS-MESGNEMJSA-N,CHEMBL414041,36,Progesterone receptor 
218875,Ki,8.80,1.6,CCCc1ccccc1/C=C1\Oc2ccc(F)cc2-c2ccc3c(c21)C(C)=CC(C)(C)N3,HYKRMHHQPATRRG-YSMPRRRNSA-N,CHEMBL133483,36,Progesterone receptor 
1139501,Ki,7.57,27.0,CCO/N=C1/c2c(cc(F)c(-c3cccc4c(C)c[nH]c34)c2F)NC(C)(C)C1O,NMIXBOUDRDWICA-OOAXWGSJSA-N,CHEMBL1762210,36,Progesterone receptor 
645231,Ki,7.37,43.0,O=C(CC(Nc1ccc([N+](=O)[O-])cc1)c1cccc(F)c1)c1ccc(Cl)cc1,MBZGPEHCTCTXRE-UHFFFAOYSA-N,CHEMBL1163746,36,Progesterone receptor 
645196,Ki,7.27,54.0,Cc1ccc(C(=O)CC(Nc2ccc([N+](=O)[O-])cc2)c2cccc(F)c2)cc1,HQCVWNZJFCYZOD-UHFFFAOYSA-N,CHEMBL1163598,36,Progesterone receptor 
149730,Ki,7.89,12.88,CC1=CC(C)(C)Nc2ccc3c(c21)Cc1ccccc1-3,XIEOFCDTJAVROO-UHFFFAOYSA-N,CHEMBL92730,36,Progesterone receptor 
226774,Ki,7.40,39.7,CC1=CC(C)(C)Nc2ccc3c(c21)/C(=C/c1cccc(C)c1)Oc1ccccc1-3,UEBROVUAEMVCJX-IWIPYMOSSA-N,CHEMBL344048,36,Progesterone receptor 
150154,Ki,8.44,3.631,CC1=CC(C)(C)Nc2cc3c(cc21)-c1ccc([N+](=O)[O-])cc1C3,XFGFRDPSJOZKTD-UHFFFAOYSA-N,CHEMBL328506,36,Progesterone receptor 
318821,Ki,7.40,39.81,CC1CN(S(=O)(=O)c2ccc(Cl)cc2)N=C1c1ccc(Cl)c(Cl)c1,YBMIUFPRKJPNPB-UHFFFAOYSA-N,CHEMBL366252,36,Progesterone receptor 
172017,Ki,9.49,0.32,CC1=CC(C)(C)Nc2ccc3c(c21)C(c1ccc(Cl)cc1)Oc1ccc(F)cc1-3,NTTRQYICIVZJOG-UHFFFAOYSA-N,CHEMBL106994,36,Progesterone receptor 
218915,Ki,8.89,1.3,CC1=CC(C)(C)Nc2ccc3c(c21)/C(=C/c1ccsc1)Oc1ccc(F)cc1-3,MYDJWFCWWHPKCH-FBHDLOMBSA-N,CHEMBL134277,36,Progesterone receptor 
312119,Ki,8.46,3.5,C#C[C@]1(O)CC[C@H]2[C@@H]3CCC4=CC(=O)CCC4=C3[C@@H](c3ccc(N(C)CCNC(=O)N(C)C4CC[C@@]5(C)[C@@H](C4)C[C@@H](O)[C@@H]4[C@@H]5C[C@H](O)[C@@]5(C)[C@H]4CC[C@@H]5[C@H](C)CCC(=O)O)cc3)C[C@@]21C,SCLTZUGPKWXVDE-IBSXURLBSA-N,CHEMBL384975,36,Progesterone receptor 
459286,Ki,7.51,31.0,CC12CC(C)(C(=O)Nc3nccs3)C(c3ccccc31)c1ccccc12,RKZJWUOBFCJJTR-UHFFFAOYSA-N,CHEMBL474189,36,Progesterone receptor 
171995,Ki,8.62,2.4,COc1ccc2c(c1)-c1ccc3c(c1C(c1ccc(Cl)cc1)O2)C(C)=CC(C)(C)N3,QHPLLVOQIJWVSH-UHFFFAOYSA-N,CHEMBL107998,36,Progesterone receptor 
426107,Ki,7.66,22.0,Cc1cc(-c2cccc3c(C)c[nH]c23)c(Cl)c2c1NC(C)(C)CC2C,PCGWJSDLFYYVRR-UHFFFAOYSA-N,CHEMBL256787,36,Progesterone receptor 
150189,Ki,7.85,14.13,CC1=CC(C)(C)Nc2cc3c(cc21)-c1ccccc1C3,UONIFIXPXUYMNR-UHFFFAOYSA-N,CHEMBL329198,36,Progesterone receptor 
227112,Ki,8.06,8.7,CC1=CC(C)(C)Nc2ccc3c(c21)/C(=C/c1ccc(Br)cc1)Oc1ccccc1-3,VDIVRRZLTFUVFZ-UCQKPKSFSA-N,CHEMBL137902,36,Progesterone receptor 
218149,Ki,9.21,0.61,CC1=CC(C)(C)Nc2ccc3c(c21)/C(=C/c1ccccc1)Oc1c(F)cccc1-3,RTLRJRHSVSOAFD-HMAPJEAMSA-N,CHEMBL413309,36,Progesterone receptor 
167919,Ki,8.47,3.4,CC1=CC(C)(C)Nc2ccc3c(c21)C(c1ccc(Cl)c(Cl)c1)Oc1ccccc1-3,GAUXDXUKQPFNPK-UHFFFAOYSA-N,CHEMBL317921,36,Progesterone receptor 
459347,Ki,7.46,35.0,CC12CC(C)(C(=O)Nc3nncs3)C(c3ccccc31)c1ccccc12,ICFLHQGITDWVMH-UHFFFAOYSA-N,CHEMBL514630,36,Progesterone receptor 
389301,Ki,7.24,57.0,CC/C=C(\C)c1ccsc1/C=C1\Oc2ccc(O)c(OC)c2-c2ccc3c(c21)C(C)=CC(C)(C)N3,CAVTYMQSFAIXRJ-AKXZRBJUSA-N,CHEMBL428922,36,Progesterone receptor 
426062,Ki,7.82,15.0,Cc1cc(-c2cc(F)cc3cc[nH]c23)c(Cl)c2c1NC(C)(C)CC2C,DSMDXILQYZQPHU-UHFFFAOYSA-N,CHEMBL403274,36,Progesterone receptor 
1069942,Ki,9.67,0.214,CC(C)n1cc(-c2ccc(C#N)c(F)c2)c2ccc(NS(C)(=O)=O)cc21,JIKFLEZNTIZKCI-UHFFFAOYSA-N,CHEMBL1672547,36,Progesterone receptor 
77670,Ki,7.15,71.0,C=C1CCC[C@H](C)[C@H]1Cc1cc(OC)c(Br)cc1O,HXJXFIBSBUSEJX-AAEUAGOBSA-N,CHEMBL299778,36,Progesterone receptor 
645199,Ki,7.31,49.0,O=C(CC(Nc1ccc([N+](=O)[O-])cc1)c1cccc(F)c1)c1ccccc1,SGJHGBRSGXOPCU-UHFFFAOYSA-N,CHEMBL1163646,36,Progesterone receptor 
149926,Ki,7.81,15.49,CC1=CC(C)(C)Nc2ccc3c(c21)Cc1c(F)cccc1-3,DQOHITXSZLLWAT-UHFFFAOYSA-N,CHEMBL91927,36,Progesterone receptor 
150555,Ki,7.70,19.95,CC1=CC(C)(C)Nc2ccc(-c3cccc([N+](=O)[O-])c3)cc21,RPMPNSIAJLJJTG-UHFFFAOYSA-N,CHEMBL93027,36,Progesterone receptor 
50621,Ki,7.04,91.0,C[C@@H]1CC(C)(C)Nc2ccc3c(c21)[C@H](c1ccc(Cl)cc1)Oc1ccccc1-3,PZQCNOKCBJYQHG-MYYSRTQBSA-N,CHEMBL36076,36,Progesterone receptor 
226659,Ki,7.61,24.3,CC1=CC(C)(C)Nc2ccc3c(c21)/C(=C/c1cccc(F)c1F)Oc1ccccc1-3,WTHAQTMDPYYIEC-XKZIYDEJSA-N,CHEMBL135138,36,Progesterone receptor 
2989,Ki,7.66,22.0,C=CCC1Oc2c(Br)cc(O)c(Cl)c2-c2ccc3c(c21)C(C)=CC(C)(C)N3,VKYPRKNSJRILPH-UHFFFAOYSA-N,CHEMBL7781,36,Progesterone receptor 
644782,Ki,8.07,8.5,O=C(CC(Nc1ccc([N+](=O)[O-])cc1)C1CCCCC1)c1ccc(F)cc1,FFBFTWHDFGXBAD-UHFFFAOYSA-N,CHEMBL1163481,36,Progesterone receptor 
644720,Ki,7.99,10.2,O=C(CC(Nc1ccc([N+](=O)[O-])cc1)C1CCCCC1)c1ccc(Br)cc1,GHECULMSYYJOBB-UHFFFAOYSA-N,CHEMBL1164752,36,Progesterone receptor 
150083,Ki,8.72,1.905,CC1=CC(C)(C)Nc2cc3c(cc21)-c1cc(F)c([N+](=O)[O-])cc1C3,MZJIXRJOHKLMAS-UHFFFAOYSA-N,CHEMBL330527,36,Progesterone receptor 
77285,Ki,7.51,31.0,C=C1C=C(C)CC(C)(C)C1Cc1cc(OC)c(Br)cc1O,QLTIGDUKNMBVNZ-UHFFFAOYSA-N,CHEMBL48746,36,Progesterone receptor 
1471143,Ki,7.55,28.0,Sc1nc2ccc(-n3ccnc3)cc2n1C1CCCC1,AUTNPBPPDBWRNC-UHFFFAOYSA-N,CHEMBL2235632,36,Progesterone receptor 
1781787,Ki,7.28,52.8,CC(C)(C(=O)NC(N)=O)[C@@H]1c2ccc(-c3ccc(C(=O)N4CCOCC4)cc3)nc2Oc2c(F)cccc21,LPVOSIGKKGTQCK-QFIPXVFZSA-N,CHEMBL3315061,36,Progesterone receptor 
77528,Ki,7.22,59.6,C=C1C=C(C)CC(C)(C)C1Cc1cc(OC)c(Br)cc1OC(C)=O,SWJKQYBPSVCQOG-UHFFFAOYSA-N,CHEMBL54270,36,Progesterone receptor 
644638,Ki,7.06,87.0,O=C(CC(Nc1ccc([N+](=O)[O-])cc1)c1ccc(C(F)(F)F)cc1)c1cccc(Cl)c1,WHJFJSSLCKXVHU-UHFFFAOYSA-N,CHEMBL1163617,36,Progesterone receptor 
645165,Ki,7.34,46.0,O=C(CC(Nc1ccc([N+](=O)[O-])cc1)c1cccc(F)c1)c1cccc(F)c1,CXVVRTQQTVLRBH-UHFFFAOYSA-N,CHEMBL1164485,36,Progesterone receptor 
149845,Ki,7.11,77.62,CCCCn1c2ccccc2c2ccc3c(c21)C(C)=CC(C)(C)N3,GIYVQJUFCNEEDW-UHFFFAOYSA-N,CHEMBL330726,36,Progesterone receptor 
167899,Ki,8.41,3.9,CC1=CC(C)(C)Nc2ccc3c(c21)C(c1ccc(Br)nc1)Oc1ccccc1-3,IZMLMXPILRMTIR-UHFFFAOYSA-N,CHEMBL102179,36,Progesterone receptor 
218961,Ki,9.38,0.42,CC1=CC(C)(C)Nc2ccc3c(c21)/C(=C/c1ncccc1C)Oc1ccc(F)cc1-3,MEFYNCWNNHNHMN-QRVIBDJDSA-N,CHEMBL132363,36,Progesterone receptor 
644784,Ki,7.95,11.2,COc1cccc(C(=O)CC(Nc2ccc([N+](=O)[O-])cc2)C2CCCCC2)c1,FDNUEWAYXCBDDX-UHFFFAOYSA-N,CHEMBL1163484,36,Progesterone receptor 
644902,Ki,7.08,84.0,Cc1ccc(C(=O)C[C@H](Nc2ccc([N+](=O)[O-])cc2)c2cccc(F)c2)cc1,HQCVWNZJFCYZOD-NRFANRHFSA-N,CHEMBL1164158,36,Progesterone receptor 
226679,Ki,7.50,31.3,CC1=CC(C)(C)Nc2ccc3c(c21)/C(=C/c1c(F)cccc1F)Oc1ccccc1-3,REAASUOBXJQINY-QRVIBDJDSA-N,CHEMBL344644,36,Progesterone receptor 
153616,Ki,9.31,0.49,CC1=CC(C)(C)Nc2ccc3c(c21)C(c1ccc(Cl)c(C)c1)Oc1ccc(F)cc1-3,NPDSJEIIHNPHHF-UHFFFAOYSA-N,CHEMBL94749,36,Progesterone receptor 
218665,Ki,8.19,6.4,CC1=CC(C)(C)Nc2ccc3c(c21)/C(=C/c1ccccc1OC(F)(F)F)Oc1ccc(F)cc1-3,VEXLGUFYKSQHGY-FMCGGJTJSA-N,CHEMBL132578,36,Progesterone receptor 
77210,Ki,7.66,22.0,C=C1C[C@H](C)CC(C)(C)[C@@H]1Cc1cc(OC)c(Br)cc1O,LMHUNJRFYIMKDB-SMDDNHRTSA-N,CHEMBL53549,36,Progesterone receptor 
192270,Ki,8.00,10.0,CC1=CC(C)(C)Nc2ccc(-c3cc(F)cc(F)c3)cc21,XFRVMTJXAGNUEA-UHFFFAOYSA-N,CHEMBL117586,36,Progesterone receptor 
172077,Ki,8.89,1.3,CC1=CC(C)(C)Nc2ccc3c(c21)C(c1ccc(F)c(C)c1)Oc1ccc(F)cc1-3,NJABZHTZWQUIIY-UHFFFAOYSA-N,CHEMBL320632,36,Progesterone receptor 
167863,Ki,9.39,0.41,CC1=CC(C)(C)Nc2ccc3c(c21)C(c1ccc(Cl)c(F)c1)Oc1ccccc1-3,WNRXXFMGMKLIHP-UHFFFAOYSA-N,CHEMBL102754,36,Progesterone receptor 
167052,Ki,7.97,10.8,CC1=CC(C)(C)Nc2ccc3c(c21)C(c1ccc(C(F)(F)F)cc1)Oc1ccccc1-3,NRCVRALBQJXGMB-UHFFFAOYSA-N,CHEMBL321584,36,Progesterone receptor 
645198,Ki,7.44,36.0,O=C(CC(Nc1ccc([N+](=O)[O-])cc1)c1cccc(F)c1)c1cccc(Br)c1,RMSGLBWSFHPNIN-UHFFFAOYSA-N,CHEMBL1163645,36,Progesterone receptor 
49660,Ki,7.67,21.3,C[C@H]1C(=O)C(C)(C)Nc2ccc3c(c21)[C@H](c1ccc(Cl)cc1)Oc1ccccc1-3,FOPLNUAISVOILB-FATZIPQQSA-N,CHEMBL34015,36,Progesterone receptor 
218964,Ki,8.04,9.2,CC1=CC(C)(C)Nc2ccc3c(c21)/C(=C/c1ccccn1)Oc1ccc(F)cc1-3,OOKFNRNSFDKPIG-XKZIYDEJSA-N,CHEMBL335879,36,Progesterone receptor 
1619628,Ki,7.81,15.5,CC/C(=C1/c2ccccc2COc2ccccc21)c1cccc(NS(C)(=O)=O)c1,UFZZMZCIWOEUKP-HIXSDJFHSA-N,CHEMBL3120318,36,Progesterone receptor 
99925,Ki,7.58,26.0,C=C(/C=C1\Oc2ccc(F)cc2-c2ccc3c(c21)C(C)=CC(C)(C)N3)C(C)C,KKXDNPAQGRATDU-JJFYIABZSA-N,CHEMBL65410,36,Progesterone receptor 
49063,Ki,9.003333333333333333333333333,0.32,CC1=CC(C)(C)Nc2ccc3c(c21)C(c1cccc(Cl)c1)Oc1ccc(F)cc1-3,OHLMRBMVXRKABN-UHFFFAOYSA-N,CHEMBL416411,36,Progesterone receptor 
644822,Ki,7.55,28.0,O=C(CC(Nc1ccc([N+](=O)[O-])cc1)C1CCCCC1)c1ccc(-c2ccccc2)cc1,QREDJWIIDQVKDI-UHFFFAOYSA-N,CHEMBL1164248,36,Progesterone receptor 
1619629,Ki,8.21,6.17,C/C(=C1/c2ccccc2COc2ccccc21)c1cccc(NS(C)(=O)=O)c1,LGTLOCBNEXITRB-XQNSMLJCSA-N,CHEMBL3120319,36,Progesterone receptor 
644637,Ki,7.24,58.0,O=C(CC(Nc1ccc([N+](=O)[O-])cc1)c1ccc(F)cc1)c1cccc(Cl)c1,MUYIYYIMQMHGRZ-UHFFFAOYSA-N,CHEMBL1163717,36,Progesterone receptor 
312054,Ki,8.96,1.1,C#C[C@]1(O)CC[C@H]2[C@@H]3CCC4=CC(=O)CCC4=C3[C@@H](c3ccc(N(C)CCCOC4CC[C@]5(C)[C@H]6C[C@H](O)[C@@]7(C)[C@@H](CC[C@@H]7[C@H](C)CCC(=O)O)[C@@H]6[C@H](O)C[C@@H]5C4)cc3)C[C@@]21C,AOIBSIQVRJDUOX-RPBDTDFQSA-N,CHEMBL415621,36,Progesterone receptor 
220322,Ki,7.60,25.12,CC1=CC(C)(C)Nc2ccc(-c3sccc3C)cc21,KDEPJXRAESNIQG-UHFFFAOYSA-N,CHEMBL133794,36,Progesterone receptor 
312117,Ki,8.785,3.3,C#C[C@]1(O)CC[C@H]2[C@@H]3CCC4=CC(=O)CCC4=C3[C@@H](c3ccc(N(C)CCOC4CC[C@]5(C)[C@H]6C[C@H](O)[C@@]7(C)[C@@H](CC[C@@H]7[C@H](C)CCC(=O)O)[C@@H]6[C@H](O)C[C@@H]5C4)cc3)C[C@@]21C,OXMVLQFFEPZPIP-JWPYBEJESA-N,CHEMBL427568,36,Progesterone receptor 
1958985,Ki,8.26,5.51,CS(=O)(=O)Nc1cccc2c(-c3cccc(Cl)c3)c[nH]c12,SXIDZLMPGLSSSR-UHFFFAOYSA-N,CHEMBL3605932,36,Progesterone receptor 
389298,Ki,7.42,38.0,CO/N=C(\C)c1ccsc1/C=C1\Oc2ccc(O)c(OC)c2-c2ccc3c(c21)C(C)=CC(C)(C)N3,XTLUPLYDVHOHSW-BUZNVXKCSA-N,CHEMBL397920,36,Progesterone receptor 
318824,Ki,7.00,100.0,O=S(=O)(c1ccc(Cl)cc1)N1CC(c2ccccc2)C(c2ccc(Cl)c(Cl)c2)=N1,HFHJIPYIQJZIKQ-UHFFFAOYSA-N,CHEMBL364924,36,Progesterone receptor 
160049,Ki,8.205,0.74,CC1=CC(C)(C)Nc2ccc3c(c21)C(c1ccccc1)Oc1ccc(Cl)cc1-3,ANIOYQXTAMMUKZ-UHFFFAOYSA-N,CHEMBL318409,36,Progesterone receptor 
100949,Ki,8.17,6.761,CC1=CC(C)(C)Nc2ccc3c(c21)COc1ccc([N+](=O)[O-])cc1-3,WFOHHEVAQLCSFM-UHFFFAOYSA-N,CHEMBL64294,36,Progesterone receptor 
218997,Ki,8.64,2.3,CCc1ccccc1/C=C1\Oc2ccc(F)cc2-c2ccc3c(c21)C(C)=CC(C)(C)N3,VQFLIHCSQSPSJT-QFEZKATASA-N,CHEMBL415524,36,Progesterone receptor 
352685,Ki,7.20,63.1,N#Cc1ccc(C2=NN(S(=O)(=O)c3ccc(Br)s3)CCCC2)cc1,GVTXFDALBFZLGD-UHFFFAOYSA-N,CHEMBL211483,36,Progesterone receptor 
644783,Ki,8.07,8.5,O=C(CC(Nc1ccc([N+](=O)[O-])cc1)C1CCCCC1)c1cccc(F)c1,IUZRAMZCEBNUIK-UHFFFAOYSA-N,CHEMBL1163485,36,Progesterone receptor 
644903,Ki,7.46,35.0,Cc1ccc(C(=O)C[C@@H](Nc2ccc([N+](=O)[O-])cc2)c2cccc(F)c2)cc1,HQCVWNZJFCYZOD-OAQYLSRUSA-N,CHEMBL1165497,36,Progesterone receptor 
218212,Ki,8.26,5.5,CC1=CC(C)(C)Nc2ccc3c(c21)/C(=C/c1cccc(F)c1)Oc1c(F)cccc1-3,AEIHSRWGAGVPGH-XKZIYDEJSA-N,CHEMBL130257,36,Progesterone receptor 
49168,Ki,8.00,10.1,C[C@H]1CC(C)(C)Nc2ccc3c(c21)[C@H](c1ccc(Cl)cc1)Oc1ccccc1-3,PZQCNOKCBJYQHG-OWJWWREXSA-N,CHEMBL286822,36,Progesterone receptor 
49922,Ki,8.18,6.6,C[C@@H]1C(=O)C(C)(C)Nc2ccc3c(c21)[C@H](c1ccccc1)Oc1ccccc1-3,QXSLSLICSJPAFZ-WNSKOXEYSA-N,CHEMBL284475,36,Progesterone receptor 
312269,Ki,8.36,4.4,C#C[C@]1(O)CC[C@H]2[C@@H]3CCC4=CC(=O)CCC4=C3[C@@H](c3ccc(N(C)C(=O)CNC(=O)O[C@@H]4C[C@@H]5CC(O)CC[C@]5(C)[C@H]5C[C@H](O)[C@@]6(C)[C@@H](CC[C@@H]6[C@H](C)CCC(=O)O)[C@@H]54)cc3)C[C@@]21C,IMTGEDOKMRCXLE-DYIFYJHRSA-N,CHEMBL263942,36,Progesterone receptor 
1069934,Ki,9.53,0.298,Cc1cc(-c2cn(C(C)C)c3cc(NS(C)(=O)=O)ccc23)ccc1C#N,WIMXURNPWBOQET-UHFFFAOYSA-N,CHEMBL1672541,36,Progesterone receptor 
644781,Ki,8.17,6.7,O=C(CC(Nc1ccc([N+](=O)[O-])cc1)C1CCCCC1)c1ccc(Cl)cc1,WHDYNTOHHUJBCQ-UHFFFAOYSA-N,CHEMBL1163480,36,Progesterone receptor 
167880,Ki,8.96,1.1,CC1=CC(C)(C)Nc2ccc3c(c21)C(c1cccc(Br)c1)Oc1ccccc1-3,YPUGASLTKIAOPT-UHFFFAOYSA-N,CHEMBL430855,36,Progesterone receptor 
644716,Ki,7.10,80.0,O=C(CC(Nc1ccc([N+](=O)[O-])cc1)c1ccc(C(F)(F)F)cc1)c1ccc(Cl)cc1,OKFXILKFTJTOKG-UHFFFAOYSA-N,CHEMBL1164856,36,Progesterone receptor 
219109,Ki,8.82,1.5,CC1=CC(C)(C)Nc2ccc3c(c21)/C(=C/c1ccccc1C)Oc1c(F)cccc1-3,LVCVMYKRVFAVCM-UCQKPKSFSA-N,CHEMBL337856,36,Progesterone receptor 
220290,Ki,7.92,12.02,CC1=CC(C)(C)Nc2ccc(-c3ccc(Cl)s3)cc21,ZPKGIIOSPYKWAY-UHFFFAOYSA-N,CHEMBL133661,36,Progesterone receptor 
149853,Ki,7.28,53.1,CC1=CC(C)(C)Nc2cc3c(c(Cl)c21)-c1ccccc1C3O,LFTFHMAAAIFIPU-UHFFFAOYSA-N,CHEMBL330702,36,Progesterone receptor 
50484,Ki,7.61,24.6,CC1(C)CC(=O)c2c(ccc3c2C(c2ccc(Cl)cc2)Oc2ccccc2-3)N1,ULQQAJOXIKLWSL-UHFFFAOYSA-N,CHEMBL286662,36,Progesterone receptor 
218986,Ki,8.85,1.4,CC1=CC(C)(C)Nc2ccc3c(c21)/C(=C/c1ccncc1C)Oc1ccc(F)cc1-3,KCVAVMXQQQXOLI-KSEXSDGBSA-N,CHEMBL130141,36,Progesterone receptor 
149729,Ki,7.24,57.54,CC1=CC(C)(C)Nc2ccc3c(c21)Cc1cc([N+](=O)[O-])ccc1-3,HTTJKVFBMIMANI-UHFFFAOYSA-N,CHEMBL330235,36,Progesterone receptor 
167900,Ki,9.06,0.87,CC1=CC(C)(C)Nc2ccc3c(c21)C(c1cc(C)cc(Br)c1)Oc1ccccc1-3,BDYFDDGUXXUNJN-UHFFFAOYSA-N,CHEMBL101907,36,Progesterone receptor 
226425,Ki,8.46,3.5,CC1=CC(C)(C)Nc2ccc3c(c21)/C(=C/c1ccc(F)cc1)Oc1ccccc1-3,WVGLLTNOKBBPSI-UCQKPKSFSA-N,CHEMBL136464,36,Progesterone receptor 
221454,Ki,8.59,2.57,CC1=CC(C)(C)Nc2ccc(-c3ccc([N+](=O)[O-])s3)cc21,DCFLRZWZJAAAGE-UHFFFAOYSA-N,CHEMBL133656,36,Progesterone receptor 
645129,Ki,7.18,66.0,Cc1ccc(C(=O)CC(Nc2ccc([N+](=O)[O-])cc2)c2ccccc2)cc1,UHIOHBCVVQJMBM-UHFFFAOYSA-N,CHEMBL1163604,36,Progesterone receptor 
172181,Ki,9.43,0.37,CC1=CC(C)(C)Nc2ccc3c(c21)C(c1cccc(C)c1)Oc1ccc(F)cc1-3,RGLLPBRDVGGNJE-UHFFFAOYSA-N,CHEMBL320164,36,Progesterone receptor 
227145,Ki,8.44,3.6,CC1=CC(C)(C)Nc2ccc3c(c21)/C(=C/c1ccc(F)c(F)c1)Oc1ccccc1-3,XGBWGDGYTTWUIM-QRVIBDJDSA-N,CHEMBL342426,36,Progesterone receptor 
1059758,Ki,7.16,70.0,Cc1cc(-c2cccc3cc[nH]c23)c(Cl)c2c1NC(C)(C)C(=O)C2C,PDCRQOSNBYFZJI-UHFFFAOYSA-N,CHEMBL1644754,36,Progesterone receptor 
187139,Ki,8.96,1.1,CC1=CC(C)(C)Nc2ccc3c(c21)C(C)Oc1ccc(F)cc1-3,UAXYYPCBGHLJKQ-UHFFFAOYSA-N,CHEMBL116007,36,Progesterone receptor 
644719,Ki,7.97,10.8,COc1ccc(C(=O)CC(Nc2ccc([N+](=O)[O-])cc2)C2CCCCC2)cc1,ZZZQZZTYLVXHSC-UHFFFAOYSA-N,CHEMBL1165483,36,Progesterone receptor 
12825,Ki,8.393333333333333333333333333,3.8,CC(=O)[C@H]1CC[C@H]2[C@@H]3CCC4=CC(=O)CC[C@]4(C)[C@H]3CC[C@]12C,RJKFOVLPORLFTN-LEKSSAKUSA-N,CHEMBL103,36,Progesterone receptor 
49884,Ki,8.59,2.6,C[C@@H]1C(=O)C(C)(C)Nc2ccc3c(c21)[C@H](c1cccc(F)c1)Oc1ccccc1-3,FQYNXWLDJCLBQP-PSLXWICFSA-N,CHEMBL36564,36,Progesterone receptor 
150084,Ki,8.51,3.09,CC1=CC(C)(C)Nc2cc3c(cc21)-c1c(F)ccc(F)c1C3,PECGBIWHNLKBOG-UHFFFAOYSA-N,CHEMBL327847,36,Progesterone receptor 
1619627,Ki,7.57,26.8,CC/C(=C1\c2ccccc2OCc2cccc(OC)c21)c1cccc(NS(C)(=O)=O)c1,PHIKAOOZNGLKDI-QQTULTPQSA-N,CHEMBL3120317,36,Progesterone receptor 
101051,Ki,8.35,4.467,CC1=CC(C)(C)Nc2ccc3c(c21)COc1c(F)cc(C#N)cc1-3,OZGJGGGYYPKMDN-UHFFFAOYSA-N,CHEMBL62227,36,Progesterone receptor 
99940,Ki,8.21,6.166,C=C1Oc2ccc(F)cc2-c2ccc3c(c21)C(C)=CC(C)(C)N3,JSBQQOOLRVTWCM-UHFFFAOYSA-N,CHEMBL64913,36,Progesterone receptor 
100862,Ki,7.82,15.14,CC1=CC(C)(C)Nc2ccc3c(c21)COc1ccc(Br)cc1-3,KRGAYZJXZMMOOH-UHFFFAOYSA-N,CHEMBL63870,36,Progesterone receptor 
49659,Ki,8.89,1.3,C[C@@H]1C(=O)C(C)(C)Nc2ccc3c(c21)[C@H](c1ccc(Cl)cc1)Oc1ccccc1-3,FOPLNUAISVOILB-PSLXWICFSA-N,CHEMBL35429,36,Progesterone receptor 
150109,Ki,8.82,1.514,CC1=CC(C)(C)Nc2cc3c(c(F)c21)-c1ccc(F)cc1C3,OAAQBXWWSDHOME-UHFFFAOYSA-N,CHEMBL433403,36,Progesterone receptor 
448342,Ki,8.395,4.4,CC1=C[C@@H]([C@@H]2Oc3c(F)cc(F)cc3-c3ccc4c(c32)C(C)=CC(C)(C)N4)CCC1,NNEGFNICKYKFDF-FYSMJZIKSA-N,CHEMBL453579,36,Progesterone receptor 
1059760,Ki,7.60,25.0,C=CCC1(C)C(=O)C(C)(C)Nc2c(C)cc(-c3cccc4cc[nH]c34)c(Cl)c21,HUPZROPFBRSFDW-UHFFFAOYSA-N,CHEMBL1644756,36,Progesterone receptor 
218977,Ki,8.59,2.6,CC1=CC(C)(C)Nc2ccc3c(c21)/C(=C/c1ccccc1C=O)Oc1ccc(F)cc1-3,DTHAYAUUSLOISY-MSXFZWOLSA-N,CHEMBL422268,36,Progesterone receptor 
644824,Ki,7.00,99.0,Cc1ccc(C(=O)CC(Nc2cccc([N+](=O)[O-])c2)c2cccc(F)c2)cc1,RVMQWZWBBBUEFH-UHFFFAOYSA-N,CHEMBL1164339,36,Progesterone receptor 
167801,Ki,8.59,2.6,CC1=CC(C)(C)Nc2ccc3c(c21)C(c1cccc(C(F)(F)F)c1)Oc1ccccc1-3,CTCHAYJBEBAVDT-UHFFFAOYSA-N,CHEMBL318513,36,Progesterone receptor 
150081,Ki,7.54,28.84,CC1=CC(C)(C)Nc2cc3c(cc21)-c1c(F)cccc1C3=O,DMEKIENJDRNRCK-UHFFFAOYSA-N,CHEMBL90766,36,Progesterone receptor 
352656,Ki,7.40,39.81,O=S(=O)(c1ccc(Cl)s1)N1CCCCC(c2ccc(Cl)c(Cl)c2)=N1,UPCFEJJAMOUHOV-UHFFFAOYSA-N,CHEMBL380094,36,Progesterone receptor 
49696,Ki,7.54,28.6,C[C@H]1C(=O)C(C)(C)Nc2ccc3c(c21)[C@H](c1ccccc1)Oc1ccccc1-3,QXSLSLICSJPAFZ-CMJOXMDJSA-N,CHEMBL285705,36,Progesterone receptor 
100660,Ki,9.47,0.34,CC(=O)C[C@]1(C(C)=O)CC[C@H]2C3C[C@H](C)C4=CC(=O)CC[C@]4(C)[C@H]3CC[C@@]21C,GKQWMOXIBZCMDJ-PWZOGDDVSA-N,CHEMBL292284,36,Progesterone receptor 
459348,Ki,7.47,34.0,C[C@@]1(C(=O)Nc2nccs2)CC2(C#N)c3ccccc3C1c1ccccc12,KNTPSJWEFWVLCP-NFOQDIRWSA-N,CHEMBL473801,36,Progesterone receptor 
153577,Ki,9.30,0.5,CC1=CC(C)(C)Nc2ccc3c(c21)C(c1ccc(Cl)c(C)c1)Oc1ccc(Cl)cc1-3,SSFWXDSRZJERKU-UHFFFAOYSA-N,CHEMBL94753,36,Progesterone receptor 
1958981,Ki,7.36,44.2,COc1ccc(F)cc1-c1c(-c2ccccc2)[nH]c2c(NS(C)(=O)=O)cccc12,VBGYFNUDIFNZRO-UHFFFAOYSA-N,CHEMBL3605928,36,Progesterone receptor 
187470,Ki,8.54,2.9,CCCCC1Oc2ccc(F)cc2-c2ccc3c(c21)C(C)=CC(C)(C)N3,HKKAPCOJXICOAX-UHFFFAOYSA-N,CHEMBL326092,36,Progesterone receptor 
34608,Ki,9.16,0.3388,CC(=O)O[C@]1(C(C)=O)CC[C@H]2[C@@H]3C[C@H](C)C4=CC(=O)CC[C@]4(C)[C@H]3CC[C@@]21C,PSGAAPLEWMOORI-PEINSRQWSA-N,CHEMBL717,36,Progesterone receptor 
226690,Ki,7.27,53.3,COc1cccc(/C=C2\Oc3ccccc3-c3ccc4c(c32)C(C)=CC(C)(C)N4)c1,GWLDFNWDVYCDFE-IWIPYMOSSA-N,CHEMBL139631,36,Progesterone receptor 
220320,Ki,7.51,30.9,CC1=CC(C)(C)Nc2ccc(-c3ccc(Br)s3)cc21,UCFWDQPOUVOHQR-UHFFFAOYSA-N,CHEMBL339399,36,Progesterone receptor 
312118,Ki,9.02,0.96,C#C[C@]1(O)CC[C@H]2[C@@H]3CCC4=CC(=O)CCC4=C3[C@@H](c3ccc(N(C)CCCC(=O)N(C)C4CC[C@@]5(C)[C@@H](C4)C[C@@H](O)[C@@H]4[C@@H]5C[C@H](O)[C@@]5(C)[C@H]4CC[C@@H]5[C@H](C)CCC(=O)O)cc3)C[C@@]21C,SDXWDHXHERWGDY-ZOCRLUIKSA-N,CHEMBL408376,36,Progesterone receptor 
191763,Ki,7.72,19.05,CC1=CC(C)(C)Nc2ccc(-c3cccc(C#N)c3)cc21,PDEIPQPDODOWPI-UHFFFAOYSA-N,CHEMBL115904,36,Progesterone receptor 
167762,Ki,8.44,3.6,CC1=CC(C)(C)Nc2ccc3c(c21)C(c1ccccc1)Oc1ccccc1-3,KGVGNTCIQIYLQU-UHFFFAOYSA-N,CHEMBL101914,36,Progesterone receptor 
167864,Ki,8.17,6.8,CC1=CC(C)(C)Nc2ccc3c(c21)C(c1ccc(F)c(C(F)(F)F)c1)Oc1ccccc1-3,BMIDVCHQTQWMNU-UHFFFAOYSA-N,CHEMBL320423,36,Progesterone receptor 
77353,Ki,7.54,28.8,C=C1C=C(C)CC(C)(C)C1Cc1ccc([N+](=O)[O-])c(C)c1,ARDKBOYBRBHJCL-UHFFFAOYSA-N,CHEMBL299512,36,Progesterone receptor 
218917,Ki,7.65,22.4,CC1=CC(C)(C)Nc2ccc3c(c21)/C(=C/c1ccccc1Cl)Oc1ccc(F)cc1-3,RFNPESLVOMQSMD-FMCGGJTJSA-N,CHEMBL132256,36,Progesterone receptor 
226624,Ki,8.26,5.5,CC1=CC(C)(C)Nc2ccc3c(c21)/C(=C/c1ccccc1Br)Oc1ccccc1-3,SCEKQQXRGFNJTE-UCQKPKSFSA-N,CHEMBL335591,36,Progesterone receptor 
218872,Ki,8.42,3.8,COc1ccccc1/C=C1\Oc2ccc(F)cc2-c2ccc3c(c21)C(C)=CC(C)(C)N3,IAUDUYJHOKBQLW-CFRMEGHHSA-N,CHEMBL335996,36,Progesterone receptor 
1162078,Ki,7.28,53.0,CC(C)(C(=O)Nc1nccs1)[C@@H](c1ccccc1)c1ccc(O)c(F)c1,PCJNAMBTUJABGN-KRWDZBQOSA-N,CHEMBL1801008,36,Progesterone receptor 
644823,Ki,7.29,51.0,O=C(CC(Nc1ccc([N+](=O)[O-])cc1)C1CCCCC1)c1ccc(C2CCCCC2)cc1,HOXLYYDYYIXZOP-UHFFFAOYSA-N,CHEMBL1164338,36,Progesterone receptor 
1619630,Ki,7.00,99.0,CS(=O)(=O)Nc1cccc(C=C2c3ccccc3CCc3ccccc32)c1,WLMLZKXAEFRSCP-UHFFFAOYSA-N,CHEMBL3120320,36,Progesterone receptor 
49925,Ki,9.36,0.44,CC1=CC(C)(C)Nc2ccc3c(c21)C(C)Oc1ccc(Cl)cc1-3,IDGIKWDCKXJAES-UHFFFAOYSA-N,CHEMBL286446,36,Progesterone receptor 
221256,Ki,7.10,79.43,CC1=CC(C)(C)Nc2ccc(-c3ccc(C=O)s3)cc21,HWLNCOANDVUZLE-UHFFFAOYSA-N,CHEMBL134786,36,Progesterone receptor 
226329,Ki,7.73,18.7,CC1=CC(C)(C)Nc2ccc3c(c21)/C(=C/c1cccc(Cl)c1)Oc1ccccc1-3,SKBNHDTXAHIITG-UCQKPKSFSA-N,CHEMBL337262,36,Progesterone receptor 
645233,Ki,7.30,50.0,O=C(CC(Nc1ccc([N+](=O)[O-])cc1)c1cccc(F)c1)c1ccc(-c2ccccc2)cc1,XXYLLIHARBRABR-UHFFFAOYSA-N,CHEMBL1165642,36,Progesterone receptor 
167917,Ki,8.74,1.8,CC1=CC(C)(C)Nc2ccc3c(c21)C(c1ccc(C)c(F)c1)Oc1ccccc1-3,NTYALJAURYTROE-UHFFFAOYSA-N,CHEMBL103092,36,Progesterone receptor 
1369788,Ki,8.77,1.7,C#C[C@]1(O)CC[C@H]2[C@@H]3CCC4=CC(=O)CCC4=C3[C@@H](c3ccc(N(C)CCOCCO[C@@H]4CC[C@]5(C)[C@H]6C[C@H](O)[C@@]7(C)[C@@H](CC[C@@H]7[C@H](C)CCC(=O)O)[C@@H]6[C@H](O)C[C@@H]5C4)cc3)C[C@@]21C,AJRJLOHHFYPQDN-FPVIQMQWSA-N,CHEMBL2096804,36,Progesterone receptor 
49845,Ki,8.20,6.3,CC1CC(C)(C)Nc2ccc3c(c21)/C(=C/c1cccc(F)c1)Oc1ccccc1-3,JZSQQWIXOHEGHQ-UCQKPKSFSA-N,CHEMBL34882,36,Progesterone receptor 
352657,Ki,7.30,50.12,O=S(=O)(c1ccc(Cl)cc1Cl)N1CCCCC(c2ccc(Cl)c(Cl)c2)=N1,UWRSFIXITXHHDP-UHFFFAOYSA-N,CHEMBL379847,36,Progesterone receptor 
172183,Ki,8.57,2.7,COc1ccc(C2Oc3ccc(F)cc3-c3ccc4c(c32)C(C)=CC(C)(C)N4)cc1,KVTIALKVENTGTL-UHFFFAOYSA-N,CHEMBL104451,36,Progesterone receptor 
312214,Ki,9.00,1.0,C#C[C@]1(O)CC[C@H]2[C@@H]3CCC4=CC(=O)CCC4=C3[C@@H](c3ccc(N(C)CCOC4CC[C@]5(C)[C@H]6C[C@H](O)[C@@]7(C)[C@@H](CC[C@@H]7[C@H](C)CCC(=O)NCC(=O)O)[C@@H]6[C@H](O)C[C@@H]5C4)cc3)C[C@@]21C,ICMNXRDZVAGHPS-KOVGRZQNSA-N,CHEMBL414318,36,Progesterone receptor 
1948172,Ki,7.66,22.0,Cc1noc(C)c1-c1ccc2c(c1)C(C)(C)C(=O)C(C)(C)N2,VWCZQZNHWPQZGT-UHFFFAOYSA-N,CHEMBL3582109,36,Progesterone receptor 
220759,Ki,7.91,12.3,CC1(C)Nc2ccc(-c3csc(C#N)c3)cc2C(C)(C)C1=O,ZWGPOLYPUOBDPY-UHFFFAOYSA-N,CHEMBL131681,36,Progesterone receptor 
172366,Ki,9.26,0.55,CC1=CC(C)(C)Nc2ccc3c(c21)C(c1cccc(C)c1)Oc1ccc(Cl)cc1-3,ZSTHFTOZNBONIT-UHFFFAOYSA-N,CHEMBL319915,36,Progesterone receptor 
227113,Ki,7.90,12.6,CC1=CC(C)(C)Nc2ccc3c(c21)/C(=C/c1cc(F)cc(F)c1)Oc1ccccc1-3,PRIMITDDFBVXLX-FMCGGJTJSA-N,CHEMBL342190,36,Progesterone receptor 
167910,Ki,9.26,0.55,CC1=CC(C)(C)Nc2ccc3c(c21)C(c1ccc(Br)cc1)Oc1ccccc1-3,POYMYRFGHYKMSL-UHFFFAOYSA-N,CHEMBL103232,36,Progesterone receptor 
1369692,Ki,9.32,0.48,C#C[C@]1(O)CC[C@H]2[C@@H]3CCC4=CC(=O)CCC4=C3[C@@H](c3ccc(N(C)CCOCCO[C@H]4CC[C@]5(C)[C@H]6C[C@H](O)[C@@]7(C)[C@@H](CC[C@@H]7[C@H](C)CCC(=O)O)[C@@H]6[C@H](O)C[C@@H]5C4)cc3)C[C@@]21C,AJRJLOHHFYPQDN-OKUGAFEBSA-N,CHEMBL2096708,36,Progesterone receptor 
220361,Ki,7.43,37.15,CC1=CC(C)(C)Nc2ccc(-c3csc(C=O)c3)cc21,FWWISRCNTSLLKK-UHFFFAOYSA-N,CHEMBL337885,36,Progesterone receptor 
167918,Ki,8.92,1.2,CC1=CC(C)(C)Nc2ccc3c(c21)C(c1ccc(Cl)c(C)c1)Oc1ccccc1-3,MMQYPFTZXJAWGY-UHFFFAOYSA-N,CHEMBL102720,36,Progesterone receptor 
172078,Ki,9.11,0.78,CC1=CC(C)(C)Nc2ccc3c(c21)C(c1cccc(C(F)(F)F)c1)Oc1ccc(F)cc1-3,SLVCUSXEYXHJIW-UHFFFAOYSA-N,CHEMBL418990,36,Progesterone receptor 
188064,Ki,7.09,80.5,COC1Oc2cc(F)ccc2-c2ccc3c(c21)C(C)=CC(C)(C)N3,DEHOTNIOLAUDNF-UHFFFAOYSA-N,CHEMBL333167,36,Progesterone receptor 
220446,Ki,7.51,30.9,CC1=CC(C)(C)Nc2ccc(-c3cc(C#N)sc3C)cc21,IUQFERNLYKKFJP-UHFFFAOYSA-N,CHEMBL132195,36,Progesterone receptor 
1248744,Ki,7.75,18.0,CN(C)c1ccc([C@H]2C[C@]3(C)[C@@H](CC[C@]3(O)CCCO)[C@@H]3CCC4=CC(=O)CCC4=C32)cc1,IEXUMDBQLIVNHZ-YOUGDJEHSA-N,CHEMBL1908373,36,Progesterone receptor 
1074620,Ki,7.03,93.0,C[C@H]1c2c(cc(F)c(-c3cccc4c(Cl)c[nH]c34)c2F)NC(C)(C)[C@@H]1OC(=O)NC1CCCCC1,BQZKKRYIQPCEKF-HWRSSNJWSA-N,CHEMBL1684344,36,Progesterone receptor 
1781788,Ki,7.35,44.9,CC(C)(C(=O)Nc1nncs1)[C@@H]1c2ccc(-c3ccc(C(=O)N4CCOCC4)cc3)nc2Oc2c(F)cccc21,DYJSODVHTVCXIA-QHCPKHFHSA-N,CHEMBL3315062,36,Progesterone receptor 
3247,Ki,7.00,100.0,C=CCC1Oc2ccc(CO)c(OC)c2-c2ccc3c(c21)C(C)=CC(C)(C)N3,BQDLKNZJOSLJEM-UHFFFAOYSA-N,CHEMBL8637,36,Progesterone receptor 
218692,Ki,9.21,0.62,CC1=CC(C)(C)Nc2ccc3c(c21)/C(=C/c1ccccc1)Oc1ccc(F)cc1-3,QCRMHUMUIWUQMT-QRVIBDJDSA-N,CHEMBL134602,36,Progesterone receptor 
644785,Ki,8.04,9.1,O=C(CC(Nc1ccc([N+](=O)[O-])cc1)C1CCCCC1)c1ccc(Cl)c(Cl)c1,CLZXITGNUVWIEP-UHFFFAOYSA-N,CHEMBL1163529,36,Progesterone receptor 
187456,Ki,7.42,38.4,COC1Oc2ccc(F)cc2-c2ccc3c(c21)C(C)=CC(C)(C)N3,OJNSFFIREDVKLU-UHFFFAOYSA-N,CHEMBL114435,36,Progesterone receptor 
101147,Ki,7.35,45.0,CC1CC(C)(C)Nc2ccc3c(c21)COc1c(F)cc(F)cc1-3,QWPDENUMNMUTHR-UHFFFAOYSA-N,CHEMBL63788,36,Progesterone receptor 
352630,Ki,7.60,25.12,O=S(=O)(c1ccc(Br)s1)N1CCCCC(c2ccc(Cl)c(Cl)c2)=N1,FJMVWRRNCQYTAT-UHFFFAOYSA-N,CHEMBL380305,36,Progesterone receptor 
77491,Ki,7.47,34.0,C=C1CCCC(C)(C)[C@@H]1Cc1cc(OC)c(Br)cc1O,NHOGRLKDZYGUSJ-CYBMUJFWSA-N,CHEMBL51669,36,Progesterone receptor 
167460,Ki,7.88,13.3,COc1ccc(C2Oc3ccccc3-c3ccc4c(c32)C(C)=CC(C)(C)N4)cc1,BVWMDHAJHGNBDE-UHFFFAOYSA-N,CHEMBL103468,36,Progesterone receptor 
645232,Ki,7.41,39.0,O=C(CC(Nc1ccc([N+](=O)[O-])cc1)c1cccc(F)c1)c1ccc(Br)cc1,WYMZJAXBOGNVIB-UHFFFAOYSA-N,CHEMBL1163747,36,Progesterone receptor 
49924,Ki,7.55,28.0,C[C@H]1C(=O)C(C)(C)Nc2ccc3c(c21)[C@H](c1cccc(F)c1)Oc1ccccc1-3,FQYNXWLDJCLBQP-FATZIPQQSA-N,CHEMBL35525,36,Progesterone receptor 
1069943,Ki,9.49,0.32,CC[C@H](C)n1cc(-c2ccc(C#N)cc2)c2ccc(NS(C)(=O)=O)cc21,QFRVNOIAPBNRJM-AWEZNQCLSA-N,CHEMBL1672548,36,Progesterone receptor 
101289,Ki,7.87,13.49,CC1=CC(C)(C)Nc2ccc3c(c21)COc1c(F)cc(F)cc1-3,IXAZIQYAFRPNHY-UHFFFAOYSA-N,CHEMBL418684,36,Progesterone receptor 
221222,Ki,8.41,3.9,Cc1cc(C#N)sc1-c1ccc2c(c1)C(C)(C)C(=O)C(C)(C)N2,MWIXIWILHMYRGD-UHFFFAOYSA-N,CHEMBL132889,36,Progesterone receptor 
101669,Ki,7.08,83.18,CC1=CC(C)(C)Nc2ccc3c(c21)COc1ccccc1-3,CNWLUDPVYBPOSX-UHFFFAOYSA-N,CHEMBL67362,36,Progesterone receptor 
172750,Ki,9.47,0.34,CC1=CC(C)(C)Nc2ccc3c(c21)C(c1cccc(F)c1)Oc1ccc(Cl)cc1-3,DZFWFWPEYUKVES-UHFFFAOYSA-N,CHEMBL322485,36,Progesterone receptor 
318879,Ki,7.40,39.81,CN(C)c1ccc(C2CN(S(=O)(=O)c3ccc(Cl)cc3)N=C2c2ccc(Cl)c(Cl)c2)cc1,YYFWMWSMLYGHCD-UHFFFAOYSA-N,CHEMBL192314,36,Progesterone receptor 
77352,Ki,7.27,53.5,C=C1C=C(C)CC(C)(C)C1Cc1ccc([N+](=O)[O-])cc1,RUBRWONSGNOQIS-UHFFFAOYSA-N,CHEMBL50023,36,Progesterone receptor 
3211,Ki,7.54,29.0,C=CCC1Oc2ccc(Cl)c(OC)c2-c2ccc3c(c21)C(C)=CC(C)(C)N3,KSRJOQNNZWTUHC-UHFFFAOYSA-N,CHEMBL7987,36,Progesterone receptor 
172834,Ki,8.66,2.2,CC1=CC(C)(C)Nc2ccc3c(c21)C(c1ccccc1)Oc1ccc(F)cc1-3,VXRLIUYZYDZKBE-UHFFFAOYSA-N,CHEMBL104037,36,Progesterone receptor 
99969,Ki,8.10,7.943,CC/C(C)=C1\Oc2ccc(F)cc2-c2ccc3c(c21)C(C)=CC(C)(C)N3,WLEYQRHXERCYNY-XKZIYDEJSA-N,CHEMBL62981,36,Progesterone receptor 
171996,Ki,9.23,0.59,CC1=CC(C)(C)Nc2ccc3c(c21)C(c1ccc(Br)cc1)Oc1ccc(Cl)cc1-3,NXOAZERTYTUOOS-UHFFFAOYSA-N,CHEMBL322576,36,Progesterone receptor 
226278,Ki,7.66,22.1,CC1=CC(C)(C)Nc2ccc3c(c21)/C(=C/c1cccc(Br)c1)Oc1ccccc1-3,SIBOLJWNOCJSKE-UCQKPKSFSA-N,CHEMBL137956,36,Progesterone receptor 
99991,Ki,7.35,44.67,CC1=CC(C)(C)Nc2ccc3c(c21)/C(=C/C#N)Oc1ccc(F)cc1-3,WZHDIERNMYGFAD-LSCVHKIXSA-N,CHEMBL62731,36,Progesterone receptor 
312268,Ki,8.68,2.1,C#C[C@]1(O)CC[C@H]2[C@@H]3CCC4=CC(=O)CCC4=C3[C@@H](c3ccc(N(C)CCC[C@H]4[C@H](O)CC[C@]5(C)[C@H]6C[C@H](O)[C@@]7(C)[C@@H](CC[C@@H]7[C@H](C)CCC(=O)O)[C@@H]6[C@H](O)C[C@H]45)cc3)C[C@@]21C,QIWQUMBYZAMEPN-NFCXHWEESA-N,CHEMBL440251,36,Progesterone receptor 
187421,Ki,8.46,3.5,CCCCC1Oc2ccc(OC)cc2-c2ccc3c(c21)C(C)=CC(C)(C)N3,NBYXOMZEWLMKJB-UHFFFAOYSA-N,CHEMBL322108,36,Progesterone receptor 
1162054,Ki,7.66,22.0,CC(C)(C(=O)Nc1nccs1)[C@H]1c2ccccc2Oc2cc(O)ccc21,WFESRNFSHAPECN-KRWDZBQOSA-N,CHEMBL1800984,36,Progesterone receptor 
149949,Ki,7.68,20.89,CC1=CC(C)(C)Nc2cc(F)c3c(c21)Cc1cc(F)ccc1-3,YQCQOEFFZHSJQQ-UHFFFAOYSA-N,CHEMBL431280,36,Progesterone receptor 
150156,Ki,7.91,12.3,CC1=CC(C)(C)Nc2cc3c(cc21)-c1cccc(CO)c1C3,YENMITWCIGMYGV-UHFFFAOYSA-N,CHEMBL92089,36,Progesterone receptor 
712273,Ki,8.83,1.1,CC#C[C@]1(O)CC[C@H]2[C@@H]3CCC4=CC(=O)CCC4=C3[C@@H](c3ccc(N(C)C)cc3)C[C@@]21C,VKHAHZOOUSRJNA-GCNJZUOMSA-N,CHEMBL1276308,36,Progesterone receptor 
645200,Ki,7.17,68.0,O=C(CC(Nc1ccc([N+](=O)[O-])cc1)c1cccc(F)c1)c1ccc(F)cc1,DYJWFOYAGMZBFA-UHFFFAOYSA-N,CHEMBL1163644,36,Progesterone receptor 
226330,Ki,8.89,1.3,CC1=CC(C)(C)Nc2ccc3c(c21)/C(=C/c1ccccc1Cl)Oc1ccccc1-3,VJIKLBRTISKGCV-UCQKPKSFSA-N,CHEMBL344627,36,Progesterone receptor 
172045,Ki,9.23,0.59,CC1=CC(C)(C)Nc2ccc3c(c21)C(c1ccc(Cl)cc1)Oc1ccc(Cl)cc1-3,YXPFGIHHVMUHLF-UHFFFAOYSA-N,CHEMBL322575,36,Progesterone receptor 
149925,Ki,7.01,97.72,CC1=CC(C)(C)Nc2ccc3c(c21)Cc1cc([N+](=O)[O-])c(F)cc1-3,OZWYSRUDBXCHMT-UHFFFAOYSA-N,CHEMBL328804,36,Progesterone receptor 
77142,Ki,7.08,84.0,C=C1C[C@H](C)C[C@@H](C)[C@@H]1Cc1cc(OC)c(Br)cc1O,XYMDPKIGECPIII-ZKYQVNSYSA-N,CHEMBL50454,36,Progesterone receptor 
167049,Ki,9.16,0.69,CC1=CC(C)(C)Nc2ccc3c(c21)C(c1cccc(F)c1)Oc1ccccc1-3,NVMMRAHFZTXRQY-UHFFFAOYSA-N,CHEMBL103237,36,Progesterone receptor 
1162055,Ki,7.28,53.0,CC(C)(C(=O)Nc1nncs1)[C@H]1c2ccccc2Oc2cc(O)ccc21,ZSMCHXGGQCKXMY-INIZCTEOSA-N,CHEMBL1800985,36,Progesterone receptor 
426148,Ki,7.99,8.2,Cc1cc(-c2cccc3cc[nH]c23)c(Cl)c2c1NC(C)(C)CC2C,ZAINQQRFGATLID-UHFFFAOYSA-N,CHEMBL258191,36,Progesterone receptor 
226650,Ki,8.31,4.9,CC1=CC(C)(C)Nc2ccc3c(c21)/C(=C/c1ccccc1)Oc1ccccc1-3,ZEZOALAOUQCQQW-HAHDFKILSA-N,CHEMBL134421,36,Progesterone receptor 
218669,Ki,9.15,0.71,CC1=CC(C)(C)Nc2ccc3c(c21)/C(=C/c1ccc(F)cc1)Oc1c(F)cccc1-3,DMQJLSXVZBXUEJ-XKZIYDEJSA-N,CHEMBL133117,36,Progesterone receptor 
226737,Ki,7.22,60.0,CC1=CC(C)(C)Nc2ccc3c(c21)/C(=C/c1ccc(Cl)cc1)Oc1ccccc1-3,LXQBMPWGJWJKRK-UCQKPKSFSA-N,CHEMBL136915,36,Progesterone receptor 
1162051,Ki,7.26,55.0,CC(C)(C(=O)Nc1nncs1)[C@@H](c1ccccc1)c1ccc(O)c(F)c1,HLRQXZBFIYYNOH-INIZCTEOSA-N,CHEMBL1800981,36,Progesterone receptor 
642202,Ki,8.31,0.4,CC1=CC(C)(C)Nc2ccc3c(c21)C(c1ccc(Cl)c(C)c1)Oc1ccc(F)cc1-3.O=S(=O)(O)O,UKLASWHQPHIUAG-UHFFFAOYSA-N,CHEMBL1160663,36,Progesterone receptor 
49844,Ki,8.46,3.5,CC1C(=O)C(C)(C)Nc2ccc3c(c21)/C(=C/c1cccc(F)c1)Oc1ccccc1-3,RUEYZSNXUIKMJQ-HMAPJEAMSA-N,CHEMBL34824,36,Progesterone receptor 
220761,Ki,8.145,6.2,Cc1cc(C#N)sc1-c1ccc2c(c1)C(C)CC(C)(C)N2,RSVKCRGCARHPAC-UHFFFAOYSA-N,CHEMBL134260,36,Progesterone receptor 
218999,Ki,7.34,45.5,CC1=CC(C)(C)Nc2ccc3c(c21)/C(=C/c1ccccc1C(F)(F)F)Oc1ccc(F)cc1-3,KRGHYOHPNZAIEO-FMCGGJTJSA-N,CHEMBL133124,36,Progesterone receptor 
219001,Ki,8.92,1.2,CC1=CC(C)(C)Nc2ccc3c(c21)/C(=C/c1ccccc1N(C)C)Oc1ccc(F)cc1-3,CWXNSHLNBNLSSS-QFEZKATASA-N,CHEMBL336353,36,Progesterone receptor 
1069944,Ki,9.08,0.834,CC[C@@H](C)n1cc(-c2ccc(C#N)cc2)c2ccc(NS(C)(=O)=O)cc21,QFRVNOIAPBNRJM-CQSZACIVSA-N,CHEMBL1672549,36,Progesterone receptor 
1958977,Ki,7.65,22.3,COc1cc(NS(C)(=O)=O)c2[nH]c(C)c(-c3cc(F)ccc3OC)c2c1,URYARKSTCIJGME-UHFFFAOYSA-N,CHEMBL3605924,36,Progesterone receptor 
167472,Ki,8.77,1.7,CC1=CC(C)(C)Nc2ccc3c(c21)C(c1cc(Cl)cc(Cl)c1)Oc1ccccc1-3,DTIMQMAYRMJPRM-UHFFFAOYSA-N,CHEMBL102541,36,Progesterone receptor 
644669,Ki,7.07,85.0,Cc1cccc(C(=O)CC(Nc2ccc([N+](=O)[O-])cc2)c2ccc(C(F)(F)F)cc2)c1,IZDODIODWAEILT-UHFFFAOYSA-N,CHEMBL1163812,36,Progesterone receptor 
101119,Ki,7.325,50.2,CC1=CC(C)(C)Nc2ccc3c(c21)COc1ccc(C)cc1-3,HMUFHZZKXUITHF-UHFFFAOYSA-N,CHEMBL294116,36,Progesterone receptor 
1958982,Ki,7.69,20.5,COc1cc(F)ccc1-c1c(C)[nH]c2c(NS(C)(=O)=O)cc(F)cc12,SAVAEFOXNWPFKB-UHFFFAOYSA-N,CHEMBL3605929,36,Progesterone receptor 
227056,Ki,8.68,2.1,CC1=CC(C)(C)Nc2ccc3c(c21)C(Cc1ccccc1)Oc1ccccc1-3,DVHGADYDUXNLKV-UHFFFAOYSA-N,CHEMBL138283,36,Progesterone receptor 
50050,Ki,9.15,0.7,CC1=CC(C)(C)Nc2ccc3c(c21)C(c1ccc(Cl)cc1)Oc1ccccc1-3,HTCMKQLSSZWFTP-UHFFFAOYSA-N,CHEMBL286595,36,Progesterone receptor 
172332,Ki,8.89,1.3,CC1=CC(C)(C)Nc2ccc3c(c21)C(c1ccc(F)c(C)c1)Oc1ccc(Cl)cc1-3,JSHHKDQSFNGJMA-UHFFFAOYSA-N,CHEMBL104347,36,Progesterone receptor 
1958987,Ki,7.54,29.0,CS(=O)(=O)Nc1cccc2c(-c3ccc(F)cc3)c[nH]c12,JXRAVTIDZDMHLO-UHFFFAOYSA-N,CHEMBL3605934,36,Progesterone receptor 
100977,Ki,7.91,12.3,CC1=CC(C)(C)Nc2ccc3c(c21)COc1c(F)cc(Br)cc1-3,OFRWAMYYBARBJR-UHFFFAOYSA-N,CHEMBL62761,36,Progesterone receptor 
1958986,Ki,7.07,86.0,COc1ccccc1-c1c[nH]c2c(NS(C)(=O)=O)cccc12,UTPNUAIWPWLJEC-UHFFFAOYSA-N,CHEMBL3605933,36,Progesterone receptor 
3324,Ki,7.47,34.0,C=CCC1Oc2ccc(Br)c(OC)c2-c2ccc3c(c21)C(C)=CC(C)(C)N3,MIPUTBSSNQTOCB-UHFFFAOYSA-N,CHEMBL8027,36,Progesterone receptor 
187962,Ki,8.73,1.87,C#C[C@]1(O)CC[C@H]2[C@@H]3CCC4=CC(=O)CC[C@@H]4[C@H]3CC[C@@]21C,VIKNJXKGJWUCNN-XGXHKTLJSA-N,CHEMBL1162,36,Progesterone receptor 
1581750,Ki,7.66,22.0,CC(C(=O)Nc1nncs1)[C@@H](c1ccccc1)c1ccc2c(cnn2-c2ccc(F)cc2)c1,ZWTCGJWGJMGWIM-KESSSICBSA-N,CHEMBL2426624,36,Progesterone receptor 
644639,Ki,7.33,47.0,O=C(CC(Nc1ccc([N+](=O)[O-])cc1)c1ccc(C(F)(F)F)cc1)c1cccc(F)c1,LDDUAEIPVYSOPP-UHFFFAOYSA-N,CHEMBL1163625,36,Progesterone receptor 
448264,Ki,8.32,4.8,CC1=CC(C)(C)Nc2ccc3c(c21)[C@H]([C@@H]1C=CCCC1)Oc1c(F)cc(F)cc1-3,NMWDBIDJPRRXIY-CMJOXMDJSA-N,CHEMBL510305,36,Progesterone receptor 
167770,Ki,8.64,2.3,CC1=CC(C)(C)Nc2ccc3c(c21)C(c1ccc(C)cc1)Oc1ccccc1-3,NTXRXSSTKKNELF-UHFFFAOYSA-N,CHEMBL102403,36,Progesterone receptor 
312157,Ki,9.41,0.39,C#C[C@]1(O)CC[C@H]2[C@@H]3CCC4=CC(=O)CCC4=C3[C@@H](c3ccc(N(C)CCNC(=O)OC4CC[C@]5(C)[C@H]6C[C@H](O)[C@@]7(C)[C@@H](CC[C@@H]7[C@H](C)CCC(=O)O)[C@@H]6[C@H](O)C[C@@H]5C4)cc3)C[C@@]21C,AFESNDPGXPZTOQ-MESGNEMJSA-N,CHEMBL266935,36,Progesterone receptor 
2990,Ki,8.12,7.6,C=CCC1Oc2ccc(O)c(Cl)c2-c2ccc3c(c21)C(C)=CC(C)(C)N3,CYBZSWXWFMWSAP-UHFFFAOYSA-N,CHEMBL273658,36,Progesterone receptor 
101149,Ki,8.165,3.6,CC1=CC(C)(C)Nc2ccc3c(c21)COc1ccc(Cl)cc1-3,GZULQASDNRKTNT-UHFFFAOYSA-N,CHEMBL64123,36,Progesterone receptor 
645128,Ki,7.12,75.0,N#Cc1ccc(C(=O)CC(Nc2ccc([N+](=O)[O-])cc2)c2ccsc2)cc1,YMBWIGXCZKHYQH-UHFFFAOYSA-N,CHEMBL1163602,36,Progesterone receptor 
77669,Ki,7.16,69.0,C=C1CCC[C@@H](C)[C@@H]1Cc1cc(OC)c(Br)cc1O,HXJXFIBSBUSEJX-DGCLKSJQSA-N,CHEMBL51788,36,Progesterone receptor 
1958972,Ki,7.19,64.2,COc1cc(F)ccc1-c1c(CN(C)Cc2ccccc2)[nH]c2c(NS(C)(=O)=O)cc(C(C)C)cc12,MFAGIEMFDDDLMT-UHFFFAOYSA-N,CHEMBL3605919,36,Progesterone receptor 
353121,Ki,7.30,50.12,O=[N+]([O-])c1ccc(C2=NN(S(=O)(=O)c3ccc(OC(F)(F)F)cc3)CCCC2)cc1,KGCQIOUZEREWDG-UHFFFAOYSA-N,CHEMBL212466,36,Progesterone receptor 
187045,Ki,9.06,0.87,CCCCC1Oc2ccc(Cl)cc2-c2ccc3c(c21)C(C)=CC(C)(C)N3,KJSHBZLXBZYVMR-UHFFFAOYSA-N,CHEMBL112987,36,Progesterone receptor 
218998,Ki,9.26,0.55,CC1=CC(C)(C)Nc2ccc3c(c21)/C(=C/c1ccccc1C)Oc1ccc(F)cc1-3,HMBNPWKLPBPJMY-CFRMEGHHSA-N,CHEMBL336736,36,Progesterone receptor 
77305,Ki,7.06,88.0,C=C1C=C(C)CC(C)(C)C1Cc1ccc2nonc2c1,TXUCEYPUSCJMMT-UHFFFAOYSA-N,CHEMBL50786,36,Progesterone receptor 
77443,Ki,7.01,98.0,COc1cc(CC2C(C)(C)CC(C)=CC23CC3)c(OC(C)=O)cc1Br,PMLKFXMDGNDNEI-UHFFFAOYSA-N,CHEMBL50849,36,Progesterone receptor 
187461,Ki,8.92,1.2,CCCCC1Oc2ccc(C)cc2-c2ccc3c(c21)C(C)=CC(C)(C)N3,YKQNBGVCIMLMLA-UHFFFAOYSA-N,CHEMBL114941,36,Progesterone receptor 
1069939,Ki,8.37,4.23,CCn1cc(-c2ccc(C#N)cc2)c2ccc(NS(C)(=O)=O)cc21,LSQKEQHYMWDEPS-UHFFFAOYSA-N,CHEMBL1672544,36,Progesterone receptor 
100605,Ki,8.20,6.3,CC1=CC(C)(C)Nc2ccc3c(c21)C(=C1SCCCS1)Oc1ccc(F)cc1-3,NTCBYBDADUSXSB-UHFFFAOYSA-N,CHEMBL65929,36,Progesterone receptor 
49881,Ki,7.78,16.6,C[C@@H]1C(=O)C(C)(C)Nc2ccc3c(c21)[C@H](c1cccc(C(F)(F)F)c1)Oc1ccccc1-3,FZORYLRILGENBG-PSLXWICFSA-N,CHEMBL36065,36,Progesterone receptor 
319159,Ki,7.65,19.95,C[C@H]1CN(S(=O)(=O)c2ccc(Cl)cc2)N=C1c1ccc(Cl)c(Cl)c1,YBMIUFPRKJPNPB-JTQLQIEISA-N,CHEMBL364712,36,Progesterone receptor 
187451,Ki,9.02,0.95,CCCCC1Oc2ccccc2-c2ccc3c(c21)C(C)=CC(C)(C)N3,ACXANRVNFDEJLV-UHFFFAOYSA-N,CHEMBL325221,36,Progesterone receptor 
312215,Ki,9.28,0.53,C#C[C@]1(O)CC[C@H]2[C@@H]3CCC4=CC(=O)CCC4=C3[C@@H](c3ccc(N(C)CCOC4CC[C@]5(C)[C@H]6C[C@H](O)[C@@]7(C)[C@@H](CC[C@@H]7[C@H](C)CCC(=O)NCCS(=O)(=O)O)[C@@H]6[C@H](O)C[C@@H]5C4)cc3)C[C@@]21C,SSWOCFCYROEANS-UPGCFDGXSA-N,CHEMBL407672,36,Progesterone receptor 
49963,Ki,9.08,0.83,CC1=CC(C)(C)Nc2ccc3c(c21)/C(=C/c1cccc(F)c1)Oc1ccccc1-3,OVIZCQBEPZRBDB-UCQKPKSFSA-N,CHEMBL32812,36,Progesterone receptor 
167852,Ki,8.06,8.8,CC(=O)c1ccc(C2Oc3ccccc3-c3ccc4c(c32)C(C)=CC(C)(C)N4)cc1,OMHHADZDFHTLHU-UHFFFAOYSA-N,CHEMBL320411,36,Progesterone receptor 
150421,Ki,7.59,25.5,CC1=CC(C)(C)Nc2cc3c(cc21)-c1c(F)cc(F)cc1C3O,TVLDOKOBXPYHMO-UHFFFAOYSA-N,CHEMBL316348,36,Progesterone receptor 
149844,Ki,7.06,87.0,CC1CC(C)(C)Nc2cc3c(cc21)-c1ccccc1C3,ZZUIZHCKMHXMMD-UHFFFAOYSA-N,CHEMBL93894,36,Progesterone receptor 
150099,Ki,8.46,3.467,CC1=CC(C)(C)Nc2cc3c(cc21)-c1ccc(F)cc1C3,PGWJVEGJPXEDLO-UHFFFAOYSA-N,CHEMBL92750,36,Progesterone receptor 
218718,Ki,8.33,4.7,CC1=CC(C)(C)Nc2ccc3c(c21)/C(=C/c1ccco1)Oc1ccc(F)cc1-3,DZATYSMEKYVDKI-MTJSOVHGSA-N,CHEMBL336169,36,Progesterone receptor 
644670,Ki,7.25,56.0,N#Cc1cccc(C(=O)CC(Nc2ccc([N+](=O)[O-])cc2)c2ccc(C(F)(F)F)cc2)c1,CCARZUVDBLMOLN-UHFFFAOYSA-N,CHEMBL1163822,36,Progesterone receptor 
220325,Ki,7.44,36.31,CC1=CC(C)(C)Nc2ccc(-c3c(C)sc(C#N)c3C)cc21,PPWIAXBZZBHOPE-UHFFFAOYSA-N,CHEMBL334890,36,Progesterone receptor 
